# Blender 4.3.2
# www.blender.org
mtllib docking_station.mtl
o dock_body
v 0.048000 0.022600 0.064500
v 0.048000 0.022600 0.064500
v 0.050000 0.022600 0.064500
v 0.050000 0.022600 0.064500
v 0.050000 0.022515 0.065428
v 0.050000 0.022515 0.065428
v 0.050000 0.022242 0.066377
v 0.050000 0.022242 0.066377
v 0.050000 0.021769 0.067291
v 0.050000 0.021769 0.067291
v 0.050000 0.021106 0.068106
v 0.050000 0.021106 0.068106
v 0.050000 0.020291 0.068769
v 0.050000 0.020291 0.068769
v 0.050000 0.019377 0.069242
v 0.050000 0.019377 0.069242
v 0.050000 0.018428 0.069515
v 0.050000 0.018428 0.069515
v 0.050000 0.017500 0.069600
v 0.050000 0.017500 0.069600
v 0.050000 0.016572 0.069515
v 0.050000 0.016572 0.069515
v 0.050000 0.015623 0.069242
v 0.050000 0.015623 0.069242
v 0.050000 0.014709 0.068769
v 0.050000 0.014709 0.068769
v 0.050000 0.013894 0.068106
v 0.050000 0.013894 0.068106
v 0.050000 0.013231 0.067291
v 0.050000 0.013231 0.067291
v 0.050000 0.012758 0.066377
v 0.050000 0.012758 0.066377
v 0.050000 0.012485 0.065428
v 0.050000 0.012485 0.065428
v 0.050000 0.012400 0.064500
v 0.050000 0.012400 0.064500
v 0.050000 0.012400 0.064500
v 0.048000 0.012400 0.064500
v 0.048000 0.012400 0.064500
v 0.048000 0.012400 0.064500
v 0.048000 0.012485 0.065428
v 0.048000 0.012485 0.065428
v 0.048000 0.012758 0.066377
v 0.048000 0.012758 0.066377
v 0.048000 0.013231 0.067291
v 0.048000 0.013231 0.067291
v 0.048000 0.013894 0.068106
v 0.048000 0.013894 0.068106
v 0.048000 0.014709 0.068769
v 0.048000 0.014709 0.068769
v 0.048000 0.015623 0.069242
v 0.048000 0.015623 0.069242
v 0.048000 0.016572 0.069515
v 0.048000 0.016572 0.069515
v 0.048000 0.017500 0.069600
v 0.048000 0.017500 0.069600
v 0.048000 0.018428 0.069515
v 0.048000 0.018428 0.069515
v 0.048000 0.019377 0.069242
v 0.048000 0.019377 0.069242
v 0.048000 0.020291 0.068769
v 0.048000 0.020291 0.068769
v 0.048000 0.021106 0.068106
v 0.048000 0.021106 0.068106
v 0.048000 0.021769 0.067291
v 0.048000 0.021769 0.067291
v 0.048000 0.022242 0.066377
v 0.048000 0.022242 0.066377
v 0.048000 0.022515 0.065428
v 0.048000 0.022515 0.065428
v 0.049000 0.022488 0.065564
v 0.049000 0.022127 0.066645
v 0.049000 0.021506 0.067656
v 0.049000 0.020656 0.068506
v 0.049000 0.019645 0.069127
v 0.049000 0.018564 0.069488
v 0.049000 0.017500 0.069600
v 0.049000 0.016436 0.069488
v 0.049000 0.015623 0.069242
v 0.049000 0.014835 0.068848
v 0.049000 0.014113 0.068313
v 0.049000 0.013494 0.067656
v 0.049000 0.013004 0.066908
v 0.049000 0.012660 0.066107
v 0.049000 0.012462 0.065293
v 0.048000 -0.012400 0.064500
v 0.048000 -0.012400 0.064500
v 0.050000 -0.012400 0.064500
v 0.050000 -0.012400 0.064500
v 0.050000 -0.012485 0.065428
v 0.050000 -0.012485 0.065428
v 0.050000 -0.012758 0.066377
v 0.050000 -0.012758 0.066377
v 0.050000 -0.013231 0.067291
v 0.050000 -0.013231 0.067291
v 0.050000 -0.013894 0.068106
v 0.050000 -0.013894 0.068106
v 0.050000 -0.014709 0.068769
v 0.050000 -0.014709 0.068769
v 0.050000 -0.015623 0.069242
v 0.050000 -0.015623 0.069242
v 0.050000 -0.016572 0.069515
v 0.050000 -0.016572 0.069515
v 0.050000 -0.017500 0.069600
v 0.050000 -0.017500 0.069600
v 0.050000 -0.018428 0.069515
v 0.050000 -0.018428 0.069515
v 0.050000 -0.019377 0.069242
v 0.050000 -0.019377 0.069242
v 0.050000 -0.020291 0.068769
v 0.050000 -0.020291 0.068769
v 0.050000 -0.021106 0.068106
v 0.050000 -0.021106 0.068106
v 0.050000 -0.021769 0.067291
v 0.050000 -0.021769 0.067291
v 0.050000 -0.022242 0.066377
v 0.050000 -0.022242 0.066377
v 0.050000 -0.022515 0.065428
v 0.050000 -0.022515 0.065428
v 0.050000 -0.022600 0.064500
v 0.050000 -0.022600 0.064500
v 0.050000 -0.022600 0.064500
v 0.048000 -0.022600 0.064500
v 0.048000 -0.022600 0.064500
v 0.048000 -0.022600 0.064500
v 0.048000 -0.022515 0.065428
v 0.048000 -0.022515 0.065428
v 0.048000 -0.022242 0.066377
v 0.048000 -0.022242 0.066377
v 0.048000 -0.021769 0.067291
v 0.048000 -0.021769 0.067291
v 0.048000 -0.021106 0.068106
v 0.048000 -0.021106 0.068106
v 0.048000 -0.020291 0.068769
v 0.048000 -0.020291 0.068769
v 0.048000 -0.019377 0.069242
v 0.048000 -0.019377 0.069242
v 0.048000 -0.018428 0.069515
v 0.048000 -0.018428 0.069515
v 0.048000 -0.017500 0.069600
v 0.048000 -0.017500 0.069600
v 0.048000 -0.016572 0.069515
v 0.048000 -0.016572 0.069515
v 0.048000 -0.015623 0.069242
v 0.048000 -0.015623 0.069242
v 0.048000 -0.014709 0.068769
v 0.048000 -0.014709 0.068769
v 0.048000 -0.013894 0.068106
v 0.048000 -0.013894 0.068106
v 0.048000 -0.013231 0.067291
v 0.048000 -0.013231 0.067291
v 0.048000 -0.012758 0.066377
v 0.048000 -0.012758 0.066377
v 0.048000 -0.012485 0.065428
v 0.048000 -0.012485 0.065428
v 0.049000 -0.012512 0.065564
v 0.049000 -0.012873 0.066645
v 0.049000 -0.013494 0.067656
v 0.049000 -0.014344 0.068506
v 0.049000 -0.015355 0.069127
v 0.049000 -0.016436 0.069488
v 0.049000 -0.017500 0.069600
v 0.049000 -0.018564 0.069488
v 0.049000 -0.019377 0.069242
v 0.049000 -0.020165 0.068848
v 0.049000 -0.020887 0.068313
v 0.049000 -0.021506 0.067656
v 0.049000 -0.021996 0.066908
v 0.049000 -0.022340 0.066107
v 0.049000 -0.022538 0.065293
v 0.048000 -0.012485 0.063572
v 0.048000 -0.012485 0.063572
v 0.048000 -0.012758 0.062623
v 0.048000 -0.012758 0.062623
v 0.048000 -0.013231 0.061709
v 0.048000 -0.013231 0.061709
v 0.048000 -0.013894 0.060894
v 0.048000 -0.013894 0.060894
v 0.048000 -0.014709 0.060231
v 0.048000 -0.014709 0.060231
v 0.048000 -0.015623 0.059758
v 0.048000 -0.015623 0.059758
v 0.048000 -0.016572 0.059485
v 0.048000 -0.016572 0.059485
v 0.048000 -0.017500 0.059400
v 0.048000 -0.017500 0.059400
v 0.048000 -0.018428 0.059485
v 0.048000 -0.018428 0.059485
v 0.048000 -0.019377 0.059758
v 0.048000 -0.019377 0.059758
v 0.048000 -0.020291 0.060231
v 0.048000 -0.020291 0.060231
v 0.048000 -0.021106 0.060894
v 0.048000 -0.021106 0.060894
v 0.048000 -0.021769 0.061709
v 0.048000 -0.021769 0.061709
v 0.048000 -0.022242 0.062623
v 0.048000 -0.022242 0.062623
v 0.048000 -0.022515 0.063572
v 0.048000 -0.022515 0.063572
v 0.050000 -0.022515 0.063572
v 0.050000 -0.022515 0.063572
v 0.050000 -0.022242 0.062623
v 0.050000 -0.022242 0.062623
v 0.050000 -0.021769 0.061709
v 0.050000 -0.021769 0.061709
v 0.050000 -0.021106 0.060894
v 0.050000 -0.021106 0.060894
v 0.050000 -0.020291 0.060231
v 0.050000 -0.020291 0.060231
v 0.050000 -0.019377 0.059758
v 0.050000 -0.019377 0.059758
v 0.050000 -0.018428 0.059485
v 0.050000 -0.018428 0.059485
v 0.050000 -0.017500 0.059400
v 0.050000 -0.017500 0.059400
v 0.050000 -0.016572 0.059485
v 0.050000 -0.016572 0.059485
v 0.050000 -0.015623 0.059758
v 0.050000 -0.015623 0.059758
v 0.050000 -0.014709 0.060231
v 0.050000 -0.014709 0.060231
v 0.050000 -0.013894 0.060894
v 0.050000 -0.013894 0.060894
v 0.050000 -0.013231 0.061709
v 0.050000 -0.013231 0.061709
v 0.050000 -0.012758 0.062623
v 0.050000 -0.012758 0.062623
v 0.050000 -0.012485 0.063572
v 0.050000 -0.012485 0.063572
v 0.049000 -0.012660 0.062893
v 0.049000 -0.012462 0.063707
v 0.049000 -0.013004 0.062092
v 0.049000 -0.013494 0.061344
v 0.049000 -0.014113 0.060687
v 0.049000 -0.014835 0.060152
v 0.049000 -0.015623 0.059758
v 0.049000 -0.016436 0.059512
v 0.049000 -0.017500 0.059400
v 0.049000 -0.018564 0.059512
v 0.049000 -0.019645 0.059873
v 0.049000 -0.020656 0.060494
v 0.049000 -0.021506 0.061344
v 0.049000 -0.022127 0.062355
v 0.049000 -0.022488 0.063437
v 0.048000 0.022515 0.063572
v 0.048000 0.022515 0.063572
v 0.048000 0.022242 0.062623
v 0.048000 0.022242 0.062623
v 0.048000 0.021769 0.061709
v 0.048000 0.021769 0.061709
v 0.048000 0.021106 0.060894
v 0.048000 0.021106 0.060894
v 0.048000 0.020291 0.060231
v 0.048000 0.020291 0.060231
v 0.048000 0.019377 0.059758
v 0.048000 0.019377 0.059758
v 0.048000 0.018428 0.059485
v 0.048000 0.018428 0.059485
v 0.048000 0.017500 0.059400
v 0.048000 0.017500 0.059400
v 0.048000 0.016572 0.059485
v 0.048000 0.016572 0.059485
v 0.048000 0.015623 0.059758
v 0.048000 0.015623 0.059758
v 0.048000 0.014709 0.060231
v 0.048000 0.014709 0.060231
v 0.048000 0.013894 0.060894
v 0.048000 0.013894 0.060894
v 0.048000 0.013231 0.061709
v 0.048000 0.013231 0.061709
v 0.048000 0.012758 0.062623
v 0.048000 0.012758 0.062623
v 0.048000 0.012485 0.063572
v 0.048000 0.012485 0.063572
v 0.050000 0.012485 0.063572
v 0.050000 0.012485 0.063572
v 0.050000 0.012758 0.062623
v 0.050000 0.012758 0.062623
v 0.050000 0.013231 0.061709
v 0.050000 0.013231 0.061709
v 0.050000 0.013894 0.060894
v 0.050000 0.013894 0.060894
v 0.050000 0.014709 0.060231
v 0.050000 0.014709 0.060231
v 0.050000 0.015623 0.059758
v 0.050000 0.015623 0.059758
v 0.050000 0.016572 0.059485
v 0.050000 0.016572 0.059485
v 0.050000 0.017500 0.059400
v 0.050000 0.017500 0.059400
v 0.050000 0.018428 0.059485
v 0.050000 0.018428 0.059485
v 0.050000 0.019377 0.059758
v 0.050000 0.019377 0.059758
v 0.050000 0.020291 0.060231
v 0.050000 0.020291 0.060231
v 0.050000 0.021106 0.060894
v 0.050000 0.021106 0.060894
v 0.050000 0.021769 0.061709
v 0.050000 0.021769 0.061709
v 0.050000 0.022242 0.062623
v 0.050000 0.022242 0.062623
v 0.050000 0.022515 0.063572
v 0.050000 0.022515 0.063572
v 0.049000 0.022340 0.062893
v 0.049000 0.022538 0.063707
v 0.049000 0.021996 0.062092
v 0.049000 0.021506 0.061344
v 0.049000 0.020887 0.060687
v 0.049000 0.020165 0.060152
v 0.049000 0.019377 0.059758
v 0.049000 0.018564 0.059512
v 0.049000 0.017500 0.059400
v 0.049000 0.016436 0.059512
v 0.049000 0.015355 0.059873
v 0.049000 0.014344 0.060494
v 0.049000 0.013494 0.061344
v 0.049000 0.012873 0.062355
v 0.049000 0.012512 0.063437
v 0.047000 -0.061708 0.209500
v 0.047000 -0.061708 0.209500
v 0.047000 -0.061708 0.209500
v 0.047000 -0.061708 0.085500
v 0.047000 -0.061708 0.085500
v 0.047000 -0.061708 0.085500
v 0.047749 -0.058391 0.085500
v 0.047749 -0.058391 0.085500
v 0.048000 -0.055000 0.085500
v 0.048000 -0.055000 0.085500
v 0.048000 -0.055000 0.085500
v 0.048000 -0.055000 0.000000
v 0.048000 -0.055000 0.000000
v 0.048000 -0.055000 0.000000
v 0.047616 -0.059185 0.000000
v 0.047616 -0.059185 0.000000
v 0.046385 -0.063466 0.000000
v 0.046385 -0.063466 0.000000
v 0.044251 -0.067586 0.000000
v 0.044251 -0.067586 0.000000
v 0.041263 -0.071263 0.000000
v 0.041263 -0.071263 0.000000
v 0.037586 -0.074251 0.000000
v 0.037586 -0.074251 0.000000
v 0.033466 -0.076385 0.000000
v 0.033466 -0.076385 0.000000
v 0.029185 -0.077616 0.000000
v 0.029185 -0.077616 0.000000
v 0.025000 -0.078000 0.000000
v 0.025000 -0.078000 0.000000
v 0.020815 -0.077616 0.000000
v 0.020815 -0.077616 0.000000
v 0.016534 -0.076385 0.000000
v 0.016534 -0.076385 0.000000
v 0.012414 -0.074251 0.000000
v 0.012414 -0.074251 0.000000
v 0.008737 -0.071263 0.000000
v 0.008737 -0.071263 0.000000
v 0.005749 -0.067586 0.000000
v 0.005749 -0.067586 0.000000
v 0.003615 -0.063466 0.000000
v 0.003615 -0.063466 0.000000
v 0.002384 -0.059185 0.000000
v 0.002384 -0.059185 0.000000
v 0.002000 -0.055000 0.000000
v 0.002000 -0.055000 0.000000
v 0.002000 -0.055000 0.000000
v 0.002000 -0.055000 0.210500
v 0.002000 -0.055000 0.210500
v 0.002000 -0.055000 0.210500
v 0.002384 -0.059185 0.210500
v 0.002384 -0.059185 0.210500
v 0.003615 -0.063466 0.210500
v 0.003615 -0.063466 0.210500
v 0.005749 -0.067586 0.210500
v 0.005749 -0.067586 0.210500
v 0.008737 -0.071263 0.210500
v 0.008737 -0.071263 0.210500
v 0.012414 -0.074251 0.210500
v 0.012414 -0.074251 0.210500
v 0.016534 -0.076385 0.210500
v 0.016534 -0.076385 0.210500
v 0.020815 -0.077616 0.210500
v 0.020815 -0.077616 0.210500
v 0.025000 -0.078000 0.210500
v 0.025000 -0.078000 0.210500
v 0.029185 -0.077616 0.210500
v 0.029185 -0.077616 0.210500
v 0.033466 -0.076385 0.210500
v 0.033466 -0.076385 0.210500
v 0.037586 -0.074251 0.210500
v 0.037586 -0.074251 0.210500
v 0.041263 -0.071263 0.210500
v 0.041263 -0.071263 0.210500
v 0.044251 -0.067586 0.210500
v 0.044251 -0.067586 0.210500
v 0.046385 -0.063466 0.210500
v 0.046385 -0.063466 0.210500
v 0.047616 -0.059185 0.210500
v 0.047616 -0.059185 0.210500
v 0.048000 -0.055000 0.210500
v 0.048000 -0.055000 0.210500
v 0.048000 -0.055000 0.210500
v 0.048000 -0.055000 0.209500
v 0.048000 -0.055000 0.209500
v 0.048000 -0.055000 0.209500
v 0.047749 -0.058391 0.209500
v 0.047749 -0.058391 0.209500
v 0.045868 -0.064672 0.105250
v 0.043068 -0.069232 0.105250
v 0.039232 -0.073068 0.105250
v 0.034672 -0.075868 0.105250
v 0.029796 -0.077494 0.105250
v 0.025000 -0.078000 0.105250
v 0.020204 -0.077494 0.105250
v 0.016534 -0.076385 0.105250
v 0.012982 -0.074610 0.105250
v 0.009726 -0.072197 0.105250
v 0.006932 -0.069232 0.105250
v 0.004724 -0.065858 0.105250
v 0.003172 -0.062247 0.105250
v 0.002280 -0.058576 0.105250
v 0.047000 0.061708 0.209500
v 0.047000 0.061708 0.209500
v 0.047000 0.061708 0.209500
v 0.047000 0.061708 0.085500
v 0.047000 0.061708 0.085500
v 0.047000 0.061708 0.085500
v 0.047000 -0.000000 0.147500
v 0.048000 0.055000 0.209500
v 0.048000 0.055000 0.209500
v 0.048000 0.055000 0.209500
v 0.047749 0.058391 0.209500
v 0.047749 0.058391 0.209500
v 0.047500 -0.000000 0.209500
v 0.047749 0.058391 0.085500
v 0.047749 0.058391 0.085500
v 0.048000 0.055000 0.085500
v 0.048000 0.055000 0.085500
v 0.048000 0.055000 0.085500
v 0.047500 0.000000 0.085500
v 0.048000 0.055000 0.000000
v 0.048000 0.055000 0.000000
v 0.048000 0.055000 0.000000
v 0.048000 0.000000 0.042750
v 0.048000 0.000000 0.059400
v 0.048000 0.055000 0.210500
v 0.048000 0.055000 0.210500
v 0.048000 0.055000 0.210500
v 0.048000 0.000000 0.210000
v 0.047616 0.059185 0.210500
v 0.047616 0.059185 0.210500
v 0.046385 0.063466 0.210500
v 0.046385 0.063466 0.210500
v 0.044251 0.067586 0.210500
v 0.044251 0.067586 0.210500
v 0.041263 0.071263 0.210500
v 0.041263 0.071263 0.210500
v 0.037586 0.074251 0.210500
v 0.037586 0.074251 0.210500
v 0.033466 0.076385 0.210500
v 0.033466 0.076385 0.210500
v 0.029185 0.077616 0.210500
v 0.029185 0.077616 0.210500
v 0.025000 0.078000 0.210500
v 0.025000 0.078000 0.210500
v 0.020815 0.077616 0.210500
v 0.020815 0.077616 0.210500
v 0.016534 0.076385 0.210500
v 0.016534 0.076385 0.210500
v 0.012414 0.074251 0.210500
v 0.012414 0.074251 0.210500
v 0.008737 0.071263 0.210500
v 0.008737 0.071263 0.210500
v 0.005749 0.067586 0.210500
v 0.005749 0.067586 0.210500
v 0.003615 0.063466 0.210500
v 0.003615 0.063466 0.210500
v 0.002384 0.059185 0.210500
v 0.002384 0.059185 0.210500
v 0.002000 0.055000 0.210500
v 0.002000 0.055000 0.210500
v 0.002000 0.055000 0.210500
v 0.002000 0.055000 0.000000
v 0.002000 0.055000 0.000000
v 0.002000 0.055000 0.000000
v 0.002384 0.059185 0.000000
v 0.002384 0.059185 0.000000
v 0.003615 0.063466 0.000000
v 0.003615 0.063466 0.000000
v 0.005749 0.067586 0.000000
v 0.005749 0.067586 0.000000
v 0.008737 0.071263 0.000000
v 0.008737 0.071263 0.000000
v 0.012414 0.074251 0.000000
v 0.012414 0.074251 0.000000
v 0.016534 0.076385 0.000000
v 0.016534 0.076385 0.000000
v 0.020815 0.077616 0.000000
v 0.020815 0.077616 0.000000
v 0.025000 0.078000 0.000000
v 0.025000 0.078000 0.000000
v 0.029185 0.077616 0.000000
v 0.029185 0.077616 0.000000
v 0.033466 0.076385 0.000000
v 0.033466 0.076385 0.000000
v 0.037586 0.074251 0.000000
v 0.037586 0.074251 0.000000
v 0.041263 0.071263 0.000000
v 0.041263 0.071263 0.000000
v 0.044251 0.067586 0.000000
v 0.044251 0.067586 0.000000
v 0.046385 0.063466 0.000000
v 0.046385 0.063466 0.000000
v 0.047616 0.059185 0.000000
v 0.047616 0.059185 0.000000
v 0.045276 0.065858 0.105250
v 0.046828 0.062247 0.105250
v 0.043068 0.069232 0.105250
v 0.040273 0.072197 0.105250
v 0.037018 0.074610 0.105250
v 0.033466 0.076385 0.105250
v 0.029796 0.077494 0.105250
v 0.025000 0.078000 0.105250
v 0.020204 0.077494 0.105250
v 0.015328 0.075868 0.105250
v 0.010768 0.073068 0.105250
v 0.006932 0.069232 0.105250
v 0.004132 0.064672 0.105250
v 0.002506 0.059796 0.105250
v 0.002000 0.000000 0.105250
v 0.025000 -0.000000 0.210500
v 0.050000 -0.055000 0.207500
v 0.050000 -0.055000 0.207500
v 0.050000 -0.055000 0.207500
v 0.049495 -0.060000 0.207500
v 0.049495 -0.060000 0.207500
v 0.049495 -0.060000 0.207500
v 0.049000 -0.060000 0.207500
v 0.049000 -0.060000 0.207500
v 0.049000 -0.060000 0.207500
v 0.049000 0.060000 0.207500
v 0.049000 0.060000 0.207500
v 0.049000 0.060000 0.207500
v 0.049495 0.060000 0.207500
v 0.049495 0.060000 0.207500
v 0.049495 0.060000 0.207500
v 0.050000 0.055000 0.207500
v 0.050000 0.055000 0.207500
v 0.050000 0.055000 0.207500
v 0.049500 -0.000000 0.207500
v 0.049495 0.060000 0.087500
v 0.049495 0.060000 0.087500
v 0.049495 0.060000 0.087500
v 0.049000 0.060000 0.087500
v 0.049000 0.060000 0.087500
v 0.049000 0.060000 0.087500
v 0.049247 0.060000 0.147500
v 0.049495 -0.060000 0.087500
v 0.049495 -0.060000 0.087500
v 0.049495 -0.060000 0.087500
v 0.049000 -0.060000 0.087500
v 0.049000 -0.060000 0.087500
v 0.049000 -0.060000 0.087500
v 0.049247 -0.060000 0.147500
v 0.050000 -0.055000 0.087500
v 0.050000 -0.055000 0.087500
v 0.050000 -0.055000 0.087500
v 0.050000 0.055000 0.087500
v 0.050000 0.055000 0.087500
v 0.050000 0.055000 0.087500
v 0.049500 0.000000 0.087500
v 0.049000 0.000000 0.147500
v 0.050000 -0.055000 0.000000
v 0.050000 -0.055000 0.000000
v 0.050000 -0.055000 0.000000
v 0.050000 0.055000 0.000000
v 0.050000 0.055000 0.000000
v 0.050000 0.055000 0.000000
v 0.050000 0.000000 0.043750
v 0.050000 0.000000 0.059400
v 0.050000 0.055000 0.212500
v 0.050000 0.055000 0.212500
v 0.050000 0.055000 0.212500
v 0.050000 -0.055000 0.212500
v 0.050000 -0.055000 0.212500
v 0.050000 -0.055000 0.212500
v 0.050000 0.000000 0.210000
v 0.049583 0.059549 0.000000
v 0.049583 0.059549 0.000000
v 0.048245 0.064202 0.000000
v 0.048245 0.064202 0.000000
v 0.045925 0.068680 0.000000
v 0.045925 0.068680 0.000000
v 0.042678 0.072678 0.000000
v 0.042678 0.072678 0.000000
v 0.038680 0.075925 0.000000
v 0.038680 0.075925 0.000000
v 0.034202 0.078245 0.000000
v 0.034202 0.078245 0.000000
v 0.029549 0.079583 0.000000
v 0.029549 0.079583 0.000000
v 0.025000 0.080000 0.000000
v 0.025000 0.080000 0.000000
v 0.020451 0.079583 0.000000
v 0.020451 0.079583 0.000000
v 0.015798 0.078245 0.000000
v 0.015798 0.078245 0.000000
v 0.011320 0.075925 0.000000
v 0.011320 0.075925 0.000000
v 0.007322 0.072678 0.000000
v 0.007322 0.072678 0.000000
v 0.004075 0.068680 0.000000
v 0.004075 0.068680 0.000000
v 0.001755 0.064202 0.000000
v 0.001755 0.064202 0.000000
v 0.000417 0.059549 0.000000
v 0.000417 0.059549 0.000000
v -0.000000 0.055000 0.000000
v -0.000000 0.055000 0.000000
v -0.000000 0.055000 0.000000
v -0.000000 0.055000 0.212500
v -0.000000 0.055000 0.212500
v -0.000000 0.055000 0.212500
v 0.000417 0.059549 0.212500
v 0.000417 0.059549 0.212500
v 0.001755 0.064202 0.212500
v 0.001755 0.064202 0.212500
v 0.004075 0.068680 0.212500
v 0.004075 0.068680 0.212500
v 0.007322 0.072678 0.212500
v 0.007322 0.072678 0.212500
v 0.011320 0.075925 0.212500
v 0.011320 0.075925 0.212500
v 0.015798 0.078245 0.212500
v 0.015798 0.078245 0.212500
v 0.020451 0.079583 0.212500
v 0.020451 0.079583 0.212500
v 0.025000 0.080000 0.212500
v 0.025000 0.080000 0.212500
v 0.029549 0.079583 0.212500
v 0.029549 0.079583 0.212500
v 0.034202 0.078245 0.212500
v 0.034202 0.078245 0.212500
v 0.038680 0.075925 0.212500
v 0.038680 0.075925 0.212500
v 0.042678 0.072678 0.212500
v 0.042678 0.072678 0.212500
v 0.045925 0.068680 0.212500
v 0.045925 0.068680 0.212500
v 0.048245 0.064202 0.212500
v 0.048245 0.064202 0.212500
v 0.049583 0.059549 0.212500
v 0.049583 0.059549 0.212500
v 0.047039 0.066802 0.106250
v 0.048726 0.062878 0.106250
v 0.044639 0.070470 0.106250
v 0.041602 0.073692 0.106250
v 0.038063 0.076316 0.106250
v 0.034202 0.078245 0.106250
v 0.030213 0.079450 0.106250
v 0.025000 0.080000 0.106250
v 0.019787 0.079450 0.106250
v 0.014487 0.077682 0.106250
v 0.009530 0.074639 0.106250
v 0.005361 0.070470 0.106250
v 0.002318 0.065513 0.106250
v 0.000550 0.060213 0.106250
v 0.049583 -0.059549 0.000000
v 0.049583 -0.059549 0.000000
v 0.048245 -0.064202 0.000000
v 0.048245 -0.064202 0.000000
v 0.045925 -0.068680 0.000000
v 0.045925 -0.068680 0.000000
v 0.042678 -0.072678 0.000000
v 0.042678 -0.072678 0.000000
v 0.038680 -0.075925 0.000000
v 0.038680 -0.075925 0.000000
v 0.034202 -0.078245 0.000000
v 0.034202 -0.078245 0.000000
v 0.029549 -0.079583 0.000000
v 0.029549 -0.079583 0.000000
v 0.025000 -0.080000 0.000000
v 0.025000 -0.080000 0.000000
v 0.020451 -0.079583 0.000000
v 0.020451 -0.079583 0.000000
v 0.015798 -0.078245 0.000000
v 0.015798 -0.078245 0.000000
v 0.011320 -0.075925 0.000000
v 0.011320 -0.075925 0.000000
v 0.007322 -0.072678 0.000000
v 0.007322 -0.072678 0.000000
v 0.004075 -0.068680 0.000000
v 0.004075 -0.068680 0.000000
v 0.001755 -0.064202 0.000000
v 0.001755 -0.064202 0.000000
v 0.000417 -0.059549 0.000000
v 0.000417 -0.059549 0.000000
v -0.000000 -0.055000 0.000000
v -0.000000 -0.055000 0.000000
v -0.000000 -0.055000 0.000000
v -0.000000 -0.055000 0.212500
v -0.000000 -0.055000 0.212500
v -0.000000 -0.055000 0.212500
v -0.000000 0.000000 0.106250
v 0.049583 -0.059549 0.212500
v 0.049583 -0.059549 0.212500
v 0.048245 -0.064202 0.212500
v 0.048245 -0.064202 0.212500
v 0.045925 -0.068680 0.212500
v 0.045925 -0.068680 0.212500
v 0.042678 -0.072678 0.212500
v 0.042678 -0.072678 0.212500
v 0.038680 -0.075925 0.212500
v 0.038680 -0.075925 0.212500
v 0.034202 -0.078245 0.212500
v 0.034202 -0.078245 0.212500
v 0.029549 -0.079583 0.212500
v 0.029549 -0.079583 0.212500
v 0.025000 -0.080000 0.212500
v 0.025000 -0.080000 0.212500
v 0.020451 -0.079583 0.212500
v 0.020451 -0.079583 0.212500
v 0.015798 -0.078245 0.212500
v 0.015798 -0.078245 0.212500
v 0.011320 -0.075925 0.212500
v 0.011320 -0.075925 0.212500
v 0.007322 -0.072678 0.212500
v 0.007322 -0.072678 0.212500
v 0.004075 -0.068680 0.212500
v 0.004075 -0.068680 0.212500
v 0.001755 -0.064202 0.212500
v 0.001755 -0.064202 0.212500
v 0.000417 -0.059549 0.212500
v 0.000417 -0.059549 0.212500
v 0.049450 -0.060213 0.106250
v 0.047682 -0.065513 0.106250
v 0.044639 -0.070470 0.106250
v 0.040469 -0.074639 0.106250
v 0.035513 -0.077682 0.106250
v 0.030213 -0.079450 0.106250
v 0.025000 -0.080000 0.106250
v 0.019787 -0.079450 0.106250
v 0.015798 -0.078245 0.106250
v 0.011937 -0.076316 0.106250
v 0.008398 -0.073692 0.106250
v 0.005361 -0.070470 0.106250
v 0.002961 -0.066802 0.106250
v 0.001274 -0.062878 0.106250
v 0.000304 -0.058887 0.106250
v 0.025000 0.000000 0.212500
vn -0.0000 -1.0000 -0.0000
vn -0.0000 -0.9833 -0.1820
vn -0.0000 -0.9780 -0.2085
vn -0.0000 -0.9298 -0.3681
vn -0.0000 -0.9073 -0.4205
vn -0.0000 -0.8370 -0.5472
vn -0.0000 -0.7856 -0.6188
vn -0.0000 -0.7071 -0.7071
vn -0.0000 -0.6191 -0.7853
vn -0.0000 -0.5472 -0.8370
vn -0.0000 -0.4205 -0.9073
vn -0.0000 -0.3681 -0.9298
vn -0.0000 -0.2085 -0.9780
vn -0.0000 -0.1819 -0.9833
vn -0.0000 -0.0000 -1.0000
vn -0.0000 0.1819 -0.9833
vn -0.0000 0.2086 -0.9780
vn -0.0000 0.3681 -0.9298
vn -0.0000 0.5225 -0.8526
vn -0.0000 0.5472 -0.8370
vn -0.0000 0.6641 -0.7477
vn -0.0000 0.7071 -0.7071
vn -0.0000 0.7855 -0.6189
vn -0.0000 0.8370 -0.5472
vn -0.0000 0.8817 -0.4718
vn -0.0000 0.9298 -0.3681
vn -0.0000 0.9491 -0.3151
vn -0.0000 0.9833 -0.1820
vn -0.0000 0.9878 -0.1555
vn -0.0000 1.0000 -0.0000
vn -0.0000 -0.9833 -0.1819
vn -0.0000 -0.9780 -0.2086
vn -0.0000 -0.7854 -0.6189
vn -0.0000 -0.6189 -0.7855
vn -0.0000 0.9879 -0.1554
vn -0.0000 -0.9833 0.1820
vn -0.0000 -0.9878 0.1555
vn -0.0000 -0.9491 0.3151
vn -0.0000 -0.9298 0.3681
vn -0.0000 -0.8817 0.4718
vn -0.0000 -0.8370 0.5472
vn -0.0000 -0.7855 0.6189
vn -0.0000 -0.7071 0.7071
vn -0.0000 -0.6641 0.7477
vn -0.0000 -0.5472 0.8370
vn -0.0000 -0.5225 0.8526
vn -0.0000 -0.3681 0.9298
vn -0.0000 -0.2086 0.9780
vn -0.0000 -0.1819 0.9833
vn -0.0000 -0.0000 1.0000
vn -0.0000 0.1819 0.9833
vn -0.0000 0.2085 0.9780
vn -0.0000 0.3681 0.9298
vn -0.0000 0.4205 0.9073
vn -0.0000 0.5472 0.8370
vn -0.0000 0.6189 0.7855
vn -0.0000 0.7071 0.7071
vn -0.0000 0.7854 0.6189
vn -0.0000 0.8370 0.5472
vn -0.0000 0.9073 0.4205
vn -0.0000 0.9298 0.3681
vn -0.0000 0.9780 0.2086
vn -0.0000 0.9833 0.1820
vn -0.0000 0.9833 0.1819
vn -0.9565 0.2917 -0.0000
vn -0.9298 0.3681 -0.0000
vn -0.9833 0.1820 -0.0000
vn -0.9891 0.1474 -0.0000
vn -1.0000 -0.0000 -0.0000
vn -0.9891 0.1473 -0.0003
vn -0.9073 0.4205 -0.0000
vn -0.8370 0.5472 -0.0000
vn -0.7855 0.6189 -0.0000
vn -0.7071 0.7071 -0.0000
vn -0.6188 0.7855 -0.0000
vn -0.5472 0.8370 -0.0000
vn -0.4206 0.9072 -0.0000
vn -0.3681 0.9298 -0.0000
vn -0.2087 0.9780 -0.0000
vn -0.1821 0.9833 -0.0000
vn 0.1821 0.9833 -0.0000
vn -1.0000 -0.0000 0.0007
vn 0.2085 0.9780 -0.0000
vn 0.3681 0.9298 -0.0000
vn 0.5226 0.8526 -0.0000
vn 0.5472 0.8370 -0.0000
vn 0.6642 0.7476 -0.0000
vn 0.7071 0.7071 -0.0002
vn 0.7853 0.6192 -0.0000
vn 0.8370 0.5472 -0.0000
vn 0.8814 0.4724 -0.0000
vn 0.9298 0.3681 -0.0000
vn 0.9491 0.3151 -0.0000
vn 0.9833 0.1820 -0.0000
vn 0.9878 0.1555 -0.0000
vn 1.0000 -0.0000 -0.0004
vn 1.0000 -0.0000 -0.0000
vn 0.9833 0.1821 -0.0000
vn 0.7071 0.7071 0.0002
vn 0.1820 0.9833 -0.0000
vn -0.1820 0.9833 -0.0000
vn -0.8370 0.5472 0.0001
vn -0.0001 -0.0000 1.0000
vn -0.9891 -0.1473 -0.0003
vn -0.9833 -0.1820 -0.0000
vn -0.9565 -0.2917 -0.0000
vn -0.9298 -0.3681 -0.0000
vn -0.9491 -0.3151 -0.0000
vn -0.8814 -0.4724 -0.0000
vn -0.8370 -0.5472 -0.0000
vn -0.9833 -0.1819 -0.0000
vn -0.9891 -0.1474 -0.0000
vn -0.7853 -0.6192 -0.0000
vn -0.7071 -0.7071 -0.0002
vn -0.6638 -0.7479 -0.0000
vn -0.5472 -0.8370 -0.0000
vn -0.5226 -0.8526 -0.0000
vn -0.3681 -0.9298 -0.0000
vn -0.2085 -0.9780 -0.0000
vn -0.1821 -0.9833 -0.0000
vn 0.1821 -0.9833 -0.0000
vn 0.2085 -0.9780 -0.0000
vn 0.3681 -0.9298 -0.0000
vn 0.4205 -0.9073 -0.0000
vn 0.5472 -0.8370 -0.0000
vn 0.6190 -0.7854 -0.0000
vn 0.7071 -0.7071 -0.0000
vn 0.7855 -0.6188 -0.0000
vn 0.8370 -0.5472 -0.0001
vn 0.9072 -0.4206 -0.0000
vn 0.9298 -0.3681 -0.0000
vn 0.9780 -0.2085 -0.0000
vn 0.9833 -0.1820 -0.0000
vn 1.0000 -0.0000 -0.0006
vn 0.9833 -0.1821 -0.0000
vn -0.1820 -0.9833 -0.0000
vn 0.1820 -0.9833 -0.0000
vn 0.5472 -0.8370 0.0001
vn 0.7071 -0.7071 -0.0003
vn 0.8370 -0.5472 -0.0000
vn -0.7071 -0.7071 0.0002
vn 1.0000 -0.0000 0.0003
vn 0.9798 0.2000 -0.0000
vn 0.8814 0.4723 -0.0000
vn 0.9798 0.2000 -0.0001
vn 1.0000 -0.0000 0.0002
vn 0.7071 0.7071 -0.0003
vn 0.5227 0.8525 -0.0000
vn -0.2085 0.9780 -0.0000
vn -0.4205 0.9073 -0.0000
vn -0.7071 0.7071 0.0002
vn -0.7854 0.6190 -0.0000
vn -0.9297 0.3682 -0.0000
vn -0.9780 0.2085 -0.0000
vn -0.9833 0.1821 -0.0000
vn 0.7071 0.7071 -0.0000
vn 0.9798 -0.2000 -0.0000
vn 0.9780 -0.2086 -0.0000
vn 0.9073 -0.4205 -0.0000
vn 0.8370 -0.5471 0.0002
vn 0.7854 -0.6190 -0.0000
vn 0.6188 -0.7855 -0.0000
vn 0.3682 -0.9297 -0.0000
vn -0.5227 -0.8525 -0.0000
vn 0.8370 -0.5471 -0.0002
vn 0.7071 -0.7071 0.0002
vn -0.6642 -0.7476 -0.0000
vn -0.7071 -0.7071 -0.0000
vn -0.9878 -0.1555 -0.0000
vn -1.0000 -0.0000 0.0002
vt 0.200000 0.000000
vt 0.000000 0.000000
vt 0.200000 -0.090158
vt 0.100000 -0.103037
vt 0.200000 -0.180316
vt 0.100000 -0.206075
vt 0.200000 -0.270473
vt 0.100000 -0.309112
vt 0.200000 -0.360631
vt 0.100000 -0.412150
vt 0.200000 -0.450789
vt 0.100000 -0.515187
vt 0.200000 -0.540947
vt 0.100000 -0.618225
vt 0.200000 -0.631105
vt 0.100000 -0.721262
vt 0.200000 -0.721262
vt 0.200000 -0.811420
vt 0.100000 -0.824300
vt 0.200000 -0.901578
vt 0.100000 -0.901578
vt 0.100000 -0.978856
vt 0.000000 -0.901578
vt 0.000000 -0.991736
vt 0.000000 -0.090158
vt 0.000000 -0.180316
vt 0.000000 -0.270473
vt 0.000000 -0.360631
vt 0.000000 -0.450789
vt 0.000000 -0.540947
vt 0.000000 -0.631105
vt 0.000000 -0.721262
vt 0.000000 -0.811420
vt 0.100000 -1.056134
vt 0.000000 -1.081893
vt 0.100000 -1.133412
vt 0.000000 -1.172051
vt 0.100000 -1.210690
vt 0.000000 -1.262209
vt 0.100000 -1.287969
vt 0.000000 -1.352367
vt 0.100000 -1.365247
vt 0.000000 -1.442525
vt 0.200000 -1.442525
vt 0.200000 -1.352367
vt 0.200000 -1.262209
vt 0.200000 -1.172051
vt 0.200000 -1.081893
vt 0.200000 -0.991736
vt 0.000000 0.090158
vt 0.100000 0.077278
vt 0.200000 0.090158
vt 0.100000 0.154556
vt 0.200000 0.180316
vt 0.100000 0.231834
vt 0.200000 0.270473
vt 0.100000 0.309112
vt 0.200000 0.360631
vt 0.100000 0.386391
vt 0.200000 0.450789
vt 0.100000 0.463669
vt 0.200000 0.540947
vt 0.100000 0.540947
vt 0.100000 0.618225
vt 0.000000 0.540947
vt 0.000000 0.631105
vt 0.100000 0.721262
vt 0.000000 0.721262
vt 0.000000 0.811420
vt 0.100000 0.824300
vt 0.000000 0.901578
vt 0.100000 0.927337
vt 0.000000 0.991736
vt 0.100000 1.030375
vt 0.000000 1.081894
vt 0.100000 1.133412
vt 0.000000 1.172051
vt 0.100000 1.236450
vt 0.000000 1.262209
vt 0.100000 1.339487
vt 0.000000 1.352367
vt 0.000000 1.442525
vt 0.200000 1.352367
vt 0.200000 1.442525
vt 0.200000 0.631105
vt 0.200000 0.721262
vt 0.200000 0.811420
vt 0.200000 0.901578
vt 0.200000 0.991736
vt 0.200000 1.081894
vt 0.200000 1.172051
vt 0.200000 1.262209
vt 0.000000 0.450789
vt 0.000000 0.360631
vt 0.000000 0.270473
vt 0.000000 0.180316
vt 9.300000 2.606892
vt 21.799999 2.439564
vt 21.700001 2.606892
vt 21.799999 2.846158
vt 21.700001 2.921923
vt 21.799999 3.252752
vt 21.700001 3.252752
vt 9.300000 2.921923
vt 0.750000 2.846158
vt 0.750000 2.439564
vt 11.275000 2.323394
vt 0.750000 2.032970
vt 11.275000 1.858715
vt 0.750000 1.626376
vt 11.275000 1.394037
vt 0.750000 1.219782
vt 11.275000 0.929358
vt 0.750000 0.813188
vt 11.275000 0.464679
vt 0.750000 0.406594
vt 11.275000 0.000000
vt 0.750000 0.000000
vt 0.750000 -0.406594
vt 9.300000 3.252752
vt 0.750000 3.252752
vt 11.275000 -0.464679
vt 0.750000 -0.813188
vt 11.275000 -0.813188
vt 11.275000 -1.161697
vt 21.799999 -0.813188
vt 21.799999 -1.219782
vt 11.275000 -1.510206
vt 21.799999 -1.626376
vt 11.275000 -1.858715
vt 21.799999 -2.032970
vt 11.275000 -2.207224
vt 21.799999 -2.439564
vt 11.275000 -2.555734
vt 21.799999 -2.846158
vt 11.275000 -2.904243
vt 21.799999 -3.252752
vt 0.750000 -3.252752
vt 0.750000 -2.846158
vt 0.750000 -2.439564
vt 0.750000 -2.032970
vt 0.750000 -1.626376
vt 0.750000 -1.219782
vt 21.799999 -0.406594
vt 21.799999 0.000000
vt 21.799999 0.406594
vt 21.799999 0.813188
vt 21.799999 1.219782
vt 21.799999 1.626376
vt 21.799999 2.032970
vt -6.170820 -6.200000
vt 6.170820 -6.200000
vt 0.000000 0.000000
vt 6.170820 6.200000
vt -6.170820 6.200000
vt 11.839116 0.225137
vt 12.170820 0.300000
vt 6.000000 0.250000
vt -0.170820 0.300000
vt 0.160884 0.225137
vt 0.500000 0.200000
vt 11.500000 0.200000
vt -3.248514 7.292801
vt -3.240000 7.200000
vt -0.000000 9.300000
vt -3.248514 7.107199
vt -3.275808 7.012272
vt -3.323132 6.920923
vt -0.000000 0.750000
vt -3.389375 6.839375
vt -3.470923 6.773132
vt -3.562272 6.725808
vt -5.500000 5.025000
vt -11.000000 0.750000
vt -7.437728 6.725808
vt -7.529077 6.773132
vt -3.657199 6.698514
vt -3.750000 6.690000
vt -3.842801 6.698514
vt -3.937728 6.725808
vt -5.500000 6.690000
vt -7.062272 6.725808
vt -6.970923 6.773132
vt -6.889376 6.839375
vt -6.823133 6.920923
vt -6.775808 7.012272
vt -6.748514 7.107199
vt -6.740000 7.200000
vt -6.748514 7.292801
vt -6.775808 7.387728
vt -4.224192 7.387728
vt -4.176867 7.479077
vt -4.029077 6.773132
vt -4.110624 6.839375
vt -4.176867 6.920923
vt -4.224192 7.012272
vt -4.251486 7.107199
vt -4.260000 7.200000
vt -4.251486 7.292801
vt -6.823133 7.479077
vt -4.110624 7.560625
vt -6.889376 7.560625
vt -4.029077 7.626868
vt -6.970923 7.626868
vt -3.937728 7.674192
vt -7.062272 7.674192
vt -3.842801 7.701486
vt -7.157199 7.701486
vt -11.000000 9.300000
vt -3.750000 7.710000
vt -3.657199 7.701486
vt -3.562272 7.674192
vt -3.470923 7.626868
vt -3.389375 7.560625
vt -3.323132 7.479077
vt -3.275808 7.387728
vt -7.157199 6.698514
vt -7.250000 6.690000
vt -7.342801 6.698514
vt -7.610624 6.839375
vt -7.676867 6.920923
vt -7.724192 7.012272
vt -7.751486 7.107199
vt -7.760000 7.200000
vt -7.751486 7.292801
vt -7.724192 7.387728
vt -7.676867 7.479077
vt -7.610624 7.560625
vt -7.529077 7.626868
vt -7.437728 7.674192
vt -7.342801 7.701486
vt -7.250000 7.710000
vt -11.000000 21.799999
vt -11.000000 21.700001
vt -5.500000 21.750000
vt -0.000000 21.700001
vt -0.000000 21.799999
vt 9.300000 -3.252752
vt 9.300000 -2.921923
vt 9.300000 -2.606892
vt 21.700001 -2.606892
vt 21.700001 -2.921923
vt 21.700001 -3.252752
vt 11.275000 2.788073
vt -5.500000 11.275000
vt 5.918515 -2.261602
vt 6.346618 -2.138513
vt 5.500000 -2.300000
vt 6.758583 -1.925090
vt 7.126346 -1.626346
vt 0.000000 0.000000
vt 7.425090 -1.258583
vt 7.638513 -0.846618
vt 7.761602 -0.418515
vt 7.800000 0.000000
vt 7.761602 0.418515
vt 7.638513 0.846618
vt 7.425090 1.258582
vt 7.126346 1.626346
vt 5.500000 2.300000
vt 6.758583 1.925090
vt 6.346618 2.138513
vt 5.918515 2.261602
vt -5.500000 2.300000
vt -7.126346 1.626346
vt -7.425090 1.258582
vt -5.918515 2.261602
vt -6.346618 2.138513
vt -6.758583 1.925090
vt -7.638513 0.846618
vt -7.761602 0.418515
vt -7.800000 0.000000
vt -7.761602 -0.418515
vt -7.638513 -0.846618
vt -7.425090 -1.258583
vt -7.126346 -1.626346
vt -5.500000 -2.300000
vt -6.758583 -1.925090
vt -6.346618 -2.138513
vt -5.918515 -2.261602
vt -11.500000 0.000000
vt -0.500000 0.000000
vt -6.000000 0.050000
vt -0.000000 0.050510
vt -0.000000 0.100000
vt -12.000000 0.100000
vt -12.000000 0.050510
vt -6.000000 0.075255
vt -0.000000 0.050510
vt -0.000000 0.100000
vt 0.000000 0.050510
vt 0.000000 0.100000
vt 6.000000 -6.000000
vt 6.000000 6.000000
vt -6.000000 6.000000
vt -6.000000 -6.000000
vt 3.248514 7.107199
vt 3.240000 7.200000
vt 0.000000 9.500000
vt 3.248514 7.292801
vt 3.275808 7.387728
vt 3.323132 7.479077
vt 3.389375 7.560625
vt 3.470923 7.626868
vt 3.562272 7.674192
vt 3.657199 7.701486
vt 3.750000 7.710000
vt 3.842801 7.701486
vt 7.157199 7.701486
vt 11.000000 9.500000
vt 7.250000 7.710000
vt 7.342801 7.701486
vt 3.937728 7.674192
vt 7.062272 7.674192
vt 4.029077 7.626868
vt 6.970923 7.626868
vt 6.889376 7.560625
vt 4.110624 7.560625
vt 6.823133 7.479077
vt 4.176867 7.479077
vt 6.775808 7.387728
vt 4.224192 7.387728
vt 5.500000 6.690000
vt 4.251486 7.292801
vt 4.260000 7.200000
vt 4.251486 7.107199
vt 4.224192 7.012272
vt 4.176867 6.920923
vt 4.110624 6.839375
vt 4.029077 6.773132
vt 5.500000 5.125000
vt 3.937728 6.725808
vt 3.842801 6.698514
vt 3.750000 6.690000
vt 3.657199 6.698514
vt 3.562272 6.725808
vt 0.000000 0.750000
vt 3.470923 6.773132
vt 3.389375 6.839375
vt 3.323132 6.920923
vt 3.275808 7.012272
vt 6.748514 7.107199
vt 6.740000 7.200000
vt 6.748514 7.292801
vt 7.437728 7.674192
vt 7.529077 7.626868
vt 7.610624 7.560625
vt 7.676867 7.479077
vt 7.724192 7.387728
vt 7.751486 7.292801
vt 7.760000 7.200000
vt 7.751486 7.107199
vt 7.724192 7.012272
vt 7.676867 6.920923
vt 11.000000 0.750000
vt 7.610624 6.839375
vt 7.529077 6.773132
vt 7.437728 6.725808
vt 7.342801 6.698514
vt 7.250000 6.690000
vt 7.157199 6.698514
vt 7.062272 6.725808
vt 6.970923 6.773132
vt 6.889376 6.839375
vt 6.823133 6.920923
vt 6.775808 7.012272
vt 0.000000 22.000000
vt 0.000000 21.500000
vt 5.500000 21.750000
vt 11.000000 21.500000
vt 11.000000 22.000000
vt -22.000000 -3.535600
vt -21.500000 -3.535600
vt -22.000000 -3.093650
vt -21.500000 -3.050775
vt -22.000000 -2.651700
vt -11.375000 -2.777971
vt -11.375000 -2.399157
vt -0.750000 -2.651700
vt -0.750000 -2.209750
vt -9.500000 -3.050775
vt -0.750000 -3.093650
vt -9.500000 -3.535600
vt -0.750000 -3.535600
vt -11.375000 -2.020343
vt -0.750000 -1.767800
vt -11.375000 -1.641529
vt -0.750000 -1.325850
vt -11.375000 -1.262714
vt -0.750000 -0.883900
vt -11.375000 -0.883900
vt -11.375000 -0.505086
vt -22.000000 -0.883900
vt -22.000000 -0.441950
vt -11.375000 0.000000
vt -22.000000 0.000000
vt -22.000000 0.441950
vt -11.375000 0.505086
vt -22.000000 0.883900
vt -11.375000 1.010171
vt -22.000000 1.325850
vt -11.375000 1.515257
vt -22.000000 1.767800
vt -11.375000 2.020343
vt -22.000000 2.209750
vt -11.375000 2.525429
vt -22.000000 2.651700
vt -11.375000 3.030514
vt -22.000000 3.093650
vt -22.000000 3.535600
vt -0.750000 3.093650
vt -0.750000 3.535600
vt -0.750000 -0.441950
vt -0.750000 0.000000
vt -0.750000 0.441950
vt -0.750000 0.883900
vt -0.750000 1.325850
vt -0.750000 1.767800
vt -0.750000 2.209750
vt -0.750000 2.651700
vt -22.000000 -1.325850
vt -22.000000 -1.767800
vt -22.000000 -2.209750
vt 5.954907 2.458263
vt 5.500000 2.500000
vt -5.500000 2.500000
vt 6.420237 2.324471
vt 6.868024 2.092489
vt 7.267767 1.767767
vt 7.592489 1.368024
vt 7.824471 0.920237
vt 7.958263 0.454908
vt 8.000000 0.000000
vt 7.958263 -0.454908
vt 7.824471 -0.920237
vt 7.592489 -1.368024
vt 7.267767 -1.767767
vt 6.868024 -2.092489
vt 6.420237 -2.324471
vt 5.954907 -2.458263
vt 5.500000 -2.500000
vt -5.500000 -2.500000
vt -5.954907 -2.458263
vt -6.420237 -2.324471
vt -6.868024 -2.092489
vt -7.267767 -1.767767
vt -7.592489 -1.368024
vt -7.824471 -0.920237
vt -7.958263 -0.454908
vt -8.000000 0.000000
vt -7.958263 0.454908
vt -7.824471 0.920237
vt -7.592489 1.368024
vt -7.267767 1.767767
vt -6.868024 2.092489
vt -6.420237 2.324471
vt -5.954907 2.458263
vt 5.500000 11.375000
vt -21.500000 3.535600
vt -21.500000 3.050775
vt -11.375000 -3.156785
vt -9.500000 3.050775
vt -9.500000 3.535600
s 1
usemtl ABS_(White)
f 2/1/1 4/2/1 70/3/2
f 70/3/2 4/2/1 71/4/3
f 70/3/2 71/4/3 68/5/4
f 68/5/4 71/4/3 72/6/5
f 68/5/4 72/6/5 66/7/6
f 66/7/6 72/6/5 73/8/7
f 66/7/6 73/8/7 64/9/8
f 64/9/8 73/8/7 74/10/9
f 64/9/8 74/10/9 62/11/10
f 62/11/10 74/10/9 75/12/11
f 62/11/10 75/12/11 60/13/12
f 60/13/12 75/12/11 76/14/13
f 60/13/12 76/14/13 58/15/14
f 58/15/14 76/14/13 77/16/15
f 58/15/14 77/16/15 55/17/15
f 55/17/15 77/16/15 54/18/16
f 54/18/16 77/16/15 78/19/17
f 54/18/16 78/19/17 52/20/18
f 52/20/18 78/19/17 79/21/18
f 52/20/18 79/21/18 80/22/19
f 80/22/19 79/21/18 24/23/18
f 80/22/19 24/23/18 26/24/20
f 4/2/1 6/25/2 71/4/3
f 71/4/3 6/25/2 8/26/4
f 71/4/3 8/26/4 72/6/5
f 72/6/5 8/26/4 10/27/6
f 72/6/5 10/27/6 73/8/7
f 73/8/7 10/27/6 12/28/8
f 73/8/7 12/28/8 74/10/9
f 74/10/9 12/28/8 14/29/10
f 74/10/9 14/29/10 75/12/11
f 75/12/11 14/29/10 16/30/12
f 75/12/11 16/30/12 76/14/13
f 76/14/13 16/30/12 18/31/14
f 76/14/13 18/31/14 77/16/15
f 77/16/15 18/31/14 19/32/15
f 77/16/15 19/32/15 22/33/16
f 77/16/15 22/33/16 78/19/17
f 78/19/17 22/33/16 24/23/18
f 78/19/17 24/23/18 79/21/18
f 80/22/19 26/24/20 81/34/21
f 81/34/21 26/24/20 28/35/22
f 81/34/21 28/35/22 82/36/23
f 82/36/23 28/35/22 30/37/24
f 82/36/23 30/37/24 83/38/25
f 83/38/25 30/37/24 32/39/26
f 83/38/25 32/39/26 84/40/27
f 84/40/27 32/39/26 34/41/28
f 84/40/27 34/41/28 85/42/29
f 85/42/29 34/41/28 36/43/30
f 85/42/29 36/43/30 39/44/30
f 39/44/30 42/45/28 85/42/29
f 85/42/29 42/45/28 84/40/27
f 42/45/28 44/46/26 84/40/27
f 84/40/27 44/46/26 83/38/25
f 44/46/26 46/47/24 83/38/25
f 83/38/25 46/47/24 82/36/23
f 46/47/24 48/48/22 82/36/23
f 82/36/23 48/48/22 81/34/21
f 48/48/22 50/49/20 81/34/21
f 81/34/21 50/49/20 80/22/19
f 50/49/20 52/20/18 80/22/19
f 87/1/1 89/2/1 155/3/31
f 155/3/31 89/2/1 156/4/32
f 155/3/31 156/4/32 153/5/4
f 153/5/4 156/4/32 157/6/5
f 153/5/4 157/6/5 151/7/6
f 151/7/6 157/6/5 158/8/33
f 151/7/6 158/8/33 149/9/8
f 149/9/8 158/8/33 159/10/34
f 149/9/8 159/10/34 147/11/10
f 147/11/10 159/10/34 160/12/11
f 147/11/10 160/12/11 145/13/12
f 145/13/12 160/12/11 161/14/13
f 145/13/12 161/14/13 143/15/14
f 143/15/14 161/14/13 162/16/15
f 143/15/14 162/16/15 140/17/15
f 140/17/15 162/16/15 139/18/16
f 139/18/16 162/16/15 163/19/17
f 139/18/16 163/19/17 137/20/18
f 137/20/18 163/19/17 164/21/18
f 137/20/18 164/21/18 165/22/19
f 165/22/19 164/21/18 109/23/18
f 165/22/19 109/23/18 111/24/20
f 89/2/1 91/25/2 156/4/32
f 156/4/32 91/25/2 93/26/4
f 156/4/32 93/26/4 157/6/5
f 157/6/5 93/26/4 95/27/6
f 157/6/5 95/27/6 158/8/33
f 158/8/33 95/27/6 97/28/8
f 158/8/33 97/28/8 159/10/34
f 159/10/34 97/28/8 99/29/10
f 159/10/34 99/29/10 160/12/11
f 160/12/11 99/29/10 101/30/12
f 160/12/11 101/30/12 161/14/13
f 161/14/13 101/30/12 103/31/14
f 161/14/13 103/31/14 162/16/15
f 162/16/15 103/31/14 104/32/15
f 162/16/15 104/32/15 107/33/16
f 162/16/15 107/33/16 163/19/17
f 163/19/17 107/33/16 109/23/18
f 163/19/17 109/23/18 164/21/18
f 165/22/19 111/24/20 166/34/21
f 166/34/21 111/24/20 113/35/22
f 166/34/21 113/35/22 167/36/23
f 167/36/23 113/35/22 115/37/24
f 167/36/23 115/37/24 168/38/25
f 168/38/25 115/37/24 117/39/26
f 168/38/25 117/39/26 169/40/27
f 169/40/27 117/39/26 119/41/28
f 169/40/27 119/41/28 170/42/35
f 170/42/35 119/41/28 121/43/30
f 170/42/35 121/43/30 124/44/30
f 124/44/30 127/45/28 170/42/35
f 170/42/35 127/45/28 169/40/27
f 127/45/28 129/46/26 169/40/27
f 169/40/27 129/46/26 168/38/25
f 129/46/26 131/47/24 168/38/25
f 168/38/25 131/47/24 167/36/23
f 131/47/24 133/48/22 167/36/23
f 167/36/23 133/48/22 166/34/21
f 133/48/22 135/49/20 166/34/21
f 166/34/21 135/49/20 165/22/19
f 135/49/20 137/20/18 165/22/19
f 230/50/36 89/2/1 232/51/37
f 232/51/37 89/2/1 87/1/1
f 232/51/37 87/1/1 172/52/36
f 232/51/37 172/52/36 231/53/38
f 231/53/38 172/52/36 174/54/39
f 231/53/38 174/54/39 233/55/40
f 233/55/40 174/54/39 176/56/41
f 233/55/40 176/56/41 234/57/42
f 234/57/42 176/56/41 178/58/43
f 234/57/42 178/58/43 235/59/44
f 235/59/44 178/58/43 180/60/45
f 235/59/44 180/60/45 236/61/46
f 236/61/46 180/60/45 182/62/47
f 236/61/46 182/62/47 237/63/47
f 237/63/47 182/62/47 238/64/48
f 237/63/47 238/64/48 220/65/47
f 220/65/47 238/64/48 218/66/49
f 218/66/49 238/64/48 239/67/50
f 218/66/49 239/67/50 215/68/50
f 215/68/50 239/67/50 214/69/51
f 214/69/51 239/67/50 240/70/52
f 214/69/51 240/70/52 212/71/53
f 212/71/53 240/70/52 241/72/54
f 212/71/53 241/72/54 210/73/55
f 210/73/55 241/72/54 242/74/56
f 210/73/55 242/74/56 208/75/57
f 208/75/57 242/74/56 243/76/58
f 208/75/57 243/76/58 206/77/59
f 206/77/59 243/76/58 244/78/60
f 206/77/59 244/78/60 204/79/61
f 204/79/61 244/78/60 245/80/62
f 204/79/61 245/80/62 202/81/63
f 202/81/63 245/80/62 122/82/30
f 122/82/30 245/80/62 200/83/63
f 122/82/30 200/83/63 125/84/30
f 182/62/47 184/85/49 238/64/48
f 238/64/48 184/85/49 239/67/50
f 184/85/49 185/86/50 239/67/50
f 239/67/50 185/86/50 188/87/51
f 239/67/50 188/87/51 240/70/52
f 240/70/52 188/87/51 190/88/53
f 240/70/52 190/88/53 241/72/54
f 241/72/54 190/88/53 192/89/55
f 241/72/54 192/89/55 242/74/56
f 242/74/56 192/89/55 194/90/57
f 242/74/56 194/90/57 243/76/58
f 243/76/58 194/90/57 196/91/59
f 243/76/58 196/91/59 244/78/60
f 244/78/60 196/91/59 198/92/61
f 244/78/60 198/92/61 245/80/62
f 245/80/62 198/92/61 200/83/63
f 237/63/47 220/65/47 236/61/46
f 236/61/46 220/65/47 222/93/45
f 236/61/46 222/93/45 235/59/44
f 235/59/44 222/93/45 224/94/43
f 235/59/44 224/94/43 234/57/42
f 234/57/42 224/94/43 226/95/41
f 234/57/42 226/95/41 233/55/40
f 233/55/40 226/95/41 228/96/39
f 233/55/40 228/96/39 231/53/38
f 231/53/38 228/96/39 230/50/36
f 231/53/38 230/50/36 232/51/37
f 305/50/36 4/2/1 307/51/37
f 307/51/37 4/2/1 2/1/1
f 307/51/37 2/1/1 247/52/36
f 307/51/37 247/52/36 306/53/38
f 306/53/38 247/52/36 249/54/39
f 306/53/38 249/54/39 308/55/40
f 308/55/40 249/54/39 251/56/41
f 308/55/40 251/56/41 309/57/42
f 309/57/42 251/56/41 253/58/43
f 309/57/42 253/58/43 310/59/44
f 310/59/44 253/58/43 255/60/45
f 310/59/44 255/60/45 311/61/46
f 311/61/46 255/60/45 257/62/47
f 311/61/46 257/62/47 312/63/47
f 312/63/47 257/62/47 313/64/48
f 312/63/47 313/64/48 295/65/47
f 295/65/47 313/64/48 293/66/49
f 293/66/49 313/64/48 314/67/50
f 293/66/49 314/67/50 290/68/50
f 290/68/50 314/67/50 289/69/51
f 289/69/51 314/67/50 315/70/52
f 289/69/51 315/70/52 287/71/53
f 287/71/53 315/70/52 316/72/54
f 287/71/53 316/72/54 285/73/55
f 285/73/55 316/72/54 317/74/56
f 285/73/55 317/74/56 283/75/57
f 283/75/57 317/74/56 318/76/58
f 283/75/57 318/76/58 281/77/59
f 281/77/59 318/76/58 319/78/60
f 281/77/59 319/78/60 279/79/61
f 279/79/61 319/78/60 320/80/62
f 279/79/61 320/80/62 277/81/63
f 277/81/63 320/80/62 37/82/30
f 37/82/30 320/80/62 275/83/64
f 37/82/30 275/83/64 40/84/30
f 257/62/47 259/85/49 313/64/48
f 313/64/48 259/85/49 314/67/50
f 259/85/49 260/86/50 314/67/50
f 314/67/50 260/86/50 263/87/51
f 314/67/50 263/87/51 315/70/52
f 315/70/52 263/87/51 265/88/53
f 315/70/52 265/88/53 316/72/54
f 316/72/54 265/88/53 267/89/55
f 316/72/54 267/89/55 317/74/56
f 317/74/56 267/89/55 269/90/57
f 317/74/56 269/90/57 318/76/58
f 318/76/58 269/90/57 271/91/59
f 318/76/58 271/91/59 319/78/60
f 319/78/60 271/91/59 273/92/61
f 319/78/60 273/92/61 320/80/62
f 320/80/62 273/92/61 275/83/64
f 312/63/47 295/65/47 311/61/46
f 311/61/46 295/65/47 297/93/45
f 311/61/46 297/93/45 310/59/44
f 310/59/44 297/93/45 299/94/43
f 310/59/44 299/94/43 309/57/42
f 309/57/42 299/94/43 301/95/41
f 309/57/42 301/95/41 308/55/40
f 308/55/40 301/95/41 303/96/39
f 308/55/40 303/96/39 306/53/38
f 306/53/38 303/96/39 305/50/36
f 306/53/38 305/50/36 307/51/37
f 326/97/65 398/98/66 323/99/65
f 323/99/65 398/98/66 400/100/67
f 323/99/65 400/100/67 408/101/68
f 408/101/68 400/100/67 402/102/69
f 408/101/68 402/102/69 405/103/69
f 328/104/70 336/105/67 326/97/65
f 326/97/65 336/105/67 338/106/66
f 326/97/65 338/106/66 409/107/71
f 409/107/71 338/106/66 340/108/72
f 409/107/71 340/108/72 410/109/73
f 410/109/73 340/108/72 342/110/74
f 410/109/73 342/110/74 411/111/75
f 411/111/75 342/110/74 344/112/76
f 411/111/75 344/112/76 412/113/77
f 412/113/77 344/112/76 346/114/78
f 412/113/77 346/114/78 413/115/79
f 413/115/79 346/114/78 348/116/80
f 413/115/79 348/116/80 414/117/30
f 414/117/30 348/116/80 350/118/30
f 414/117/30 350/118/30 352/119/81
f 330/120/69 333/121/82 328/104/70
f 328/104/70 333/121/82 336/105/67
f 414/117/30 352/119/81 415/122/83
f 415/122/83 352/119/81 354/123/84
f 415/122/83 354/123/84 416/124/84
f 416/124/84 354/123/84 417/125/85
f 416/124/84 417/125/85 382/126/84
f 382/126/84 417/125/85 380/127/86
f 380/127/86 417/125/85 418/128/87
f 380/127/86 418/128/87 378/129/88
f 378/129/88 418/128/87 419/130/89
f 378/129/88 419/130/89 376/131/90
f 376/131/90 419/130/89 420/132/91
f 376/131/90 420/132/91 374/133/92
f 374/133/92 420/132/91 421/134/93
f 374/133/92 421/134/93 372/135/94
f 372/135/94 421/134/93 422/136/95
f 372/135/94 422/136/95 369/137/96
f 369/137/96 422/136/95 366/138/97
f 366/138/97 422/136/95 364/139/98
f 364/139/98 422/136/95 421/134/93
f 364/139/98 421/134/93 362/140/92
f 362/140/92 421/134/93 420/132/91
f 362/140/92 420/132/91 360/141/90
f 360/141/90 420/132/91 419/130/89
f 360/141/90 419/130/89 358/142/99
f 358/142/99 419/130/89 418/128/87
f 358/142/99 418/128/87 356/143/86
f 356/143/86 418/128/87 417/125/85
f 356/143/86 417/125/85 354/123/84
f 416/124/84 382/126/84 415/122/83
f 415/122/83 382/126/84 384/144/100
f 415/122/83 384/144/100 414/117/30
f 414/117/30 384/144/100 386/145/30
f 414/117/30 386/145/30 388/146/101
f 414/117/30 388/146/101 413/115/79
f 413/115/79 388/146/101 390/147/78
f 413/115/79 390/147/78 412/113/77
f 412/113/77 390/147/78 392/148/76
f 412/113/77 392/148/76 411/111/75
f 411/111/75 392/148/76 394/149/74
f 411/111/75 394/149/74 410/109/73
f 410/109/73 394/149/74 396/150/102
f 410/109/73 396/150/102 409/107/71
f 409/107/71 396/150/102 398/98/66
f 409/107/71 398/98/66 326/97/65
s 0
f 427/151/69 325/152/69 429/153/69
f 429/153/69 325/152/69 322/154/69
f 429/153/69 322/154/69 424/155/69
f 424/155/69 427/151/69 429/153/69
f 433/156/50 423/157/50 435/158/50
f 435/158/50 423/157/50 321/159/50
f 435/158/50 321/159/50 407/160/50
f 407/160/103 404/161/103 435/158/103
f 435/158/50 404/161/50 430/162/50
f 435/158/103 430/162/103 433/156/103
f 324/157/15 426/159/15 441/158/15
f 441/158/15 426/159/15 436/160/15
f 441/158/15 436/160/15 438/161/15
f 438/161/15 329/162/15 441/158/15
f 441/158/15 329/162/15 327/156/15
f 441/158/15 327/156/15 324/157/15
f 126/163/69 123/164/69 331/165/69
f 331/165/69 123/164/69 199/166/69
f 331/165/69 199/166/69 197/167/69
f 197/167/69 195/168/69 331/165/69
f 331/165/69 195/168/69 334/169/69
f 334/169/69 195/168/69 193/170/69
f 334/169/69 193/170/69 191/171/69
f 191/171/69 189/172/69 334/169/69
f 334/169/69 189/172/69 445/173/69
f 334/169/69 445/173/69 444/174/69
f 444/174/69 445/173/69 256/175/69
f 444/174/69 256/175/69 254/176/69
f 189/172/69 187/177/69 445/173/69
f 445/173/69 187/177/69 186/178/69
f 445/173/69 186/178/69 183/179/69
f 183/179/69 181/180/69 445/173/69
f 445/173/69 181/180/69 446/181/69
f 445/173/69 446/181/69 264/182/69
f 264/182/69 446/181/69 266/183/69
f 266/183/69 446/181/69 268/184/69
f 268/184/69 446/181/69 270/185/69
f 270/185/69 446/181/69 272/186/69
f 272/186/69 446/181/69 274/187/69
f 274/187/69 446/181/69 38/188/69
f 38/188/69 446/181/69 41/189/69
f 41/189/69 446/181/69 43/190/69
f 43/190/69 446/181/69 152/191/69
f 43/190/69 152/191/69 150/192/69
f 181/180/69 179/193/69 446/181/69
f 446/181/69 179/193/69 177/194/69
f 446/181/69 177/194/69 175/195/69
f 175/195/69 173/196/69 446/181/69
f 446/181/69 173/196/69 171/197/69
f 446/181/69 171/197/69 86/198/69
f 86/198/69 154/199/69 446/181/69
f 446/181/69 154/199/69 152/191/69
f 43/190/69 150/192/69 45/200/69
f 45/200/69 150/192/69 148/201/69
f 45/200/69 148/201/69 47/202/69
f 47/202/69 148/201/69 146/203/69
f 47/202/69 146/203/69 49/204/69
f 49/204/69 146/203/69 144/205/69
f 49/204/69 144/205/69 51/206/69
f 51/206/69 144/205/69 142/207/69
f 51/206/69 142/207/69 53/208/69
f 53/208/69 142/207/69 331/165/69
f 53/208/69 331/165/69 440/209/69
f 142/207/69 141/210/69 331/165/69
f 331/165/69 141/210/69 138/211/69
f 331/165/69 138/211/69 136/212/69
f 136/212/69 134/213/69 331/165/69
f 331/165/69 134/213/69 132/214/69
f 331/165/69 132/214/69 130/215/69
f 130/215/69 128/216/69 331/165/69
f 331/165/69 128/216/69 126/163/69
f 264/182/69 262/217/69 445/173/69
f 445/173/69 262/217/69 261/218/69
f 445/173/69 261/218/69 258/219/69
f 258/219/69 256/175/69 445/173/69
f 254/176/69 252/220/69 444/174/69
f 444/174/69 252/220/69 250/221/69
f 444/174/69 250/221/69 440/209/69
f 440/209/69 250/221/69 248/222/69
f 440/209/69 248/222/69 246/223/69
f 246/223/69 1/224/69 440/209/69
f 440/209/69 1/224/69 69/225/69
f 440/209/69 69/225/69 67/226/69
f 67/226/69 65/227/69 440/209/69
f 440/209/69 65/227/69 63/228/69
f 440/209/69 63/228/69 61/229/69
f 61/229/69 59/230/69 440/209/69
f 440/209/69 59/230/69 57/231/69
f 440/209/69 57/231/69 56/232/69
f 56/232/69 53/208/69 440/209/69
f 449/233/69 432/234/69 450/235/69
f 450/235/69 432/234/69 406/236/69
f 450/235/69 406/236/69 403/237/69
f 403/237/69 449/233/69 450/235/69
s 1
f 439/238/69 437/239/104 443/138/69
f 443/138/69 437/239/104 516/139/105
f 516/139/105 437/239/104 428/240/106
f 516/139/105 428/240/106 514/140/107
f 514/140/107 428/240/106 518/134/108
f 514/140/107 518/134/108 517/132/109
f 517/132/109 518/134/108 454/133/107
f 517/132/109 454/133/107 456/131/110
f 428/240/106 425/241/106 518/134/108
f 518/134/108 425/241/106 454/133/107
f 454/133/107 425/241/106 452/135/111
f 452/135/111 425/241/106 434/242/112
f 452/135/111 434/242/112 448/137/69
f 448/137/69 434/242/112 431/243/69
f 517/132/109 456/131/110 519/130/113
f 519/130/113 456/131/110 458/129/114
f 519/130/113 458/129/114 520/128/115
f 520/128/115 458/129/114 460/127/116
f 520/128/115 460/127/116 521/125/117
f 521/125/117 460/127/116 462/126/118
f 521/125/117 462/126/118 522/124/118
f 522/124/118 462/126/118 523/122/119
f 522/124/118 523/122/119 506/123/118
f 506/123/118 523/122/119 504/119/120
f 504/119/120 523/122/119 524/117/1
f 504/119/120 524/117/1 502/118/1
f 502/118/1 524/117/1 500/116/121
f 500/116/121 524/117/1 525/115/122
f 500/116/121 525/115/122 498/114/123
f 498/114/123 525/115/122 526/113/124
f 498/114/123 526/113/124 496/112/125
f 496/112/125 526/113/124 527/111/126
f 496/112/125 527/111/126 494/110/127
f 494/110/127 527/111/126 528/109/128
f 494/110/127 528/109/128 492/108/129
f 492/108/129 528/109/128 529/107/130
f 492/108/129 529/107/130 490/106/131
f 490/106/131 529/107/130 530/244/132
f 490/106/131 530/244/132 488/105/133
f 488/105/133 530/244/132 485/121/134
f 485/121/134 530/244/132 480/100/135
f 485/121/134 480/100/135 482/102/97
f 462/126/118 464/144/136 523/122/119
f 523/122/119 464/144/136 524/117/1
f 464/144/136 466/145/1 524/117/1
f 524/117/1 466/145/1 468/146/137
f 524/117/1 468/146/137 525/115/122
f 525/115/122 468/146/137 470/147/123
f 525/115/122 470/147/123 526/113/124
f 526/113/124 470/147/123 472/148/138
f 526/113/124 472/148/138 527/111/126
f 527/111/126 472/148/138 474/149/139
f 527/111/126 474/149/139 528/109/128
f 528/109/128 474/149/139 476/150/140
f 528/109/128 476/150/140 529/107/130
f 529/107/130 476/150/140 478/98/131
f 529/107/130 478/98/131 530/244/132
f 530/244/132 478/98/131 480/100/135
f 522/124/118 506/123/118 521/125/117
f 521/125/117 506/123/118 508/143/116
f 521/125/117 508/143/116 520/128/115
f 520/128/115 508/143/116 510/142/141
f 520/128/115 510/142/141 519/130/113
f 519/130/113 510/142/141 512/141/110
f 519/130/113 512/141/110 517/132/109
f 517/132/109 512/141/110 514/140/107
s 0
f 370/233/97 367/174/97 531/245/97
f 531/245/97 367/174/97 486/169/97
f 531/245/97 486/169/97 483/237/97
f 483/237/97 370/233/97 531/245/97
f 399/246/15 397/247/15 401/248/15
f 401/248/15 397/247/15 395/249/15
f 401/248/15 395/249/15 393/250/15
f 401/248/15 393/250/15 532/251/15
f 532/251/15 393/250/15 391/252/15
f 532/251/15 391/252/15 389/253/15
f 389/253/15 387/254/15 532/251/15
f 532/251/15 387/254/15 385/255/15
f 532/251/15 385/255/15 383/256/15
f 383/256/15 381/257/15 532/251/15
f 532/251/15 381/257/15 379/258/15
f 532/251/15 379/258/15 377/259/15
f 532/251/15 377/259/15 368/260/15
f 368/260/15 377/259/15 375/261/15
f 368/260/15 375/261/15 373/262/15
f 373/262/15 371/263/15 368/260/15
f 368/260/15 481/264/15 532/251/15
f 532/251/15 481/264/15 473/265/15
f 532/251/15 473/265/15 471/266/15
f 479/267/15 477/268/15 481/264/15
f 481/264/15 477/268/15 475/269/15
f 481/264/15 475/269/15 473/265/15
f 471/266/15 469/270/15 532/251/15
f 532/251/15 469/270/15 467/271/15
f 532/251/15 467/271/15 465/272/15
f 465/272/15 463/273/15 532/251/15
f 532/251/15 463/273/15 461/274/15
f 532/251/15 461/274/15 459/275/15
f 459/275/15 457/276/15 532/251/15
f 532/251/15 457/276/15 447/277/15
f 532/251/15 447/277/15 401/248/15
f 457/276/15 455/278/15 447/277/15
f 447/277/15 455/278/15 453/279/15
f 447/277/15 453/279/15 451/280/15
f 548/281/15 533/282/15 551/283/15
f 551/283/15 533/282/15 536/284/15
f 551/283/15 536/284/15 539/285/15
f 539/285/15 542/286/15 551/283/15
f 551/283/15 542/286/15 545/287/15
f 551/283/15 545/287/15 548/281/15
f 557/286/1 554/287/1 558/288/1
f 558/288/1 554/287/1 547/289/1
f 558/288/1 547/289/1 544/290/1
f 544/290/1 557/286/1 558/288/1
f 541/286/30 537/287/30 565/288/30
f 565/288/30 537/287/30 560/291/30
f 565/288/30 560/291/30 564/292/30
f 564/292/30 541/286/30 565/288/30
f 562/286/50 559/287/50 572/283/50
f 572/283/50 559/287/50 566/281/50
f 572/283/50 566/281/50 569/282/50
f 569/282/50 552/284/50 572/283/50
f 572/283/50 552/284/50 555/285/50
f 572/283/50 555/285/50 562/286/50
f 556/293/97 543/294/97 573/2/97
f 573/2/97 543/294/97 540/295/97
f 573/2/97 540/295/97 563/296/97
f 563/296/97 556/293/97 573/2/97
f 201/297/97 120/298/97 567/299/97
f 567/299/97 120/298/97 118/300/97
f 567/299/97 118/300/97 116/301/97
f 116/301/97 114/302/97 567/299/97
f 567/299/97 114/302/97 112/303/97
f 567/299/97 112/303/97 110/304/97
f 110/304/97 108/305/97 567/299/97
f 567/299/97 108/305/97 106/306/97
f 567/299/97 106/306/97 105/307/97
f 105/307/97 102/308/97 567/299/97
f 567/299/97 102/308/97 21/309/97
f 567/299/97 21/309/97 570/310/97
f 570/310/97 21/309/97 20/311/97
f 570/310/142 20/311/97 17/312/97
f 102/308/97 100/313/97 21/309/97
f 21/309/97 100/313/97 23/314/97
f 23/314/97 100/313/97 98/315/97
f 23/314/97 98/315/97 25/316/97
f 25/316/97 98/315/97 27/317/97
f 27/317/97 98/315/97 96/318/97
f 27/317/97 96/318/97 29/319/97
f 29/319/97 96/318/97 94/320/97
f 29/319/97 94/320/97 31/321/97
f 31/321/97 94/320/97 92/322/97
f 31/321/97 92/322/97 581/323/97
f 581/323/97 92/322/97 90/324/97
f 581/323/97 90/324/97 88/325/97
f 88/325/97 229/326/97 581/323/97
f 581/323/97 229/326/97 227/327/97
f 581/323/97 227/327/97 225/328/97
f 225/328/97 223/329/97 581/323/97
f 581/323/97 223/329/97 221/330/97
f 581/323/97 221/330/97 580/331/97
f 580/331/97 221/330/97 219/332/97
f 580/331/97 219/332/97 217/333/97
f 217/333/97 216/334/97 580/331/97
f 580/331/97 216/334/97 213/335/97
f 580/331/97 213/335/97 211/336/97
f 580/331/97 211/336/97 575/337/97
f 575/337/97 211/336/97 209/338/97
f 575/337/97 209/338/97 207/339/97
f 207/339/97 205/340/97 575/337/97
f 575/337/97 205/340/97 567/299/97
f 567/299/97 205/340/97 203/341/97
f 567/299/97 203/341/97 201/297/97
f 276/342/97 35/343/97 581/323/97
f 581/323/97 35/343/97 33/344/97
f 581/323/97 33/344/97 31/321/97
f 17/312/97 15/345/97 570/310/97
f 570/310/97 15/345/97 13/346/97
f 570/310/97 13/346/97 11/347/97
f 11/347/97 9/348/97 570/310/97
f 570/310/97 9/348/97 7/349/97
f 570/310/97 7/349/97 5/350/97
f 5/350/97 3/351/97 570/310/97
f 570/310/97 3/351/97 304/352/97
f 570/310/97 304/352/97 302/353/97
f 302/353/97 300/354/97 570/310/97
f 570/310/142 300/354/97 578/355/97
f 578/355/97 300/354/97 298/356/97
f 578/355/97 298/356/97 296/357/97
f 296/357/97 294/358/97 578/355/97
f 578/355/97 294/358/97 580/331/97
f 578/355/97 580/331/97 575/337/97
f 294/358/97 292/359/97 580/331/97
f 580/331/97 292/359/97 291/360/97
f 580/331/97 291/360/97 288/361/97
f 288/361/97 286/362/97 580/331/97
f 580/331/97 286/362/97 284/363/97
f 580/331/97 284/363/97 581/323/97
f 581/323/97 284/363/97 282/364/97
f 581/323/97 282/364/97 280/365/97
f 280/365/97 278/366/97 581/323/97
f 581/323/97 278/366/97 276/342/97
f 586/367/97 534/368/97 588/369/97
f 588/369/97 534/368/97 549/370/97
f 588/369/97 549/370/97 583/371/97
f 583/371/97 586/367/97 588/369/97
s 1
f 584/372/97 550/373/97 654/374/94
f 654/374/94 550/373/97 546/375/143
f 654/374/94 546/375/143 652/376/92
f 652/376/92 546/375/143 656/377/93
f 652/376/92 656/377/93 655/378/144
f 655/378/144 656/377/93 592/379/92
f 655/378/144 592/379/92 594/380/90
f 546/375/143 553/381/145 656/377/93
f 656/377/93 553/381/145 590/382/94
f 656/377/93 590/382/94 592/379/92
f 553/381/145 571/383/146 590/382/94
f 590/382/94 571/383/146 579/384/97
f 655/378/144 594/380/90 657/385/89
f 657/385/89 594/380/90 596/386/147
f 657/385/89 596/386/147 658/387/87
f 658/387/87 596/386/147 598/388/86
f 658/387/87 598/388/86 659/389/148
f 659/389/148 598/388/86 600/390/84
f 659/389/148 600/390/84 660/391/84
f 660/391/84 600/390/84 661/392/83
f 660/391/84 661/392/83 644/393/84
f 644/393/84 661/392/83 642/394/100
f 642/394/100 661/392/83 662/395/30
f 642/394/100 662/395/30 640/396/30
f 640/396/30 662/395/30 638/397/101
f 638/397/101 662/395/30 663/398/149
f 638/397/101 663/398/149 636/399/78
f 636/399/78 663/398/149 664/400/150
f 636/399/78 664/400/150 634/401/76
f 634/401/76 664/400/150 665/402/75
f 634/401/76 665/402/75 632/403/151
f 632/403/151 665/402/75 666/404/152
f 632/403/151 666/404/152 630/405/72
f 630/405/72 666/404/152 667/406/71
f 630/405/72 667/406/71 628/407/153
f 628/407/153 667/406/71 668/408/154
f 628/407/153 668/408/154 626/409/67
f 626/409/67 668/408/154 624/410/69
f 624/410/69 668/408/154 618/411/155
f 624/410/69 618/411/155 621/412/69
f 600/390/84 602/413/100 661/392/83
f 661/392/83 602/413/100 662/395/30
f 602/413/100 604/414/30 662/395/30
f 662/395/30 604/414/30 606/415/101
f 662/395/30 606/415/101 663/398/149
f 663/398/149 606/415/101 608/416/78
f 663/398/149 608/416/78 664/400/150
f 664/400/150 608/416/78 610/417/76
f 664/400/150 610/417/76 665/402/75
f 665/402/75 610/417/76 612/418/74
f 665/402/75 612/418/74 666/404/152
f 666/404/152 612/418/74 614/419/72
f 666/404/152 614/419/72 667/406/71
f 667/406/71 614/419/72 616/420/153
f 667/406/71 616/420/153 668/408/154
f 668/408/154 616/420/153 618/411/155
f 660/391/84 644/393/84 659/389/148
f 659/389/148 644/393/84 646/421/86
f 659/389/148 646/421/86 658/387/87
f 658/387/87 646/421/86 648/422/156
f 658/387/87 648/422/156 657/385/89
f 657/385/89 648/422/156 650/423/90
f 657/385/89 650/423/90 655/378/144
f 655/378/144 650/423/90 652/376/92
s 0
f 363/263/15 697/424/15 365/260/15
f 365/260/15 697/424/15 699/425/15
f 365/260/15 699/425/15 619/426/15
f 697/424/15 363/263/15 695/427/15
f 695/427/15 363/263/15 361/262/15
f 695/427/15 361/262/15 693/428/15
f 693/428/15 361/262/15 359/261/15
f 693/428/15 359/261/15 691/429/15
f 691/429/15 359/261/15 357/259/15
f 691/429/15 357/259/15 689/430/15
f 689/430/15 357/259/15 355/258/15
f 689/430/15 355/258/15 687/431/15
f 687/431/15 355/258/15 353/257/15
f 687/431/15 353/257/15 685/432/15
f 685/432/15 353/257/15 351/256/15
f 685/432/15 351/256/15 683/433/15
f 683/433/15 351/256/15 349/255/15
f 683/433/15 349/255/15 347/254/15
f 683/433/15 347/254/15 681/434/15
f 681/434/15 347/254/15 345/253/15
f 681/434/15 345/253/15 679/435/15
f 679/435/15 345/253/15 343/252/15
f 679/435/15 343/252/15 677/436/15
f 677/436/15 343/252/15 341/250/15
f 677/436/15 341/250/15 675/437/15
f 675/437/15 341/250/15 339/249/15
f 675/437/15 339/249/15 673/438/15
f 673/438/15 339/249/15 337/247/15
f 673/438/15 337/247/15 671/439/15
f 671/439/15 337/247/15 335/246/15
f 671/439/15 335/246/15 669/440/15
f 669/440/15 335/246/15 332/248/15
f 669/440/15 332/248/15 574/441/15
f 574/441/15 332/248/15 442/277/15
f 574/441/15 442/277/15 577/442/15
f 577/442/15 442/277/15 589/443/15
f 589/443/15 442/277/15 515/280/15
f 589/443/15 515/280/15 591/444/15
f 591/444/15 515/280/15 513/279/15
f 591/444/15 513/279/15 593/445/15
f 593/445/15 513/279/15 511/278/15
f 593/445/15 511/278/15 595/446/15
f 595/446/15 511/278/15 509/276/15
f 595/446/15 509/276/15 597/447/15
f 597/447/15 509/276/15 507/275/15
f 597/447/15 507/275/15 599/448/15
f 599/448/15 507/275/15 505/274/15
f 599/448/15 505/274/15 601/449/15
f 601/449/15 505/274/15 503/273/15
f 601/449/15 503/273/15 603/450/15
f 603/450/15 503/273/15 501/272/15
f 603/450/15 501/272/15 499/271/15
f 603/450/15 499/271/15 605/451/15
f 605/451/15 499/271/15 497/270/15
f 605/451/15 497/270/15 607/452/15
f 607/452/15 497/270/15 495/266/15
f 607/452/15 495/266/15 609/453/15
f 609/453/15 495/266/15 493/265/15
f 609/453/15 493/265/15 611/454/15
f 611/454/15 493/265/15 491/269/15
f 611/454/15 491/269/15 613/455/15
f 613/455/15 491/269/15 489/268/15
f 613/455/15 489/268/15 615/456/15
f 615/456/15 489/268/15 487/267/15
f 615/456/15 487/267/15 617/457/15
f 617/457/15 487/267/15 484/264/15
f 617/457/15 484/264/15 619/426/15
f 619/426/15 484/264/15 365/260/15
f 623/367/69 620/337/69 705/458/69
f 705/458/69 620/337/69 700/355/69
f 705/458/69 700/355/69 703/371/69
f 703/371/69 623/367/69 705/458/69
s 1
f 535/459/97 707/409/133 538/460/157
f 538/460/157 707/409/133 709/407/131
f 538/460/157 709/407/131 736/408/158
f 736/408/158 709/407/131 737/406/159
f 736/408/158 737/406/159 672/420/131
f 672/420/131 737/406/159 674/419/160
f 674/419/160 737/406/159 738/404/161
f 674/419/160 738/404/161 676/418/127
f 676/418/127 738/404/161 739/402/162
f 676/418/127 739/402/162 678/417/125
f 678/417/125 739/402/162 740/400/124
f 678/417/125 740/400/124 680/416/163
f 680/416/163 740/400/124 741/398/122
f 680/416/163 741/398/122 682/415/137
f 682/415/137 741/398/122 742/395/1
f 682/415/137 742/395/1 684/414/1
f 684/414/1 742/395/1 686/413/136
f 686/413/136 742/395/1 743/392/119
f 686/413/136 743/392/119 688/390/118
f 688/390/118 743/392/119 744/391/118
f 688/390/118 744/391/118 745/389/164
f 745/389/164 744/391/118 725/393/118
f 745/389/164 725/393/118 727/421/116
f 535/459/97 587/410/97 707/409/133
f 709/407/131 711/405/165 737/406/159
f 737/406/159 711/405/165 738/404/161
f 711/405/165 713/403/166 738/404/161
f 738/404/161 713/403/166 739/402/162
f 713/403/166 715/401/125 739/402/162
f 739/402/162 715/401/125 740/400/124
f 715/401/125 717/399/163 740/400/124
f 740/400/124 717/399/163 741/398/122
f 717/399/163 719/397/137 741/398/122
f 741/398/122 719/397/137 742/395/1
f 719/397/137 721/396/1 742/395/1
f 742/395/1 721/396/1 723/394/136
f 742/395/1 723/394/136 743/392/119
f 743/392/119 723/394/136 725/393/118
f 743/392/119 725/393/118 744/391/118
f 745/389/164 727/421/116 746/387/167
f 746/387/167 727/421/116 729/422/168
f 746/387/167 729/422/168 747/385/113
f 747/385/113 729/422/168 731/423/110
f 747/385/113 731/423/110 748/378/109
f 748/378/109 731/423/110 733/376/107
f 748/378/109 733/376/107 749/377/108
f 749/377/108 733/376/107 735/374/105
f 749/377/108 735/374/105 750/461/169
f 750/461/169 735/374/105 704/372/170
f 750/461/169 704/372/170 701/384/69
f 701/384/69 698/382/105 750/461/169
f 750/461/169 698/382/105 749/377/108
f 698/382/105 696/379/107 749/377/108
f 749/377/108 696/379/107 748/378/109
f 696/379/107 694/380/110 748/378/109
f 748/378/109 694/380/110 747/385/113
f 694/380/110 692/386/114 747/385/113
f 747/385/113 692/386/114 746/387/167
f 692/386/114 690/388/116 746/387/167
f 746/387/167 690/388/116 745/389/164
f 690/388/116 688/390/118 745/389/164
f 736/408/158 672/420/131 561/462/157
f 561/462/157 672/420/131 670/411/133
f 561/462/157 670/411/133 568/463/97
f 568/463/97 670/411/133 576/412/97
f 561/462/157 538/460/157 736/408/158
s 0
f 734/457/50 732/456/50 702/426/50
f 702/426/50 732/456/50 730/455/50
f 702/426/50 730/455/50 728/454/50
f 702/426/50 728/454/50 751/2/50
f 751/2/50 728/454/50 726/453/50
f 751/2/50 726/453/50 724/452/50
f 724/452/50 722/451/50 751/2/50
f 751/2/50 722/451/50 720/450/50
f 751/2/50 720/450/50 718/449/50
f 718/449/50 716/448/50 751/2/50
f 751/2/50 716/448/50 714/447/50
f 751/2/50 714/447/50 712/446/50
f 751/2/50 712/446/50 585/442/50
f 585/442/50 712/446/50 710/445/50
f 585/442/50 710/445/50 708/444/50
f 708/444/50 706/443/50 585/442/50
f 585/442/50 582/441/50 751/2/50
f 751/2/50 582/441/50 647/437/50
f 751/2/50 647/437/50 645/436/50
f 653/440/50 651/439/50 582/441/50
f 582/441/50 651/439/50 649/438/50
f 582/441/50 649/438/50 647/437/50
f 645/436/50 643/435/50 751/2/50
f 751/2/50 643/435/50 641/434/50
f 751/2/50 641/434/50 639/433/50
f 639/433/50 637/432/50 751/2/50
f 751/2/50 637/432/50 635/431/50
f 751/2/50 635/431/50 633/430/50
f 633/430/50 631/429/50 751/2/50
f 751/2/50 631/429/50 622/425/50
f 751/2/50 622/425/50 702/426/50
f 631/429/50 629/428/50 622/425/50
f 622/425/50 629/428/50 627/427/50
f 622/425/50 627/427/50 625/424/50
o dock_pin_R
v 0.035000 -0.012500 0.064500
v 0.035000 -0.012500 0.064500
v 0.079300 -0.012500 0.064500
v 0.079300 -0.012500 0.064500
v 0.079300 -0.012583 0.063590
v 0.079300 -0.012583 0.063590
v 0.079300 -0.012851 0.062660
v 0.079300 -0.012851 0.062660
v 0.079300 -0.013315 0.061764
v 0.079300 -0.013315 0.061764
v 0.079300 -0.013964 0.060964
v 0.079300 -0.013964 0.060964
v 0.079300 -0.014764 0.060315
v 0.079300 -0.014764 0.060315
v 0.079300 -0.015660 0.059851
v 0.079300 -0.015660 0.059851
v 0.079300 -0.016590 0.059584
v 0.079300 -0.016590 0.059584
v 0.079300 -0.017500 0.059500
v 0.079300 -0.017500 0.059500
v 0.079300 -0.018410 0.059584
v 0.079300 -0.018410 0.059584
v 0.079300 -0.019340 0.059851
v 0.079300 -0.019340 0.059851
v 0.079300 -0.020236 0.060315
v 0.079300 -0.020236 0.060315
v 0.079300 -0.021036 0.060964
v 0.079300 -0.021036 0.060964
v 0.079300 -0.021685 0.061764
v 0.079300 -0.021685 0.061764
v 0.079300 -0.022149 0.062660
v 0.079300 -0.022149 0.062660
v 0.079300 -0.022417 0.063590
v 0.079300 -0.022417 0.063590
v 0.079300 -0.022500 0.064500
v 0.079300 -0.022500 0.064500
v 0.079300 -0.022500 0.064500
v 0.079300 -0.022500 0.064500
v 0.035000 -0.022500 0.064500
v 0.035000 -0.022500 0.064500
v 0.035000 -0.022500 0.064500
v 0.035000 -0.022417 0.063590
v 0.035000 -0.022417 0.063590
v 0.035000 -0.022149 0.062660
v 0.035000 -0.022149 0.062660
v 0.035000 -0.021685 0.061764
v 0.035000 -0.021685 0.061764
v 0.035000 -0.021036 0.060964
v 0.035000 -0.021036 0.060964
v 0.035000 -0.020236 0.060315
v 0.035000 -0.020236 0.060315
v 0.035000 -0.019340 0.059851
v 0.035000 -0.019340 0.059851
v 0.035000 -0.018410 0.059584
v 0.035000 -0.018410 0.059584
v 0.035000 -0.017500 0.059500
v 0.035000 -0.017500 0.059500
v 0.035000 -0.016590 0.059584
v 0.035000 -0.016590 0.059584
v 0.035000 -0.015660 0.059851
v 0.035000 -0.015660 0.059851
v 0.035000 -0.014764 0.060315
v 0.035000 -0.014764 0.060315
v 0.035000 -0.013964 0.060964
v 0.035000 -0.013964 0.060964
v 0.035000 -0.013315 0.061764
v 0.035000 -0.013315 0.061764
v 0.035000 -0.012851 0.062660
v 0.035000 -0.012851 0.062660
v 0.035000 -0.012583 0.063590
v 0.035000 -0.012583 0.063590
v 0.057150 -0.012610 0.063457
v 0.057150 -0.012964 0.062397
v 0.057150 -0.013572 0.061406
v 0.057150 -0.014406 0.060572
v 0.057150 -0.015397 0.059964
v 0.057150 -0.016457 0.059610
v 0.057150 -0.017500 0.059500
v 0.057150 -0.018543 0.059610
v 0.057150 -0.019340 0.059851
v 0.057150 -0.020113 0.060237
v 0.057150 -0.020820 0.060762
v 0.057150 -0.021428 0.061406
v 0.057150 -0.021908 0.062140
v 0.057150 -0.022245 0.062925
v 0.057150 -0.022439 0.063723
v 0.080000 -0.013200 0.064500
v 0.080000 -0.013200 0.064500
v 0.080000 -0.013272 0.063718
v 0.080000 -0.013272 0.063718
v 0.080000 -0.013502 0.062917
v 0.080000 -0.013502 0.062917
v 0.080000 -0.013901 0.062147
v 0.080000 -0.013901 0.062147
v 0.080000 -0.014459 0.061459
v 0.080000 -0.014459 0.061459
v 0.080000 -0.015147 0.060901
v 0.080000 -0.015147 0.060901
v 0.080000 -0.015917 0.060502
v 0.080000 -0.015917 0.060502
v 0.080000 -0.016718 0.060272
v 0.080000 -0.016718 0.060272
v 0.080000 -0.017500 0.060200
v 0.080000 -0.017500 0.060200
v 0.080000 -0.018282 0.060272
v 0.080000 -0.018282 0.060272
v 0.080000 -0.019083 0.060502
v 0.080000 -0.019083 0.060502
v 0.080000 -0.019853 0.060901
v 0.080000 -0.019853 0.060901
v 0.080000 -0.020541 0.061459
v 0.080000 -0.020541 0.061459
v 0.080000 -0.021099 0.062147
v 0.080000 -0.021099 0.062147
v 0.080000 -0.021498 0.062917
v 0.080000 -0.021498 0.062917
v 0.080000 -0.021728 0.063718
v 0.080000 -0.021728 0.063718
v 0.080000 -0.021800 0.064500
v 0.080000 -0.021800 0.064500
v 0.080000 -0.021800 0.064500
v 0.079650 -0.012952 0.063530
v 0.079650 -0.013281 0.062545
v 0.079650 -0.013847 0.061623
v 0.079650 -0.014623 0.060847
v 0.079650 -0.015545 0.060281
v 0.079650 -0.016530 0.059952
v 0.079650 -0.017500 0.059850
v 0.079650 -0.018470 0.059952
v 0.079650 -0.019212 0.060177
v 0.079650 -0.019930 0.060535
v 0.079650 -0.020588 0.061023
v 0.079650 -0.021153 0.061623
v 0.079650 -0.021599 0.062305
v 0.079650 -0.021913 0.063035
v 0.079650 -0.022093 0.063777
v 0.079300 -0.012583 0.065410
v 0.079300 -0.012583 0.065410
v 0.079300 -0.012851 0.066341
v 0.079300 -0.012851 0.066341
v 0.079300 -0.013315 0.067236
v 0.079300 -0.013315 0.067236
v 0.079300 -0.013964 0.068036
v 0.079300 -0.013964 0.068036
v 0.079300 -0.014764 0.068685
v 0.079300 -0.014764 0.068685
v 0.079300 -0.015660 0.069149
v 0.079300 -0.015660 0.069149
v 0.079300 -0.016590 0.069417
v 0.079300 -0.016590 0.069417
v 0.079300 -0.017500 0.069500
v 0.079300 -0.017500 0.069500
v 0.079300 -0.018410 0.069417
v 0.079300 -0.018410 0.069417
v 0.079300 -0.019340 0.069149
v 0.079300 -0.019340 0.069149
v 0.079300 -0.020236 0.068685
v 0.079300 -0.020236 0.068685
v 0.079300 -0.021036 0.068036
v 0.079300 -0.021036 0.068036
v 0.079300 -0.021685 0.067236
v 0.079300 -0.021685 0.067236
v 0.079300 -0.022149 0.066341
v 0.079300 -0.022149 0.066341
v 0.079300 -0.022417 0.065410
v 0.079300 -0.022417 0.065410
v 0.080000 -0.021728 0.065282
v 0.080000 -0.021728 0.065282
v 0.080000 -0.021498 0.066083
v 0.080000 -0.021498 0.066083
v 0.080000 -0.021099 0.066853
v 0.080000 -0.021099 0.066853
v 0.080000 -0.020541 0.067541
v 0.080000 -0.020541 0.067541
v 0.080000 -0.019853 0.068099
v 0.080000 -0.019853 0.068099
v 0.080000 -0.019083 0.068498
v 0.080000 -0.019083 0.068498
v 0.080000 -0.018282 0.068728
v 0.080000 -0.018282 0.068728
v 0.080000 -0.017500 0.068800
v 0.080000 -0.017500 0.068800
v 0.080000 -0.016718 0.068728
v 0.080000 -0.016718 0.068728
v 0.080000 -0.015917 0.068498
v 0.080000 -0.015917 0.068498
v 0.080000 -0.015147 0.068099
v 0.080000 -0.015147 0.068099
v 0.080000 -0.014459 0.067541
v 0.080000 -0.014459 0.067541
v 0.080000 -0.013901 0.066853
v 0.080000 -0.013901 0.066853
v 0.080000 -0.013502 0.066083
v 0.080000 -0.013502 0.066083
v 0.080000 -0.013272 0.065282
v 0.080000 -0.013272 0.065282
v 0.079650 -0.013087 0.065965
v 0.079650 -0.012907 0.065223
v 0.079650 -0.013401 0.066695
v 0.079650 -0.013847 0.067377
v 0.079650 -0.014412 0.067977
v 0.079650 -0.015070 0.068465
v 0.079650 -0.015788 0.068824
v 0.079650 -0.016530 0.069048
v 0.079650 -0.017500 0.069150
v 0.079650 -0.018470 0.069048
v 0.079650 -0.019455 0.068719
v 0.079650 -0.020377 0.068153
v 0.079650 -0.021153 0.067377
v 0.079650 -0.021719 0.066455
v 0.079650 -0.022048 0.065470
v 0.035000 -0.012583 0.065410
v 0.035000 -0.012583 0.065410
v 0.035000 -0.012851 0.066341
v 0.035000 -0.012851 0.066341
v 0.035000 -0.013315 0.067236
v 0.035000 -0.013315 0.067236
v 0.035000 -0.013964 0.068036
v 0.035000 -0.013964 0.068036
v 0.035000 -0.014764 0.068685
v 0.035000 -0.014764 0.068685
v 0.035000 -0.015660 0.069149
v 0.035000 -0.015660 0.069149
v 0.035000 -0.016590 0.069417
v 0.035000 -0.016590 0.069417
v 0.035000 -0.017500 0.069500
v 0.035000 -0.017500 0.069500
v 0.035000 -0.018410 0.069417
v 0.035000 -0.018410 0.069417
v 0.035000 -0.019340 0.069149
v 0.035000 -0.019340 0.069149
v 0.035000 -0.020236 0.068685
v 0.035000 -0.020236 0.068685
v 0.035000 -0.021036 0.068036
v 0.035000 -0.021036 0.068036
v 0.035000 -0.021685 0.067236
v 0.035000 -0.021685 0.067236
v 0.035000 -0.022149 0.066341
v 0.035000 -0.022149 0.066341
v 0.035000 -0.022417 0.065410
v 0.035000 -0.022417 0.065410
v 0.057150 -0.012755 0.066076
v 0.057150 -0.012561 0.065277
v 0.057150 -0.013092 0.066860
v 0.057150 -0.013572 0.067594
v 0.057150 -0.014180 0.068238
v 0.057150 -0.014887 0.068763
v 0.057150 -0.015660 0.069149
v 0.057150 -0.016457 0.069390
v 0.057150 -0.017500 0.069500
v 0.057150 -0.018543 0.069390
v 0.057150 -0.019603 0.069036
v 0.057150 -0.020594 0.068428
v 0.057150 -0.021428 0.067594
v 0.057150 -0.022036 0.066603
v 0.057150 -0.022390 0.065543
v 0.080000 -0.017500 0.064500
v 0.035000 -0.017500 0.064500
vn 0.0001 1.0000 -0.0000
vn -0.0000 1.0000 -0.0000
vn -0.0000 0.9833 -0.1819
vn -0.0000 0.9780 -0.2085
vn -0.0000 0.9298 -0.3681
vn -0.0000 0.9073 -0.4205
vn -0.0000 0.8370 -0.5472
vn -0.0000 0.7854 -0.6190
vn -0.0002 0.7071 -0.7071
vn -0.0000 0.6189 -0.7855
vn -0.0000 0.5472 -0.8370
vn -0.0000 0.4205 -0.9073
vn -0.0000 0.3681 -0.9298
vn -0.0000 0.2086 -0.9780
vn -0.0000 0.1819 -0.9833
vn -0.0000 -0.0000 -1.0000
vn -0.0000 -0.1820 -0.9833
vn -0.0000 -0.2085 -0.9780
vn -0.0000 -0.3681 -0.9298
vn -0.0000 -0.3683 -0.9297
vn -0.0000 -0.5226 -0.8526
vn -0.0000 -0.5472 -0.8370
vn -0.0000 0.9833 -0.1820
vn -0.0000 0.7071 -0.7071
vn -0.0000 0.1820 -0.9833
vn -0.0000 -0.6642 -0.7476
vn 0.0002 -0.7071 -0.7071
vn -0.0000 -0.7855 -0.6189
vn -0.0000 -0.8370 -0.5472
vn -0.0000 -0.8815 -0.4722
vn -0.0000 -0.9298 -0.3681
vn -0.0000 -0.9491 -0.3151
vn -0.0000 -0.9833 -0.1820
vn -0.0000 -0.9879 -0.1554
vn -0.0001 -1.0000 0.0004
vn 0.0001 -1.0000 -0.0000
vn -0.0002 -0.7071 -0.7071
vn 0.7071 0.7071 -0.0000
vn 0.7071 0.6953 -0.1287
vn 0.7071 0.6916 -0.1475
vn 0.7071 0.6575 -0.2603
vn 0.7071 0.6415 -0.2974
vn 0.7071 0.5918 -0.3870
vn 0.7071 0.5555 -0.4376
vn 0.7071 0.5000 -0.5000
vn 0.7070 0.4376 -0.5555
vn 0.7071 0.3870 -0.5918
vn 0.7071 0.2975 -0.6415
vn 0.7071 0.2603 -0.6575
vn 0.7071 0.1475 -0.6916
vn 0.7071 0.1287 -0.6953
vn 0.7073 -0.0000 -0.7069
vn 0.7071 -0.0000 -0.7071
vn 0.7071 -0.1287 -0.6953
vn 0.7071 -0.1476 -0.6915
vn 0.7071 -0.2603 -0.6575
vn 0.7071 -0.3695 -0.6029
vn 0.7071 -0.3869 -0.5918
vn 0.7071 0.5919 -0.3869
vn 0.7071 0.3869 -0.5919
vn 0.7071 -0.4696 -0.5287
vn 0.7071 -0.5000 -0.5000
vn 0.7071 -0.5555 -0.4375
vn 0.7071 -0.5918 -0.3869
vn 0.7071 -0.6234 -0.3338
vn 0.7071 -0.6575 -0.2603
vn 0.7071 -0.6711 -0.2228
vn 0.7071 -0.6953 -0.1287
vn 0.7071 -0.6985 -0.1100
vn 0.7071 -0.7071 -0.0000
vn 0.7071 0.6953 0.1287
vn 0.7071 0.6985 0.1100
vn 0.7071 0.6711 0.2228
vn 0.7071 0.6575 0.2603
vn 0.7071 0.6234 0.3338
vn 0.7071 0.5919 0.3869
vn 0.7071 0.5555 0.4375
vn 0.7071 0.5000 0.5000
vn 0.7071 0.4695 0.5287
vn 0.7071 0.3869 0.5918
vn 0.7071 0.3695 0.6029
vn 0.7071 0.2603 0.6575
vn 0.7071 0.1475 0.6915
vn 0.7071 0.2603 0.6574
vn 0.7071 0.1286 0.6953
vn 0.7073 -0.0000 0.7069
vn 0.7071 -0.0000 0.7071
vn 0.7071 -0.1287 0.6953
vn 0.7071 -0.1474 0.6916
vn 0.7071 -0.2603 0.6575
vn 0.7071 -0.2974 0.6415
vn 0.7071 -0.3869 0.5918
vn 0.7071 -0.4376 0.5555
vn 0.7071 -0.5000 0.5000
vn 0.7071 -0.5555 0.4376
vn 0.7071 -0.5919 0.3869
vn 0.7071 -0.6415 0.2975
vn 0.7071 -0.6575 0.2603
vn 0.7071 -0.6916 0.1475
vn 0.7071 -0.6953 0.1286
vn 0.7071 0.1287 0.6953
vn 0.7071 -0.3870 0.5918
vn 0.7071 -0.5918 0.3870
vn 0.7071 0.3869 0.5919
vn 0.7072 0.5918 0.3869
vn -0.0000 0.9833 0.1819
vn -0.0000 0.9878 0.1555
vn -0.0000 0.9491 0.3150
vn -0.0000 0.9298 0.3681
vn -0.0000 0.8814 0.4723
vn -0.0000 0.8370 0.5472
vn -0.0000 0.7853 0.6192
vn -0.0002 0.7071 0.7071
vn -0.0000 0.6642 0.7476
vn -0.0000 0.5472 0.8370
vn -0.0000 0.5226 0.8526
vn -0.0000 0.3681 0.9298
vn -0.0000 0.3683 0.9297
vn -0.0000 0.2085 0.9780
vn -0.0000 0.1820 0.9833
vn -0.0000 -0.0000 1.0000
vn -0.0000 -0.1819 0.9833
vn -0.0000 -0.2085 0.9780
vn -0.0000 -0.3681 0.9298
vn -0.0000 -0.4205 0.9073
vn -0.0000 -0.5472 0.8370
vn -0.0000 -0.6188 0.7856
vn -0.0000 -0.7071 0.7071
vn -0.0000 -0.7855 0.6188
vn -0.0000 -0.8370 0.5472
vn -0.0000 -0.9073 0.4205
vn -0.0000 -0.9298 0.3681
vn -0.0000 -0.9780 0.2085
vn -0.0000 -0.9833 0.1820
vn -0.0000 -0.9833 0.1819
vn -0.0000 -0.3682 0.9297
vn -0.0000 -0.9297 0.3682
vn -0.0000 0.7071 0.7071
vn 1.0000 -0.0000 -0.0000
vn -1.0000 -0.0000 -0.0000
vt 1.500000 0.000000
vt -2.930000 0.000000
vt 1.500000 -0.088390
vt -0.715000 -0.101017
vt 1.500000 -0.176780
vt -0.715000 -0.202034
vt 1.500000 -0.265170
vt -0.715000 -0.303051
vt 1.500000 -0.353560
vt -0.715000 -0.404069
vt 1.500000 -0.441950
vt -0.715000 -0.505086
vt 1.500000 -0.530340
vt -0.715000 -0.606103
vt 1.500000 -0.618730
vt -0.715000 -0.707120
vt 1.500000 -0.707120
vt 1.500000 -0.795510
vt -0.715000 -0.808137
vt 1.500000 -0.883900
vt -0.715000 -0.883900
vt -0.715000 -0.959663
vt -2.930000 -0.883900
vt -2.930000 -0.972290
vt -2.930000 -0.088390
vt -2.930000 -0.176780
vt -2.930000 -0.265170
vt -2.930000 -0.353560
vt -2.930000 -0.441950
vt -2.930000 -0.530340
vt -2.930000 -0.618730
vt -2.930000 -0.707120
vt -2.930000 -0.795510
vt -0.715000 -1.035426
vt -2.930000 -1.060680
vt -0.715000 -1.111188
vt -2.930000 -1.149070
vt -0.715000 -1.186951
vt -2.930000 -1.237460
vt -0.715000 -1.262714
vt -2.930000 -1.325850
vt -0.715000 -1.338477
vt -2.930000 -1.414240
vt 1.500000 -1.414240
vt 1.500000 -1.325850
vt 1.500000 -1.237460
vt 1.500000 -1.149070
vt 1.500000 -1.060680
vt 1.500000 -0.972290
vt 0.049497 0.000000
vt -0.049497 0.000000
vt 0.049497 -0.082203
vt -0.000000 -0.093946
vt 0.049497 -0.164405
vt -0.000000 -0.187892
vt 0.049497 -0.246608
vt -0.000000 -0.281838
vt 0.049497 -0.328811
vt -0.000000 -0.375784
vt 0.049497 -0.411013
vt -0.000000 -0.469730
vt 0.049497 -0.493216
vt -0.000000 -0.563676
vt 0.049497 -0.575419
vt -0.000000 -0.657622
vt 0.049497 -0.657622
vt 0.049497 -0.739824
vt -0.000000 -0.751567
vt 0.049497 -0.822027
vt -0.000000 -0.822027
vt -0.000000 -0.892486
vt -0.049497 -0.822027
vt -0.049497 -0.904230
vt -0.049497 -0.082203
vt -0.049497 -0.164405
vt -0.049497 -0.246608
vt -0.049497 -0.328811
vt -0.049497 -0.411013
vt -0.049497 -0.493216
vt -0.049497 -0.575419
vt -0.049497 -0.657622
vt -0.049497 -0.739824
vt -0.000000 -0.962946
vt -0.049497 -0.986432
vt -0.000000 -1.033405
vt -0.049497 -1.068635
vt -0.000000 -1.103865
vt -0.049497 -1.150838
vt -0.000000 -1.174324
vt -0.049497 -1.233040
vt -0.000000 -1.244784
vt -0.049497 -1.315243
vt 0.049497 -1.315243
vt 0.049497 -1.233040
vt 0.049497 -1.150838
vt 0.049497 -1.068635
vt 0.049497 -0.986432
vt 0.049497 -0.904230
vt -0.049497 0.082203
vt -0.000000 0.070459
vt 0.049497 0.082203
vt -0.000000 0.140919
vt 0.049497 0.164405
vt -0.000000 0.211378
vt 0.049497 0.246608
vt -0.000000 0.281838
vt 0.049497 0.328811
vt -0.000000 0.352297
vt 0.049497 0.411013
vt -0.000000 0.422757
vt 0.049497 0.493216
vt -0.000000 0.493216
vt -0.000000 0.563676
vt -0.049497 0.493216
vt -0.049497 0.575419
vt -0.000000 0.657622
vt -0.049497 0.657622
vt -0.049497 0.739824
vt -0.000000 0.751567
vt -0.049497 0.822027
vt -0.000000 0.845513
vt -0.049497 0.904230
vt -0.000000 0.939459
vt -0.049497 0.986432
vt -0.000000 1.033405
vt -0.049497 1.068635
vt -0.000000 1.127351
vt -0.049497 1.150838
vt -0.000000 1.221297
vt -0.049497 1.233040
vt -0.049497 1.315243
vt 0.049497 1.233040
vt 0.049497 1.315243
vt 0.049497 0.575419
vt 0.049497 0.657622
vt 0.049497 0.739824
vt 0.049497 0.822027
vt 0.049497 0.904230
vt 0.049497 0.986432
vt 0.049497 1.068635
vt 0.049497 1.150838
vt -0.049497 0.411013
vt -0.049497 0.328811
vt -0.049497 0.246608
vt -0.049497 0.164405
vt -2.930000 0.088390
vt -0.715000 0.075763
vt 1.500000 0.088390
vt -0.715000 0.151526
vt 1.500000 0.176780
vt -0.715000 0.227289
vt 1.500000 0.265170
vt -0.715000 0.303051
vt 1.500000 0.353560
vt -0.715000 0.378814
vt 1.500000 0.441950
vt -0.715000 0.454577
vt 1.500000 0.530340
vt -0.715000 0.530340
vt -0.715000 0.606103
vt -2.930000 0.530340
vt -2.930000 0.618730
vt -0.715000 0.707120
vt -2.930000 0.707120
vt -2.930000 0.795510
vt -0.715000 0.808137
vt -2.930000 0.883900
vt -0.715000 0.909154
vt -2.930000 0.972290
vt -0.715000 1.010171
vt -2.930000 1.060680
vt -0.715000 1.111189
vt -2.930000 1.149070
vt -0.715000 1.212206
vt -2.930000 1.237460
vt -0.715000 1.313223
vt -2.930000 1.325850
vt -2.930000 1.414240
vt 1.500000 1.325850
vt 1.500000 1.414240
vt 1.500000 0.618730
vt 1.500000 0.707120
vt 1.500000 0.795510
vt 1.500000 0.883900
vt 1.500000 0.972290
vt 1.500000 1.060680
vt 1.500000 1.149070
vt 1.500000 1.237460
vt -2.930000 0.441950
vt -2.930000 0.353560
vt -2.930000 0.265170
vt -2.930000 0.176780
vt 0.422821 -0.078244
vt 0.430000 0.000000
vt -0.000000 0.000000
vt 0.422821 0.078244
vt 0.399809 0.158281
vt 0.359908 0.235300
vt 0.304056 0.304056
vt 0.235300 0.359908
vt 0.158281 0.399809
vt 0.078244 0.422821
vt -0.000000 0.430000
vt -0.078244 0.422821
vt -0.158281 0.399809
vt -0.235300 0.359908
vt -0.304056 0.304056
vt -0.359908 0.235300
vt -0.399809 0.158281
vt -0.422821 0.078244
vt -0.430000 0.000000
vt -0.422821 -0.078244
vt -0.399809 -0.158281
vt -0.359908 -0.235300
vt -0.304056 -0.304056
vt -0.235300 -0.359908
vt -0.158281 -0.399809
vt -0.078244 -0.422821
vt -0.000000 -0.430000
vt 0.078244 -0.422821
vt 0.158281 -0.399809
vt 0.235300 -0.359908
vt 0.304056 -0.304056
vt 0.359908 -0.235300
vt 0.399809 -0.158281
vt 0.491653 -0.090981
vt 0.500000 0.000000
vt 0.000000 0.000000
vt 0.491653 0.090982
vt 0.464894 0.184047
vt 0.418498 0.273605
vt 0.353553 0.353553
vt 0.273605 0.418498
vt 0.184047 0.464894
vt 0.090982 0.491653
vt -0.000000 0.500000
vt -0.090982 0.491653
vt -0.184047 0.464894
vt -0.273605 0.418498
vt -0.353553 0.353553
vt -0.418498 0.273605
vt -0.464894 0.184047
vt -0.491653 0.090982
vt -0.500000 0.000000
vt -0.491653 -0.090981
vt -0.464894 -0.184047
vt -0.418498 -0.273605
vt -0.353553 -0.353553
vt -0.273605 -0.418498
vt -0.184047 -0.464894
vt -0.090982 -0.491653
vt -0.000000 -0.500000
vt 0.090982 -0.491653
vt 0.184047 -0.464894
vt 0.273605 -0.418498
vt 0.353553 -0.353553
vt 0.418498 -0.273605
vt 0.464894 -0.184047
s 1
usemtl Brass_-_Polished
f 753/464/171 755/465/172 822/466/173
f 822/466/173 755/465/172 823/467/174
f 822/466/173 823/467/174 820/468/175
f 820/468/175 823/467/174 824/469/176
f 820/468/175 824/469/176 818/470/177
f 818/470/177 824/469/176 825/471/178
f 818/470/177 825/471/178 816/472/179
f 816/472/179 825/471/178 826/473/180
f 816/472/179 826/473/180 814/474/181
f 814/474/181 826/473/180 827/475/182
f 814/474/181 827/475/182 812/476/183
f 812/476/183 827/475/182 828/477/184
f 812/476/183 828/477/184 810/478/185
f 810/478/185 828/477/184 829/479/186
f 810/478/185 829/479/186 807/480/186
f 807/480/186 829/479/186 806/481/187
f 806/481/187 829/479/186 830/482/188
f 806/481/187 830/482/188 804/483/189
f 804/483/189 830/482/188 831/484/190
f 804/483/189 831/484/190 832/485/191
f 832/485/191 831/484/190 775/486/189
f 832/485/191 775/486/189 777/487/192
f 755/465/172 757/488/193 823/467/174
f 823/467/174 757/488/193 759/489/175
f 823/467/174 759/489/175 824/469/176
f 824/469/176 759/489/175 761/490/177
f 824/469/176 761/490/177 825/471/178
f 825/471/178 761/490/177 763/491/194
f 825/471/178 763/491/194 826/473/180
f 826/473/180 763/491/194 765/492/181
f 826/473/180 765/492/181 827/475/182
f 827/475/182 765/492/181 767/493/183
f 827/475/182 767/493/183 828/477/184
f 828/477/184 767/493/183 769/494/195
f 828/477/184 769/494/195 829/479/186
f 829/479/186 769/494/195 770/495/186
f 829/479/186 770/495/186 773/496/187
f 829/479/186 773/496/187 830/482/188
f 830/482/188 773/496/187 775/486/189
f 830/482/188 775/486/189 831/484/190
f 832/485/191 777/487/192 833/497/196
f 833/497/196 777/487/192 779/498/197
f 833/497/196 779/498/197 834/499/198
f 834/499/198 779/498/197 781/500/199
f 834/499/198 781/500/199 835/501/200
f 835/501/200 781/500/199 783/502/201
f 835/501/200 783/502/201 836/503/202
f 836/503/202 783/502/201 785/504/203
f 836/503/202 785/504/203 837/505/204
f 837/505/204 785/504/203 788/506/205
f 837/505/204 788/506/205 791/507/206
f 791/507/206 794/508/203 837/505/204
f 837/505/204 794/508/203 836/503/202
f 794/508/203 796/509/201 836/503/202
f 836/503/202 796/509/201 835/501/200
f 796/509/201 798/510/199 835/501/200
f 835/501/200 798/510/199 834/499/198
f 798/510/199 800/511/207 834/499/198
f 834/499/198 800/511/207 833/497/196
f 800/511/207 802/512/192 833/497/196
f 833/497/196 802/512/192 832/485/191
f 802/512/192 804/483/189 832/485/191
f 754/513/208 839/514/208 756/515/209
f 756/515/209 839/514/208 873/516/210
f 756/515/209 873/516/210 758/517/211
f 758/517/211 873/516/210 874/518/212
f 758/517/211 874/518/212 760/519/213
f 760/519/213 874/518/212 875/520/214
f 760/519/213 875/520/214 762/521/215
f 762/521/215 875/520/214 876/522/216
f 762/521/215 876/522/216 764/523/217
f 764/523/217 876/522/216 877/524/218
f 764/523/217 877/524/218 766/525/219
f 766/525/219 877/524/218 878/526/220
f 766/525/219 878/526/220 768/527/221
f 768/527/221 878/526/220 879/528/222
f 768/527/221 879/528/222 771/529/223
f 771/529/223 879/528/222 772/530/224
f 772/530/224 879/528/222 880/531/225
f 772/530/224 880/531/225 774/532/226
f 774/532/226 880/531/225 881/533/226
f 774/532/226 881/533/226 882/534/227
f 882/534/227 881/533/226 859/535/226
f 882/534/227 859/535/226 861/536/228
f 839/514/208 841/537/209 873/516/210
f 873/516/210 841/537/209 843/538/211
f 873/516/210 843/538/211 874/518/212
f 874/518/212 843/538/211 845/539/229
f 874/518/212 845/539/229 875/520/214
f 875/520/214 845/539/229 847/540/215
f 875/520/214 847/540/215 876/522/216
f 876/522/216 847/540/215 849/541/230
f 876/522/216 849/541/230 877/524/218
f 877/524/218 849/541/230 851/542/219
f 877/524/218 851/542/219 878/526/220
f 878/526/220 851/542/219 853/543/221
f 878/526/220 853/543/221 879/528/222
f 879/528/222 853/543/221 854/544/223
f 879/528/222 854/544/223 857/545/224
f 879/528/222 857/545/224 880/531/225
f 880/531/225 857/545/224 859/535/226
f 880/531/225 859/535/226 881/533/226
f 882/534/227 861/536/228 883/546/231
f 883/546/231 861/536/228 863/547/232
f 883/546/231 863/547/232 884/548/233
f 884/548/233 863/547/232 865/549/234
f 884/548/233 865/549/234 885/550/235
f 885/550/235 865/549/234 867/551/236
f 885/550/235 867/551/236 886/552/237
f 886/552/237 867/551/236 869/553/238
f 886/552/237 869/553/238 887/554/239
f 887/554/239 869/553/238 871/555/240
f 887/554/239 871/555/240 786/556/240
f 786/556/240 784/557/238 887/554/239
f 887/554/239 784/557/238 886/552/237
f 784/557/238 782/558/236 886/552/237
f 886/552/237 782/558/236 885/550/235
f 782/558/236 780/559/234 885/550/235
f 885/550/235 780/559/234 884/548/233
f 780/559/234 778/560/232 884/548/233
f 884/548/233 778/560/232 883/546/231
f 778/560/232 776/561/228 883/546/231
f 883/546/231 776/561/228 882/534/227
f 776/561/228 774/532/226 882/534/227
f 947/562/241 839/514/208 949/563/242
f 949/563/242 839/514/208 754/513/208
f 949/563/242 754/513/208 888/564/241
f 949/563/242 888/564/241 948/565/243
f 948/565/243 888/564/241 890/566/244
f 948/565/243 890/566/244 950/567/245
f 950/567/245 890/566/244 892/568/246
f 950/567/245 892/568/246 951/569/247
f 951/569/247 892/568/246 894/570/248
f 951/569/247 894/570/248 952/571/249
f 952/571/249 894/570/248 896/572/250
f 952/571/249 896/572/250 953/573/251
f 953/573/251 896/572/250 898/574/252
f 953/573/251 898/574/252 954/575/252
f 954/575/252 898/574/252 955/576/253
f 954/575/252 955/576/253 937/577/254
f 937/577/254 955/576/253 935/578/255
f 935/578/255 955/576/253 956/579/256
f 935/578/255 956/579/256 932/580/257
f 932/580/257 956/579/256 931/581/258
f 931/581/258 956/579/256 957/582/259
f 931/581/258 957/582/259 929/583/260
f 929/583/260 957/582/259 958/584/261
f 929/583/260 958/584/261 927/585/262
f 927/585/262 958/584/261 959/586/263
f 927/585/262 959/586/263 925/587/264
f 925/587/264 959/586/263 960/588/265
f 925/587/264 960/588/265 923/589/266
f 923/589/266 960/588/265 961/590/267
f 923/589/266 961/590/267 921/591/268
f 921/591/268 961/590/267 962/592/269
f 921/591/268 962/592/269 919/593/270
f 919/593/270 962/592/269 872/594/240
f 872/594/240 962/592/269 916/595/270
f 872/594/240 916/595/270 787/596/240
f 898/574/252 900/597/271 955/576/253
f 955/576/253 900/597/271 956/579/256
f 900/597/271 903/598/257 956/579/256
f 956/579/256 903/598/257 904/599/258
f 956/579/256 904/599/258 957/582/259
f 957/582/259 904/599/258 906/600/260
f 957/582/259 906/600/260 958/584/261
f 958/584/261 906/600/260 908/601/272
f 958/584/261 908/601/272 959/586/263
f 959/586/263 908/601/272 910/602/264
f 959/586/263 910/602/264 960/588/265
f 960/588/265 910/602/264 912/603/273
f 960/588/265 912/603/273 961/590/267
f 961/590/267 912/603/273 914/604/268
f 961/590/267 914/604/268 962/592/269
f 962/592/269 914/604/268 916/595/270
f 954/575/252 937/577/254 953/573/251
f 953/573/251 937/577/254 939/605/274
f 953/573/251 939/605/274 952/571/249
f 952/571/249 939/605/274 941/606/248
f 952/571/249 941/606/248 951/569/247
f 951/569/247 941/606/248 943/607/275
f 951/569/247 943/607/275 950/567/245
f 950/567/245 943/607/275 945/608/244
f 950/567/245 945/608/244 948/565/243
f 948/565/243 945/608/244 947/562/241
f 948/565/243 947/562/241 949/563/242
f 889/609/276 755/465/172 994/610/277
f 994/610/277 755/465/172 753/464/171
f 994/610/277 753/464/171 964/611/276
f 994/610/277 964/611/276 993/612/278
f 993/612/278 964/611/276 966/613/279
f 993/612/278 966/613/279 995/614/280
f 995/614/280 966/613/279 968/615/281
f 995/614/280 968/615/281 996/616/282
f 996/616/282 968/615/281 970/617/283
f 996/616/282 970/617/283 997/618/284
f 997/618/284 970/617/283 972/619/285
f 997/618/284 972/619/285 998/620/286
f 998/620/286 972/619/285 974/621/287
f 998/620/286 974/621/287 999/622/288
f 999/622/288 974/621/287 1000/623/289
f 999/622/288 1000/623/289 899/624/287
f 899/624/287 1000/623/289 901/625/290
f 901/625/290 1000/623/289 1001/626/291
f 901/625/290 1001/626/291 902/627/291
f 902/627/291 1001/626/291 905/628/292
f 905/628/292 1001/626/291 1002/629/293
f 905/628/292 1002/629/293 907/630/294
f 907/630/294 1002/629/293 1003/631/295
f 907/630/294 1003/631/295 909/632/296
f 909/632/296 1003/631/295 1004/633/297
f 909/632/296 1004/633/297 911/634/298
f 911/634/298 1004/633/297 1005/635/299
f 911/634/298 1005/635/299 913/636/300
f 913/636/300 1005/635/299 1006/637/301
f 913/636/300 1006/637/301 915/638/302
f 915/638/302 1006/637/301 1007/639/303
f 915/638/302 1007/639/303 917/640/304
f 917/640/304 1007/639/303 789/641/205
f 789/641/205 1007/639/303 992/642/305
f 789/641/205 992/642/305 792/643/206
f 974/621/287 976/644/290 1000/623/289
f 1000/623/289 976/644/290 1001/626/291
f 976/644/290 977/645/291 1001/626/291
f 1001/626/291 977/645/291 980/646/292
f 1001/626/291 980/646/292 1002/629/293
f 1002/629/293 980/646/292 982/647/306
f 1002/629/293 982/647/306 1003/631/295
f 1003/631/295 982/647/306 984/648/296
f 1003/631/295 984/648/296 1004/633/297
f 1004/633/297 984/648/296 986/649/298
f 1004/633/297 986/649/298 1005/635/299
f 1005/635/299 986/649/298 988/650/300
f 1005/635/299 988/650/300 1006/637/301
f 1006/637/301 988/650/300 990/651/307
f 1006/637/301 990/651/307 1007/639/303
f 1007/639/303 990/651/307 992/642/305
f 999/622/288 899/624/287 998/620/286
f 998/620/286 899/624/287 897/652/285
f 998/620/286 897/652/285 997/618/284
f 997/618/284 897/652/285 895/653/308
f 997/618/284 895/653/308 996/616/282
f 996/616/282 895/653/308 893/654/281
f 996/616/282 893/654/281 995/614/280
f 995/614/280 893/654/281 891/655/279
f 995/614/280 891/655/279 993/612/278
f 993/612/278 891/655/279 889/609/276
f 993/612/278 889/609/276 994/610/277
s 0
f 840/656/309 838/657/309 1008/658/309
f 1008/658/309 838/657/309 946/659/309
f 1008/658/309 946/659/309 944/660/309
f 944/660/309 942/661/309 1008/658/309
f 1008/658/309 942/661/309 940/662/309
f 1008/658/309 940/662/309 938/663/309
f 938/663/309 936/664/309 1008/658/309
f 1008/658/309 936/664/309 934/665/309
f 1008/658/309 934/665/309 933/666/309
f 933/666/309 930/667/309 1008/658/309
f 1008/658/309 930/667/309 928/668/309
f 1008/658/309 928/668/309 926/669/309
f 926/669/309 924/670/309 1008/658/309
f 1008/658/309 924/670/309 922/671/309
f 1008/658/309 922/671/309 920/672/309
f 920/672/309 918/673/309 1008/658/309
f 1008/658/309 918/673/309 870/674/309
f 1008/658/309 870/674/309 868/675/309
f 868/675/309 866/676/309 1008/658/309
f 1008/658/309 866/676/309 864/677/309
f 1008/658/309 864/677/309 862/678/309
f 862/678/309 860/679/309 1008/658/309
f 1008/658/309 860/679/309 858/680/309
f 1008/658/309 858/680/309 856/681/309
f 856/681/309 855/682/309 1008/658/309
f 1008/658/309 855/682/309 852/683/309
f 1008/658/309 852/683/309 850/684/309
f 850/684/309 848/685/309 1008/658/309
f 1008/658/309 848/685/309 846/686/309
f 1008/658/309 846/686/309 844/687/309
f 844/687/309 842/688/309 1008/658/309
f 1008/658/309 842/688/309 840/656/309
f 793/689/310 790/690/310 1009/691/310
f 1009/691/310 790/690/310 991/692/310
f 1009/691/310 991/692/310 989/693/310
f 989/693/310 987/694/310 1009/691/310
f 1009/691/310 987/694/310 985/695/310
f 1009/691/310 985/695/310 983/696/310
f 983/696/310 981/697/310 1009/691/310
f 1009/691/310 981/697/310 979/698/310
f 1009/691/310 979/698/310 978/699/310
f 978/699/310 975/700/310 1009/691/310
f 1009/691/310 975/700/310 973/701/310
f 1009/691/310 973/701/310 971/702/310
f 971/702/310 969/703/310 1009/691/310
f 1009/691/310 969/703/310 967/704/310
f 1009/691/310 967/704/310 965/705/310
f 965/705/310 963/706/310 1009/691/310
f 1009/691/310 963/706/310 752/707/310
f 1009/691/310 752/707/310 821/708/310
f 821/708/310 819/709/310 1009/691/310
f 1009/691/310 819/709/310 817/710/310
f 1009/691/310 817/710/310 815/711/310
f 815/711/310 813/712/310 1009/691/310
f 1009/691/310 813/712/310 811/713/310
f 1009/691/310 811/713/310 809/714/310
f 809/714/310 808/715/310 1009/691/310
f 1009/691/310 808/715/310 805/716/310
f 1009/691/310 805/716/310 803/717/310
f 803/717/310 801/718/310 1009/691/310
f 1009/691/310 801/718/310 799/719/310
f 1009/691/310 799/719/310 797/720/310
f 797/720/310 795/721/310 1009/691/310
f 1009/691/310 795/721/310 793/689/310
o dock_pin_L
v 0.035000 0.022500 0.064500
v 0.035000 0.022500 0.064500
v 0.079300 0.022500 0.064500
v 0.079300 0.022500 0.064500
v 0.079300 0.022417 0.063590
v 0.079300 0.022417 0.063590
v 0.079300 0.022149 0.062660
v 0.079300 0.022149 0.062660
v 0.079300 0.021685 0.061764
v 0.079300 0.021685 0.061764
v 0.079300 0.021036 0.060964
v 0.079300 0.021036 0.060964
v 0.079300 0.020236 0.060315
v 0.079300 0.020236 0.060315
v 0.079300 0.019340 0.059851
v 0.079300 0.019340 0.059851
v 0.079300 0.018410 0.059584
v 0.079300 0.018410 0.059584
v 0.079300 0.017500 0.059500
v 0.079300 0.017500 0.059500
v 0.079300 0.016590 0.059584
v 0.079300 0.016590 0.059584
v 0.079300 0.015660 0.059851
v 0.079300 0.015660 0.059851
v 0.079300 0.014764 0.060315
v 0.079300 0.014764 0.060315
v 0.079300 0.013964 0.060964
v 0.079300 0.013964 0.060964
v 0.079300 0.013315 0.061764
v 0.079300 0.013315 0.061764
v 0.079300 0.012851 0.062660
v 0.079300 0.012851 0.062660
v 0.079300 0.012583 0.063590
v 0.079300 0.012583 0.063590
v 0.079300 0.012500 0.064500
v 0.079300 0.012500 0.064500
v 0.079300 0.012500 0.064500
v 0.079300 0.012500 0.064500
v 0.035000 0.012500 0.064500
v 0.035000 0.012500 0.064500
v 0.035000 0.012500 0.064500
v 0.035000 0.012583 0.063590
v 0.035000 0.012583 0.063590
v 0.035000 0.012851 0.062660
v 0.035000 0.012851 0.062660
v 0.035000 0.013315 0.061764
v 0.035000 0.013315 0.061764
v 0.035000 0.013964 0.060964
v 0.035000 0.013964 0.060964
v 0.035000 0.014764 0.060315
v 0.035000 0.014764 0.060315
v 0.035000 0.015660 0.059851
v 0.035000 0.015660 0.059851
v 0.035000 0.016590 0.059584
v 0.035000 0.016590 0.059584
v 0.035000 0.017500 0.059500
v 0.035000 0.017500 0.059500
v 0.035000 0.018410 0.059584
v 0.035000 0.018410 0.059584
v 0.035000 0.019340 0.059851
v 0.035000 0.019340 0.059851
v 0.035000 0.020236 0.060315
v 0.035000 0.020236 0.060315
v 0.035000 0.021036 0.060964
v 0.035000 0.021036 0.060964
v 0.035000 0.021685 0.061764
v 0.035000 0.021685 0.061764
v 0.035000 0.022149 0.062660
v 0.035000 0.022149 0.062660
v 0.035000 0.022417 0.063590
v 0.035000 0.022417 0.063590
v 0.057150 0.022390 0.063457
v 0.057150 0.022036 0.062397
v 0.057150 0.021428 0.061406
v 0.057150 0.020594 0.060572
v 0.057150 0.019603 0.059964
v 0.057150 0.018543 0.059610
v 0.057150 0.017500 0.059500
v 0.057150 0.016457 0.059610
v 0.057150 0.015660 0.059851
v 0.057150 0.014887 0.060237
v 0.057150 0.014180 0.060762
v 0.057150 0.013572 0.061406
v 0.057150 0.013092 0.062140
v 0.057150 0.012755 0.062925
v 0.057150 0.012561 0.063723
v 0.080000 0.021800 0.064500
v 0.080000 0.021800 0.064500
v 0.080000 0.021728 0.063718
v 0.080000 0.021728 0.063718
v 0.080000 0.021498 0.062917
v 0.080000 0.021498 0.062917
v 0.080000 0.021099 0.062147
v 0.080000 0.021099 0.062147
v 0.080000 0.020541 0.061459
v 0.080000 0.020541 0.061459
v 0.080000 0.019853 0.060901
v 0.080000 0.019853 0.060901
v 0.080000 0.019083 0.060502
v 0.080000 0.019083 0.060502
v 0.080000 0.018282 0.060272
v 0.080000 0.018282 0.060272
v 0.080000 0.017500 0.060200
v 0.080000 0.017500 0.060200
v 0.080000 0.016718 0.060272
v 0.080000 0.016718 0.060272
v 0.080000 0.015917 0.060502
v 0.080000 0.015917 0.060502
v 0.080000 0.015147 0.060901
v 0.080000 0.015147 0.060901
v 0.080000 0.014459 0.061459
v 0.080000 0.014459 0.061459
v 0.080000 0.013901 0.062147
v 0.080000 0.013901 0.062147
v 0.080000 0.013502 0.062917
v 0.080000 0.013502 0.062917
v 0.080000 0.013272 0.063718
v 0.080000 0.013272 0.063718
v 0.080000 0.013200 0.064500
v 0.080000 0.013200 0.064500
v 0.080000 0.013200 0.064500
v 0.079650 0.022048 0.063530
v 0.079650 0.021719 0.062545
v 0.079650 0.021153 0.061623
v 0.079650 0.020377 0.060847
v 0.079650 0.019455 0.060281
v 0.079650 0.018470 0.059952
v 0.079650 0.017500 0.059850
v 0.079650 0.016530 0.059952
v 0.079650 0.015788 0.060177
v 0.079650 0.015070 0.060535
v 0.079650 0.014412 0.061023
v 0.079650 0.013847 0.061623
v 0.079650 0.013401 0.062305
v 0.079650 0.013087 0.063035
v 0.079650 0.012907 0.063777
v 0.079300 0.022417 0.065410
v 0.079300 0.022417 0.065410
v 0.079300 0.022149 0.066341
v 0.079300 0.022149 0.066341
v 0.079300 0.021685 0.067236
v 0.079300 0.021685 0.067236
v 0.079300 0.021036 0.068036
v 0.079300 0.021036 0.068036
v 0.079300 0.020236 0.068685
v 0.079300 0.020236 0.068685
v 0.079300 0.019340 0.069149
v 0.079300 0.019340 0.069149
v 0.079300 0.018410 0.069417
v 0.079300 0.018410 0.069417
v 0.079300 0.017500 0.069500
v 0.079300 0.017500 0.069500
v 0.079300 0.016590 0.069417
v 0.079300 0.016590 0.069417
v 0.079300 0.015660 0.069149
v 0.079300 0.015660 0.069149
v 0.079300 0.014764 0.068685
v 0.079300 0.014764 0.068685
v 0.079300 0.013964 0.068036
v 0.079300 0.013964 0.068036
v 0.079300 0.013315 0.067236
v 0.079300 0.013315 0.067236
v 0.079300 0.012851 0.066341
v 0.079300 0.012851 0.066341
v 0.079300 0.012583 0.065410
v 0.079300 0.012583 0.065410
v 0.080000 0.013272 0.065282
v 0.080000 0.013272 0.065282
v 0.080000 0.013502 0.066083
v 0.080000 0.013502 0.066083
v 0.080000 0.013901 0.066853
v 0.080000 0.013901 0.066853
v 0.080000 0.014459 0.067541
v 0.080000 0.014459 0.067541
v 0.080000 0.015147 0.068099
v 0.080000 0.015147 0.068099
v 0.080000 0.015917 0.068498
v 0.080000 0.015917 0.068498
v 0.080000 0.016718 0.068728
v 0.080000 0.016718 0.068728
v 0.080000 0.017500 0.068800
v 0.080000 0.017500 0.068800
v 0.080000 0.018282 0.068728
v 0.080000 0.018282 0.068728
v 0.080000 0.019083 0.068498
v 0.080000 0.019083 0.068498
v 0.080000 0.019853 0.068099
v 0.080000 0.019853 0.068099
v 0.080000 0.020541 0.067541
v 0.080000 0.020541 0.067541
v 0.080000 0.021099 0.066853
v 0.080000 0.021099 0.066853
v 0.080000 0.021498 0.066083
v 0.080000 0.021498 0.066083
v 0.080000 0.021728 0.065282
v 0.080000 0.021728 0.065282
v 0.079650 0.021913 0.065965
v 0.079650 0.022093 0.065223
v 0.079650 0.021599 0.066695
v 0.079650 0.021153 0.067377
v 0.079650 0.020588 0.067977
v 0.079650 0.019930 0.068465
v 0.079650 0.019212 0.068824
v 0.079650 0.018470 0.069048
v 0.079650 0.017500 0.069150
v 0.079650 0.016530 0.069048
v 0.079650 0.015545 0.068719
v 0.079650 0.014623 0.068153
v 0.079650 0.013847 0.067377
v 0.079650 0.013281 0.066455
v 0.079650 0.012952 0.065470
v 0.035000 0.022417 0.065410
v 0.035000 0.022417 0.065410
v 0.035000 0.022149 0.066341
v 0.035000 0.022149 0.066341
v 0.035000 0.021685 0.067236
v 0.035000 0.021685 0.067236
v 0.035000 0.021036 0.068036
v 0.035000 0.021036 0.068036
v 0.035000 0.020236 0.068685
v 0.035000 0.020236 0.068685
v 0.035000 0.019340 0.069149
v 0.035000 0.019340 0.069149
v 0.035000 0.018410 0.069417
v 0.035000 0.018410 0.069417
v 0.035000 0.017500 0.069500
v 0.035000 0.017500 0.069500
v 0.035000 0.016590 0.069417
v 0.035000 0.016590 0.069417
v 0.035000 0.015660 0.069149
v 0.035000 0.015660 0.069149
v 0.035000 0.014764 0.068685
v 0.035000 0.014764 0.068685
v 0.035000 0.013964 0.068036
v 0.035000 0.013964 0.068036
v 0.035000 0.013315 0.067236
v 0.035000 0.013315 0.067236
v 0.035000 0.012851 0.066341
v 0.035000 0.012851 0.066341
v 0.035000 0.012583 0.065410
v 0.035000 0.012583 0.065410
v 0.057150 0.022245 0.066076
v 0.057150 0.022439 0.065277
v 0.057150 0.021908 0.066860
v 0.057150 0.021428 0.067594
v 0.057150 0.020820 0.068238
v 0.057150 0.020113 0.068763
v 0.057150 0.019340 0.069149
v 0.057150 0.018543 0.069390
v 0.057150 0.017500 0.069500
v 0.057150 0.016457 0.069390
v 0.057150 0.015397 0.069036
v 0.057150 0.014406 0.068428
v 0.057150 0.013572 0.067594
v 0.057150 0.012964 0.066603
v 0.057150 0.012610 0.065543
v 0.080000 0.017500 0.064500
v 0.035000 0.017500 0.064500
vn 0.0001 1.0000 -0.0000
vn -0.0000 1.0000 -0.0000
vn -0.0000 0.9833 -0.1820
vn -0.0000 0.9780 -0.2085
vn -0.0000 0.9297 -0.3682
vn -0.0000 0.9073 -0.4205
vn -0.0000 0.8370 -0.5472
vn -0.0000 0.7856 -0.6187
vn -0.0002 0.7071 -0.7071
vn -0.0000 0.6188 -0.7856
vn -0.0000 0.5472 -0.8370
vn -0.0000 0.4205 -0.9073
vn -0.0000 0.3682 -0.9297
vn -0.0000 0.2086 -0.9780
vn -0.0000 0.1820 -0.9833
vn -0.0000 -0.0000 -1.0000
vn -0.0000 -0.1820 -0.9833
vn -0.0000 -0.2085 -0.9780
vn -0.0000 -0.3681 -0.9298
vn -0.0000 -0.5232 -0.8522
vn -0.0000 -0.5472 -0.8370
vn -0.0000 0.7071 -0.7071
vn -0.0000 0.3681 -0.9298
vn -0.0000 -0.6642 -0.7476
vn 0.0002 -0.7071 -0.7071
vn -0.0000 -0.7853 -0.6192
vn -0.0000 -0.8370 -0.5472
vn -0.0000 -0.8814 -0.4724
vn -0.0000 -0.9298 -0.3681
vn -0.0000 -0.9491 -0.3151
vn -0.0000 -0.9833 -0.1819
vn -0.0000 -0.9878 -0.1555
vn -0.0000 -1.0000 -0.0000
vn -0.0002 -1.0000 0.0002
vn -0.0000 -0.7071 -0.7071
vn 0.0001 -0.5471 -0.8370
vn 0.7071 0.7071 -0.0000
vn 0.7071 0.6953 -0.1287
vn 0.7071 0.6916 -0.1475
vn 0.7071 0.6575 -0.2603
vn 0.7071 0.6415 -0.2974
vn 0.7071 0.5918 -0.3869
vn 0.7070 0.5555 -0.4376
vn 0.7071 0.5000 -0.5000
vn 0.7070 0.4376 -0.5555
vn 0.7071 0.3870 -0.5918
vn 0.7071 0.2974 -0.6415
vn 0.7071 0.2603 -0.6575
vn 0.7071 0.1474 -0.6916
vn 0.7071 0.1287 -0.6953
vn 0.7073 -0.0000 -0.7069
vn 0.7071 -0.0000 -0.7071
vn 0.7071 -0.1287 -0.6953
vn 0.7070 -0.1472 -0.6917
vn 0.7071 -0.2603 -0.6575
vn 0.7071 -0.3695 -0.6029
vn 0.7071 -0.3869 -0.5918
vn 0.7071 0.6953 -0.1286
vn 0.7071 0.6574 -0.2603
vn 0.7071 0.5919 -0.3869
vn 0.7071 0.3869 -0.5918
vn 0.7071 -0.4695 -0.5287
vn 0.7071 -0.5000 -0.5000
vn 0.7071 -0.5555 -0.4375
vn 0.7071 -0.5919 -0.3869
vn 0.7071 -0.6234 -0.3338
vn 0.7071 -0.6575 -0.2603
vn 0.7071 -0.6711 -0.2228
vn 0.7071 -0.6953 -0.1287
vn 0.7071 -0.6985 -0.1099
vn 0.7071 -0.7071 -0.0000
vn 0.7071 -0.5918 -0.3869
vn 0.7071 0.6953 0.1287
vn 0.7071 0.6985 0.1100
vn 0.7071 0.6711 0.2228
vn 0.7071 0.6574 0.2603
vn 0.7071 0.6234 0.3338
vn 0.7071 0.5919 0.3869
vn 0.7071 0.5555 0.4375
vn 0.7071 0.5000 0.5000
vn 0.7071 0.4696 0.5287
vn 0.7071 0.3869 0.5918
vn 0.7071 0.3695 0.6029
vn 0.7071 0.2603 0.6575
vn 0.7070 0.1471 0.6917
vn 0.7071 0.2603 0.6574
vn 0.7071 0.1286 0.6953
vn 0.7073 -0.0000 0.7069
vn 0.7071 -0.0000 0.7071
vn 0.7071 -0.1287 0.6953
vn 0.7071 -0.1474 0.6916
vn 0.7071 -0.2603 0.6575
vn 0.7071 -0.2974 0.6415
vn 0.7071 -0.3869 0.5919
vn 0.7071 -0.4376 0.5555
vn 0.7071 -0.5000 0.5000
vn 0.7070 -0.5555 0.4376
vn 0.7071 -0.5919 0.3869
vn 0.7071 -0.6415 0.2974
vn 0.7071 -0.6575 0.2603
vn 0.7071 -0.6916 0.1475
vn 0.7071 -0.6953 0.1287
vn 0.7071 -0.6953 0.1286
vn 0.7071 0.1287 0.6953
vn 0.7071 -0.3870 0.5918
vn 0.7071 -0.5918 0.3870
vn 0.7071 0.5918 0.3869
vn 0.7071 0.6575 0.2603
vn -0.0000 0.9833 0.1820
vn -0.0000 0.9879 0.1554
vn -0.0000 0.9491 0.3151
vn -0.0000 0.9298 0.3681
vn -0.0000 0.8814 0.4723
vn -0.0000 0.8370 0.5472
vn -0.0000 0.7853 0.6192
vn -0.0000 0.7071 0.7071
vn -0.0000 0.6642 0.7476
vn -0.0000 0.5472 0.8370
vn -0.0000 0.5225 0.8526
vn -0.0000 0.3681 0.9298
vn -0.0000 0.3682 0.9298
vn -0.0000 0.2085 0.9780
vn -0.0000 0.1819 0.9833
vn -0.0000 -0.0000 1.0000
vn -0.0000 -0.1820 0.9833
vn -0.0000 -0.2085 0.9780
vn -0.0000 -0.3681 0.9298
vn -0.0000 -0.4205 0.9073
vn -0.0000 -0.5472 0.8370
vn -0.0000 -0.6190 0.7854
vn -0.0000 -0.7071 0.7071
vn -0.0000 -0.7855 0.6188
vn -0.0000 -0.8370 0.5472
vn -0.0000 -0.9073 0.4205
vn -0.0000 -0.9298 0.3681
vn -0.0000 -0.9780 0.2085
vn -0.0000 -0.9833 0.1820
vn -0.0000 -0.9297 0.3682
vn 1.0000 -0.0000 -0.0000
vn -1.0000 -0.0000 -0.0000
vt 1.500000 0.000000
vt -2.930000 0.000000
vt 1.500000 -0.088390
vt -0.715000 -0.101017
vt 1.500000 -0.176780
vt -0.715000 -0.202034
vt 1.500000 -0.265170
vt -0.715000 -0.303051
vt 1.500000 -0.353560
vt -0.715000 -0.404069
vt 1.500000 -0.441950
vt -0.715000 -0.505086
vt 1.500000 -0.530340
vt -0.715000 -0.606103
vt 1.500000 -0.618730
vt -0.715000 -0.707120
vt 1.500000 -0.707120
vt 1.500000 -0.795510
vt -0.715000 -0.808137
vt 1.500000 -0.883900
vt -0.715000 -0.883900
vt -0.715000 -0.959663
vt -2.930000 -0.883900
vt -2.930000 -0.972290
vt -2.930000 -0.088390
vt -2.930000 -0.176780
vt -2.930000 -0.265170
vt -2.930000 -0.353560
vt -2.930000 -0.441950
vt -2.930000 -0.530340
vt -2.930000 -0.618730
vt -2.930000 -0.707120
vt -2.930000 -0.795510
vt -0.715000 -1.035426
vt -2.930000 -1.060680
vt -0.715000 -1.111188
vt -2.930000 -1.149070
vt -0.715000 -1.186951
vt -2.930000 -1.237460
vt -0.715000 -1.262714
vt -2.930000 -1.325850
vt -0.715000 -1.338477
vt -2.930000 -1.414240
vt 1.500000 -1.414240
vt 1.500000 -1.325850
vt 1.500000 -1.237460
vt 1.500000 -1.149070
vt 1.500000 -1.060680
vt 1.500000 -0.972290
vt 0.049497 0.000000
vt -0.049497 0.000000
vt 0.049497 -0.082203
vt 0.000000 -0.093946
vt 0.049497 -0.164405
vt 0.000000 -0.187892
vt 0.049497 -0.246608
vt 0.000000 -0.281838
vt 0.049497 -0.328811
vt 0.000000 -0.375784
vt 0.049497 -0.411013
vt 0.000000 -0.469730
vt 0.049497 -0.493216
vt 0.000000 -0.563676
vt 0.049497 -0.575419
vt 0.000000 -0.657622
vt 0.049497 -0.657622
vt 0.049497 -0.739824
vt 0.000000 -0.751567
vt 0.049497 -0.822027
vt 0.000000 -0.822027
vt 0.000000 -0.892486
vt -0.049497 -0.822027
vt -0.049497 -0.904230
vt -0.049497 -0.082203
vt -0.049497 -0.164405
vt -0.049497 -0.246608
vt -0.049497 -0.328811
vt -0.049497 -0.411013
vt -0.049497 -0.493216
vt -0.049497 -0.575419
vt -0.049497 -0.657622
vt -0.049497 -0.739824
vt 0.000000 -0.962946
vt -0.049497 -0.986432
vt 0.000000 -1.033405
vt -0.049497 -1.068635
vt 0.000000 -1.103865
vt -0.049497 -1.150838
vt 0.000000 -1.174324
vt -0.049497 -1.233040
vt 0.000000 -1.244784
vt -0.049497 -1.315243
vt 0.049497 -1.315243
vt 0.049497 -1.233040
vt 0.049497 -1.150838
vt 0.049497 -1.068635
vt 0.049497 -0.986432
vt 0.049497 -0.904230
vt -0.049497 0.082203
vt 0.000000 0.070459
vt 0.049497 0.082203
vt 0.000000 0.140919
vt 0.049497 0.164405
vt 0.000000 0.211378
vt 0.049497 0.246608
vt 0.000000 0.281838
vt 0.049497 0.328811
vt 0.000000 0.352297
vt 0.049497 0.411013
vt 0.000000 0.422757
vt 0.049497 0.493216
vt 0.000000 0.493216
vt 0.000000 0.563676
vt -0.049497 0.493216
vt -0.049497 0.575419
vt 0.000000 0.657622
vt -0.049497 0.657622
vt -0.049497 0.739824
vt 0.000000 0.751567
vt -0.049497 0.822027
vt 0.000000 0.845513
vt -0.049497 0.904230
vt 0.000000 0.939459
vt -0.049497 0.986432
vt 0.000000 1.033405
vt -0.049497 1.068635
vt 0.000000 1.127351
vt -0.049497 1.150838
vt 0.000000 1.221297
vt -0.049497 1.233040
vt -0.049497 1.315243
vt 0.049497 1.233040
vt 0.049497 1.315243
vt 0.049497 0.575419
vt 0.049497 0.657622
vt 0.049497 0.739824
vt 0.049497 0.822027
vt 0.049497 0.904230
vt 0.049497 0.986432
vt 0.049497 1.068635
vt 0.049497 1.150838
vt -0.049497 0.411013
vt -0.049497 0.328811
vt -0.049497 0.246608
vt -0.049497 0.164405
vt -2.930000 0.088390
vt -0.715000 0.075763
vt 1.500000 0.088390
vt -0.715000 0.151526
vt 1.500000 0.176780
vt -0.715000 0.227289
vt 1.500000 0.265170
vt -0.715000 0.303051
vt 1.500000 0.353560
vt -0.715000 0.378814
vt 1.500000 0.441950
vt -0.715000 0.454577
vt 1.500000 0.530340
vt -0.715000 0.530340
vt -0.715000 0.606103
vt -2.930000 0.530340
vt -2.930000 0.618730
vt -0.715000 0.707120
vt -2.930000 0.707120
vt -2.930000 0.795510
vt -0.715000 0.808137
vt -2.930000 0.883900
vt -0.715000 0.909154
vt -2.930000 0.972290
vt -0.715000 1.010171
vt -2.930000 1.060680
vt -0.715000 1.111189
vt -2.930000 1.149070
vt -0.715000 1.212206
vt -2.930000 1.237460
vt -0.715000 1.313223
vt -2.930000 1.325850
vt -2.930000 1.414240
vt 1.500000 1.325850
vt 1.500000 1.414240
vt 1.500000 0.618730
vt 1.500000 0.707120
vt 1.500000 0.795510
vt 1.500000 0.883900
vt 1.500000 0.972290
vt 1.500000 1.060680
vt 1.500000 1.149070
vt 1.500000 1.237460
vt -2.930000 0.441950
vt -2.930000 0.353560
vt -2.930000 0.265170
vt -2.930000 0.176780
vt 0.422821 -0.078244
vt 0.430000 0.000000
vt 0.000000 0.000000
vt 0.422821 0.078244
vt 0.399809 0.158281
vt 0.359908 0.235300
vt 0.304056 0.304056
vt 0.235300 0.359908
vt 0.158281 0.399809
vt 0.078244 0.422821
vt 0.000000 0.430000
vt -0.078244 0.422821
vt -0.158281 0.399809
vt -0.235300 0.359908
vt -0.304056 0.304056
vt -0.359908 0.235300
vt -0.399809 0.158281
vt -0.422821 0.078244
vt -0.430000 0.000000
vt -0.422821 -0.078244
vt -0.399809 -0.158281
vt -0.359908 -0.235300
vt -0.304056 -0.304056
vt -0.235300 -0.359908
vt -0.158281 -0.399809
vt -0.078244 -0.422821
vt -0.000000 -0.430000
vt 0.078244 -0.422821
vt 0.158281 -0.399809
vt 0.235300 -0.359908
vt 0.304056 -0.304056
vt 0.359908 -0.235300
vt 0.399809 -0.158281
vt 0.491653 -0.090981
vt 0.500000 0.000000
vt 0.491653 0.090982
vt 0.464894 0.184047
vt 0.418498 0.273605
vt 0.353553 0.353553
vt 0.273605 0.418498
vt 0.184047 0.464894
vt 0.090982 0.491653
vt 0.000000 0.500000
vt -0.090982 0.491653
vt -0.184047 0.464894
vt -0.273605 0.418498
vt -0.353553 0.353553
vt -0.418498 0.273605
vt -0.464894 0.184047
vt -0.491653 0.090982
vt -0.500000 0.000000
vt -0.491653 -0.090981
vt -0.464894 -0.184047
vt -0.418498 -0.273605
vt -0.353553 -0.353553
vt -0.273605 -0.418498
vt -0.184047 -0.464894
vt -0.090982 -0.491653
vt 0.000000 -0.500000
vt 0.090982 -0.491653
vt 0.184047 -0.464894
vt 0.273605 -0.418498
vt 0.353553 -0.353553
vt 0.418498 -0.273605
vt 0.464894 -0.184047
s 1
usemtl Brass_-_Polished
f 1011/722/311 1013/723/312 1080/724/313
f 1080/724/313 1013/723/312 1081/725/314
f 1080/724/313 1081/725/314 1078/726/315
f 1078/726/315 1081/725/314 1082/727/316
f 1078/726/315 1082/727/316 1076/728/317
f 1076/728/317 1082/727/316 1083/729/318
f 1076/728/317 1083/729/318 1074/730/319
f 1074/730/319 1083/729/318 1084/731/320
f 1074/730/319 1084/731/320 1072/732/321
f 1072/732/321 1084/731/320 1085/733/322
f 1072/732/321 1085/733/322 1070/734/323
f 1070/734/323 1085/733/322 1086/735/324
f 1070/734/323 1086/735/324 1068/736/325
f 1068/736/325 1086/735/324 1087/737/326
f 1068/736/325 1087/737/326 1065/738/326
f 1065/738/326 1087/737/326 1064/739/327
f 1064/739/327 1087/737/326 1088/740/328
f 1064/739/327 1088/740/328 1062/741/329
f 1062/741/329 1088/740/328 1089/742/329
f 1062/741/329 1089/742/329 1090/743/330
f 1090/743/330 1089/742/329 1033/744/329
f 1090/743/330 1033/744/329 1035/745/331
f 1013/723/312 1015/746/313 1081/725/314
f 1081/725/314 1015/746/313 1017/747/315
f 1081/725/314 1017/747/315 1082/727/316
f 1082/727/316 1017/747/315 1019/748/317
f 1082/727/316 1019/748/317 1083/729/318
f 1083/729/318 1019/748/317 1021/749/332
f 1083/729/318 1021/749/332 1084/731/320
f 1084/731/320 1021/749/332 1023/750/321
f 1084/731/320 1023/750/321 1085/733/322
f 1085/733/322 1023/750/321 1025/751/333
f 1085/733/322 1025/751/333 1086/735/324
f 1086/735/324 1025/751/333 1027/752/325
f 1086/735/324 1027/752/325 1087/737/326
f 1087/737/326 1027/752/325 1028/753/326
f 1087/737/326 1028/753/326 1031/754/327
f 1087/737/326 1031/754/327 1088/740/328
f 1088/740/328 1031/754/327 1033/744/329
f 1088/740/328 1033/744/329 1089/742/329
f 1090/743/330 1035/745/331 1091/755/334
f 1091/755/334 1035/745/331 1037/756/335
f 1091/755/334 1037/756/335 1092/757/336
f 1092/757/336 1037/756/335 1039/758/337
f 1092/757/336 1039/758/337 1093/759/338
f 1093/759/338 1039/758/337 1041/760/339
f 1093/759/338 1041/760/339 1094/761/340
f 1094/761/340 1041/760/339 1043/762/341
f 1094/761/340 1043/762/341 1095/763/342
f 1095/763/342 1043/762/341 1046/764/343
f 1095/763/342 1046/764/343 1049/765/344
f 1049/765/344 1052/766/341 1095/763/342
f 1095/763/342 1052/766/341 1094/761/340
f 1052/766/341 1054/767/339 1094/761/340
f 1094/761/340 1054/767/339 1093/759/338
f 1054/767/339 1056/768/337 1093/759/338
f 1093/759/338 1056/768/337 1092/757/336
f 1056/768/337 1058/769/345 1092/757/336
f 1092/757/336 1058/769/345 1091/755/334
f 1058/769/345 1060/770/346 1091/755/334
f 1091/755/334 1060/770/346 1090/743/330
f 1060/770/346 1062/741/329 1090/743/330
f 1012/771/347 1097/772/347 1014/773/348
f 1014/773/348 1097/772/347 1131/774/349
f 1014/773/348 1131/774/349 1016/775/350
f 1016/775/350 1131/774/349 1132/776/351
f 1016/775/350 1132/776/351 1018/777/352
f 1018/777/352 1132/776/351 1133/778/353
f 1018/777/352 1133/778/353 1020/779/354
f 1020/779/354 1133/778/353 1134/780/355
f 1020/779/354 1134/780/355 1022/781/356
f 1022/781/356 1134/780/355 1135/782/357
f 1022/781/356 1135/782/357 1024/783/358
f 1024/783/358 1135/782/357 1136/784/359
f 1024/783/358 1136/784/359 1026/785/360
f 1026/785/360 1136/784/359 1137/786/361
f 1026/785/360 1137/786/361 1029/787/362
f 1029/787/362 1137/786/361 1030/788/363
f 1030/788/363 1137/786/361 1138/789/364
f 1030/788/363 1138/789/364 1032/790/365
f 1032/790/365 1138/789/364 1139/791/365
f 1032/790/365 1139/791/365 1140/792/366
f 1140/792/366 1139/791/365 1117/793/365
f 1140/792/366 1117/793/365 1119/794/367
f 1097/772/347 1099/795/368 1131/774/349
f 1131/774/349 1099/795/368 1101/796/369
f 1131/774/349 1101/796/369 1132/776/351
f 1132/776/351 1101/796/369 1103/797/370
f 1132/776/351 1103/797/370 1133/778/353
f 1133/778/353 1103/797/370 1105/798/354
f 1133/778/353 1105/798/354 1134/780/355
f 1134/780/355 1105/798/354 1107/799/371
f 1134/780/355 1107/799/371 1135/782/357
f 1135/782/357 1107/799/371 1109/800/358
f 1135/782/357 1109/800/358 1136/784/359
f 1136/784/359 1109/800/358 1111/801/360
f 1136/784/359 1111/801/360 1137/786/361
f 1137/786/361 1111/801/360 1112/802/362
f 1137/786/361 1112/802/362 1115/803/363
f 1137/786/361 1115/803/363 1138/789/364
f 1138/789/364 1115/803/363 1117/793/365
f 1138/789/364 1117/793/365 1139/791/365
f 1140/792/366 1119/794/367 1141/804/372
f 1141/804/372 1119/794/367 1121/805/373
f 1141/804/372 1121/805/373 1142/806/374
f 1142/806/374 1121/805/373 1123/807/375
f 1142/806/374 1123/807/375 1143/808/376
f 1143/808/376 1123/807/375 1125/809/377
f 1143/808/376 1125/809/377 1144/810/378
f 1144/810/378 1125/809/377 1127/811/379
f 1144/810/378 1127/811/379 1145/812/380
f 1145/812/380 1127/811/379 1129/813/381
f 1145/812/380 1129/813/381 1044/814/381
f 1044/814/381 1042/815/379 1145/812/380
f 1145/812/380 1042/815/379 1144/810/378
f 1042/815/379 1040/816/377 1144/810/378
f 1144/810/378 1040/816/377 1143/808/376
f 1040/816/377 1038/817/382 1143/808/376
f 1143/808/376 1038/817/382 1142/806/374
f 1038/817/382 1036/818/373 1142/806/374
f 1142/806/374 1036/818/373 1141/804/372
f 1036/818/373 1034/819/367 1141/804/372
f 1141/804/372 1034/819/367 1140/792/366
f 1034/819/367 1032/790/365 1140/792/366
f 1205/820/383 1097/772/347 1207/821/384
f 1207/821/384 1097/772/347 1012/771/347
f 1207/821/384 1012/771/347 1146/822/383
f 1207/821/384 1146/822/383 1206/823/385
f 1206/823/385 1146/822/383 1148/824/386
f 1206/823/385 1148/824/386 1208/825/387
f 1208/825/387 1148/824/386 1150/826/388
f 1208/825/387 1150/826/388 1209/827/389
f 1209/827/389 1150/826/388 1152/828/390
f 1209/827/389 1152/828/390 1210/829/391
f 1210/829/391 1152/828/390 1154/830/392
f 1210/829/391 1154/830/392 1211/831/393
f 1211/831/393 1154/830/392 1156/832/394
f 1211/831/393 1156/832/394 1212/833/394
f 1212/833/394 1156/832/394 1213/834/395
f 1212/833/394 1213/834/395 1195/835/396
f 1195/835/396 1213/834/395 1193/836/397
f 1193/836/397 1213/834/395 1214/837/398
f 1193/836/397 1214/837/398 1190/838/399
f 1190/838/399 1214/837/398 1189/839/400
f 1189/839/400 1214/837/398 1215/840/401
f 1189/839/400 1215/840/401 1187/841/402
f 1187/841/402 1215/840/401 1216/842/403
f 1187/841/402 1216/842/403 1185/843/404
f 1185/843/404 1216/842/403 1217/844/405
f 1185/843/404 1217/844/405 1183/845/406
f 1183/845/406 1217/844/405 1218/846/407
f 1183/845/406 1218/846/407 1181/847/408
f 1181/847/408 1218/846/407 1219/848/409
f 1181/847/408 1219/848/409 1179/849/410
f 1179/849/410 1219/848/409 1220/850/411
f 1179/849/410 1220/850/411 1177/851/412
f 1177/851/412 1220/850/411 1130/852/381
f 1130/852/381 1220/850/411 1174/853/413
f 1130/852/381 1174/853/413 1045/854/381
f 1156/832/394 1158/855/414 1213/834/395
f 1213/834/395 1158/855/414 1214/837/398
f 1158/855/414 1161/856/399 1214/837/398
f 1214/837/398 1161/856/399 1162/857/400
f 1214/837/398 1162/857/400 1215/840/401
f 1215/840/401 1162/857/400 1164/858/402
f 1215/840/401 1164/858/402 1216/842/403
f 1216/842/403 1164/858/402 1166/859/415
f 1216/842/403 1166/859/415 1217/844/405
f 1217/844/405 1166/859/415 1168/860/406
f 1217/844/405 1168/860/406 1218/846/407
f 1218/846/407 1168/860/406 1170/861/416
f 1218/846/407 1170/861/416 1219/848/409
f 1219/848/409 1170/861/416 1172/862/410
f 1219/848/409 1172/862/410 1220/850/411
f 1220/850/411 1172/862/410 1174/853/413
f 1212/833/394 1195/835/396 1211/831/393
f 1211/831/393 1195/835/396 1197/863/392
f 1211/831/393 1197/863/392 1210/829/391
f 1210/829/391 1197/863/392 1199/864/390
f 1210/829/391 1199/864/390 1209/827/389
f 1209/827/389 1199/864/390 1201/865/417
f 1209/827/389 1201/865/417 1208/825/387
f 1208/825/387 1201/865/417 1203/866/418
f 1208/825/387 1203/866/418 1206/823/385
f 1206/823/385 1203/866/418 1205/820/383
f 1206/823/385 1205/820/383 1207/821/384
f 1147/867/419 1013/723/312 1252/868/420
f 1252/868/420 1013/723/312 1011/722/311
f 1252/868/420 1011/722/311 1222/869/419
f 1252/868/420 1222/869/419 1251/870/421
f 1251/870/421 1222/869/419 1224/871/422
f 1251/870/421 1224/871/422 1253/872/423
f 1253/872/423 1224/871/422 1226/873/424
f 1253/872/423 1226/873/424 1254/874/425
f 1254/874/425 1226/873/424 1228/875/426
f 1254/874/425 1228/875/426 1255/876/427
f 1255/876/427 1228/875/426 1230/877/428
f 1255/876/427 1230/877/428 1256/878/429
f 1256/878/429 1230/877/428 1232/879/430
f 1256/878/429 1232/879/430 1257/880/431
f 1257/880/431 1232/879/430 1258/881/432
f 1257/880/431 1258/881/432 1157/882/430
f 1157/882/430 1258/881/432 1159/883/433
f 1159/883/433 1258/881/432 1259/884/434
f 1159/883/433 1259/884/434 1160/885/434
f 1160/885/434 1259/884/434 1163/886/435
f 1163/886/435 1259/884/434 1260/887/436
f 1163/886/435 1260/887/436 1165/888/437
f 1165/888/437 1260/887/436 1261/889/438
f 1165/888/437 1261/889/438 1167/890/439
f 1167/890/439 1261/889/438 1262/891/440
f 1167/890/439 1262/891/440 1169/892/441
f 1169/892/441 1262/891/440 1263/893/442
f 1169/892/441 1263/893/442 1171/894/443
f 1171/894/443 1263/893/442 1264/895/444
f 1171/894/443 1264/895/444 1173/896/445
f 1173/896/445 1264/895/444 1265/897/446
f 1173/896/445 1265/897/446 1175/898/447
f 1175/898/447 1265/897/446 1047/899/343
f 1047/899/343 1265/897/446 1250/900/447
f 1047/899/343 1250/900/447 1050/901/344
f 1232/879/430 1234/902/433 1258/881/432
f 1258/881/432 1234/902/433 1259/884/434
f 1234/902/433 1235/903/434 1259/884/434
f 1259/884/434 1235/903/434 1238/904/435
f 1259/884/434 1238/904/435 1260/887/436
f 1260/887/436 1238/904/435 1240/905/437
f 1260/887/436 1240/905/437 1261/889/438
f 1261/889/438 1240/905/437 1242/906/439
f 1261/889/438 1242/906/439 1262/891/440
f 1262/891/440 1242/906/439 1244/907/441
f 1262/891/440 1244/907/441 1263/893/442
f 1263/893/442 1244/907/441 1246/908/443
f 1263/893/442 1246/908/443 1264/895/444
f 1264/895/444 1246/908/443 1248/909/448
f 1264/895/444 1248/909/448 1265/897/446
f 1265/897/446 1248/909/448 1250/900/447
f 1257/880/431 1157/882/430 1256/878/429
f 1256/878/429 1157/882/430 1155/910/428
f 1256/878/429 1155/910/428 1255/876/427
f 1255/876/427 1155/910/428 1153/911/426
f 1255/876/427 1153/911/426 1254/874/425
f 1254/874/425 1153/911/426 1151/912/424
f 1254/874/425 1151/912/424 1253/872/423
f 1253/872/423 1151/912/424 1149/913/422
f 1253/872/423 1149/913/422 1251/870/421
f 1251/870/421 1149/913/422 1147/867/419
f 1251/870/421 1147/867/419 1252/868/420
s 0
f 1098/914/449 1096/915/449 1266/916/449
f 1266/916/449 1096/915/449 1204/917/449
f 1266/916/449 1204/917/449 1202/918/449
f 1202/918/449 1200/919/449 1266/916/449
f 1266/916/449 1200/919/449 1198/920/449
f 1266/916/449 1198/920/449 1196/921/449
f 1196/921/449 1194/922/449 1266/916/449
f 1266/916/449 1194/922/449 1192/923/449
f 1266/916/449 1192/923/449 1191/924/449
f 1191/924/449 1188/925/449 1266/916/449
f 1266/916/449 1188/925/449 1186/926/449
f 1266/916/449 1186/926/449 1184/927/449
f 1184/927/449 1182/928/449 1266/916/449
f 1266/916/449 1182/928/449 1180/929/449
f 1266/916/449 1180/929/449 1178/930/449
f 1178/930/449 1176/931/449 1266/916/449
f 1266/916/449 1176/931/449 1128/932/449
f 1266/916/449 1128/932/449 1126/933/449
f 1126/933/449 1124/934/449 1266/916/449
f 1266/916/449 1124/934/449 1122/935/449
f 1266/916/449 1122/935/449 1120/936/449
f 1120/936/449 1118/937/449 1266/916/449
f 1266/916/449 1118/937/449 1116/938/449
f 1266/916/449 1116/938/449 1114/939/449
f 1114/939/449 1113/940/449 1266/916/449
f 1266/916/449 1113/940/449 1110/941/449
f 1266/916/449 1110/941/449 1108/942/449
f 1108/942/449 1106/943/449 1266/916/449
f 1266/916/449 1106/943/449 1104/944/449
f 1266/916/449 1104/944/449 1102/945/449
f 1102/945/449 1100/946/449 1266/916/449
f 1266/916/449 1100/946/449 1098/914/449
f 1051/947/450 1048/948/450 1267/916/450
f 1267/916/450 1048/948/450 1249/949/450
f 1267/916/450 1249/949/450 1247/950/450
f 1247/950/450 1245/951/450 1267/916/450
f 1267/916/450 1245/951/450 1243/952/450
f 1267/916/450 1243/952/450 1241/953/450
f 1241/953/450 1239/954/450 1267/916/450
f 1267/916/450 1239/954/450 1237/955/450
f 1267/916/450 1237/955/450 1236/956/450
f 1236/956/450 1233/957/450 1267/916/450
f 1267/916/450 1233/957/450 1231/958/450
f 1267/916/450 1231/958/450 1229/959/450
f 1229/959/450 1227/960/450 1267/916/450
f 1267/916/450 1227/960/450 1225/961/450
f 1267/916/450 1225/961/450 1223/962/450
f 1223/962/450 1221/963/450 1267/916/450
f 1267/916/450 1221/963/450 1010/964/450
f 1267/916/450 1010/964/450 1079/965/450
f 1079/965/450 1077/966/450 1267/916/450
f 1267/916/450 1077/966/450 1075/967/450
f 1267/916/450 1075/967/450 1073/968/450
f 1073/968/450 1071/969/450 1267/916/450
f 1267/916/450 1071/969/450 1069/970/450
f 1267/916/450 1069/970/450 1067/971/450
f 1067/971/450 1066/972/450 1267/916/450
f 1267/916/450 1066/972/450 1063/973/450
f 1267/916/450 1063/973/450 1061/974/450
f 1061/974/450 1059/975/450 1267/916/450
f 1267/916/450 1059/975/450 1057/976/450
f 1267/916/450 1057/976/450 1055/977/450
f 1055/977/450 1053/978/450 1267/916/450
f 1267/916/450 1053/978/450 1051/947/450
