# Blender 5.1.2
# www.blender.org
mtllib left-gripper.mtl
o leftGripperC3
v -0.016846 -0.044057 -0.133861
v -0.016846 -0.044057 -0.133861
v -0.016846 -0.044057 -0.133861
v -0.016761 -0.046039 -0.133611
v -0.016761 -0.046039 -0.133611
v -0.016751 -0.046001 -0.133312
v -0.016751 -0.046001 -0.133312
v -0.016801 -0.045964 -0.132999
v -0.016801 -0.045964 -0.132999
v -0.016916 -0.045930 -0.132688
v -0.016916 -0.045930 -0.132688
v -0.017096 -0.045901 -0.132401
v -0.017096 -0.045901 -0.132401
v -0.017330 -0.045880 -0.132156
v -0.017330 -0.045880 -0.132156
v -0.017604 -0.045868 -0.131968
v -0.017604 -0.045868 -0.131968
v -0.017898 -0.045865 -0.131841
v -0.017898 -0.045865 -0.131841
v -0.018192 -0.045869 -0.131775
v -0.018192 -0.045869 -0.131775
v -0.018493 -0.045881 -0.131764
v -0.018493 -0.045881 -0.131764
v -0.018809 -0.045900 -0.131811
v -0.018809 -0.045900 -0.131811
v -0.019121 -0.045928 -0.131924
v -0.019121 -0.045928 -0.131924
v -0.019409 -0.045962 -0.132101
v -0.019409 -0.045962 -0.132101
v -0.019654 -0.046002 -0.132333
v -0.019654 -0.046002 -0.132333
v -0.019843 -0.046044 -0.132604
v -0.019843 -0.046044 -0.132604
v -0.019968 -0.046086 -0.132894
v -0.019968 -0.046086 -0.132894
v -0.020033 -0.046126 -0.133186
v -0.020033 -0.046126 -0.133186
v -0.020033 -0.046126 -0.133186
v -0.020118 -0.044143 -0.133436
v -0.020118 -0.044143 -0.133436
v -0.020118 -0.044143 -0.133436
v -0.020053 -0.044104 -0.133144
v -0.020053 -0.044104 -0.133144
v -0.019927 -0.044062 -0.132853
v -0.019927 -0.044062 -0.132853
v -0.019739 -0.044020 -0.132582
v -0.019739 -0.044020 -0.132582
v -0.019494 -0.043980 -0.132350
v -0.019494 -0.043980 -0.132350
v -0.019206 -0.043945 -0.132173
v -0.019206 -0.043945 -0.132173
v -0.019206 -0.043945 -0.132173
v -0.018893 -0.043918 -0.132061
v -0.018893 -0.043918 -0.132061
v -0.018893 -0.043918 -0.132061
v -0.018578 -0.043898 -0.132014
v -0.018578 -0.043898 -0.132014
v -0.018277 -0.043887 -0.132025
v -0.018277 -0.043887 -0.132025
v -0.017983 -0.043883 -0.132091
v -0.017983 -0.043883 -0.132091
v -0.017689 -0.043886 -0.132217
v -0.017689 -0.043886 -0.132217
v -0.017415 -0.043898 -0.132406
v -0.017415 -0.043898 -0.132406
v -0.017180 -0.043919 -0.132651
v -0.017180 -0.043919 -0.132651
v -0.017001 -0.043947 -0.132938
v -0.017001 -0.043947 -0.132938
v -0.016886 -0.043981 -0.133248
v -0.016886 -0.043981 -0.133248
v -0.016836 -0.044019 -0.133562
v -0.016836 -0.044019 -0.133562
v -0.016823 -0.044983 -0.133214
v -0.016792 -0.045015 -0.133481
v -0.016901 -0.044952 -0.132944
v -0.017028 -0.044925 -0.132686
v -0.017200 -0.044903 -0.132451
v -0.017410 -0.044887 -0.132250
v -0.017647 -0.044877 -0.132092
v -0.017898 -0.044874 -0.131980
v -0.018235 -0.044878 -0.131900
v -0.018580 -0.044892 -0.131892
v -0.018941 -0.044916 -0.131961
v -0.019291 -0.044951 -0.132117
v -0.019598 -0.044993 -0.132352
v -0.019837 -0.045041 -0.132648
v -0.019997 -0.045089 -0.132977
v -0.002968 -0.043689 -0.135663
v -0.002968 -0.043689 -0.135663
v -0.002968 -0.043689 -0.135663
v -0.002883 -0.045672 -0.135413
v -0.002883 -0.045672 -0.135413
v -0.002873 -0.045634 -0.135114
v -0.002873 -0.045634 -0.135114
v -0.002922 -0.045596 -0.134801
v -0.002922 -0.045596 -0.134801
v -0.003037 -0.045562 -0.134490
v -0.003037 -0.045562 -0.134490
v -0.003217 -0.045534 -0.134203
v -0.003217 -0.045534 -0.134203
v -0.003452 -0.045513 -0.133958
v -0.003452 -0.045513 -0.133958
v -0.003726 -0.045501 -0.133770
v -0.003726 -0.045501 -0.133770
v -0.004019 -0.045497 -0.133643
v -0.004019 -0.045497 -0.133643
v -0.004313 -0.045502 -0.133577
v -0.004313 -0.045502 -0.133577
v -0.004614 -0.045513 -0.133566
v -0.004614 -0.045513 -0.133566
v -0.004930 -0.045533 -0.133613
v -0.004930 -0.045533 -0.133613
v -0.005242 -0.045560 -0.133726
v -0.005242 -0.045560 -0.133726
v -0.005530 -0.045595 -0.133903
v -0.005530 -0.045595 -0.133903
v -0.005775 -0.045635 -0.134135
v -0.005775 -0.045635 -0.134135
v -0.005964 -0.045677 -0.134406
v -0.005964 -0.045677 -0.134406
v -0.006090 -0.045719 -0.134697
v -0.006090 -0.045719 -0.134697
v -0.006154 -0.045758 -0.134988
v -0.006154 -0.045758 -0.134988
v -0.006154 -0.045758 -0.134988
v -0.006239 -0.043776 -0.135238
v -0.006239 -0.043776 -0.135238
v -0.006239 -0.043776 -0.135238
v -0.006175 -0.043736 -0.134946
v -0.006175 -0.043736 -0.134946
v -0.006049 -0.043694 -0.134655
v -0.006049 -0.043694 -0.134655
v -0.005860 -0.043652 -0.134384
v -0.005860 -0.043652 -0.134384
v -0.005615 -0.043612 -0.134152
v -0.005615 -0.043612 -0.134152
v -0.005327 -0.043578 -0.133976
v -0.005327 -0.043578 -0.133976
v -0.005015 -0.043550 -0.133863
v -0.005015 -0.043550 -0.133863
v -0.004699 -0.043531 -0.133816
v -0.004699 -0.043531 -0.133816
v -0.004398 -0.043519 -0.133827
v -0.004398 -0.043519 -0.133827
v -0.004104 -0.043515 -0.133893
v -0.004104 -0.043515 -0.133893
v -0.003811 -0.043518 -0.134019
v -0.003811 -0.043518 -0.134019
v -0.003537 -0.043530 -0.134208
v -0.003537 -0.043530 -0.134208
v -0.003302 -0.043551 -0.134453
v -0.003302 -0.043551 -0.134453
v -0.003122 -0.043580 -0.134740
v -0.003122 -0.043580 -0.134740
v -0.003007 -0.043614 -0.135050
v -0.003007 -0.043614 -0.135050
v -0.002958 -0.043651 -0.135364
v -0.002958 -0.043651 -0.135364
v -0.002944 -0.044615 -0.135016
v -0.002913 -0.044648 -0.135283
v -0.003022 -0.044585 -0.134746
v -0.003149 -0.044558 -0.134488
v -0.003321 -0.044536 -0.134253
v -0.003531 -0.044519 -0.134052
v -0.003768 -0.044510 -0.133894
v -0.004019 -0.044506 -0.133782
v -0.004356 -0.044510 -0.133702
v -0.004701 -0.044524 -0.133694
v -0.005063 -0.044548 -0.133763
v -0.005412 -0.044583 -0.133919
v -0.005719 -0.044626 -0.134154
v -0.005959 -0.044673 -0.134450
v -0.006118 -0.044722 -0.134779
v -0.009037 -0.042968 -0.127875
v -0.009037 -0.042968 -0.127875
v -0.009037 -0.042968 -0.127875
v -0.008952 -0.044951 -0.127626
v -0.008952 -0.044951 -0.127626
v -0.008942 -0.044913 -0.127327
v -0.008942 -0.044913 -0.127327
v -0.008991 -0.044876 -0.127013
v -0.008991 -0.044876 -0.127013
v -0.009106 -0.044841 -0.126703
v -0.009106 -0.044841 -0.126703
v -0.009286 -0.044813 -0.126415
v -0.009286 -0.044813 -0.126415
v -0.009521 -0.044792 -0.126171
v -0.009521 -0.044792 -0.126171
v -0.009795 -0.044780 -0.125982
v -0.009795 -0.044780 -0.125982
v -0.010088 -0.044777 -0.125856
v -0.010088 -0.044777 -0.125856
v -0.010383 -0.044781 -0.125790
v -0.010383 -0.044781 -0.125790
v -0.010684 -0.044793 -0.125778
v -0.010684 -0.044793 -0.125778
v -0.010999 -0.044812 -0.125826
v -0.010999 -0.044812 -0.125826
v -0.011311 -0.044840 -0.125938
v -0.011311 -0.044840 -0.125938
v -0.011599 -0.044874 -0.126115
v -0.011599 -0.044874 -0.126115
v -0.011844 -0.044914 -0.126347
v -0.011844 -0.044914 -0.126347
v -0.012033 -0.044956 -0.126618
v -0.012033 -0.044956 -0.126618
v -0.012159 -0.044998 -0.126909
v -0.012159 -0.044998 -0.126909
v -0.012223 -0.045038 -0.127201
v -0.012223 -0.045038 -0.127201
v -0.012223 -0.045038 -0.127201
v -0.012308 -0.043055 -0.127450
v -0.012308 -0.043055 -0.127450
v -0.012308 -0.043055 -0.127450
v -0.012244 -0.043016 -0.127159
v -0.012244 -0.043016 -0.127159
v -0.012118 -0.042974 -0.126868
v -0.012118 -0.042974 -0.126868
v -0.011929 -0.042931 -0.126597
v -0.011929 -0.042931 -0.126597
v -0.011684 -0.042892 -0.126365
v -0.011684 -0.042892 -0.126365
v -0.011396 -0.042857 -0.126188
v -0.011396 -0.042857 -0.126188
v -0.011084 -0.042829 -0.126075
v -0.011084 -0.042829 -0.126075
v -0.010769 -0.042810 -0.126028
v -0.010769 -0.042810 -0.126028
v -0.010467 -0.042799 -0.126040
v -0.010467 -0.042799 -0.126040
v -0.010173 -0.042794 -0.126105
v -0.010173 -0.042794 -0.126105
v -0.009880 -0.042798 -0.126232
v -0.009880 -0.042798 -0.126232
v -0.009606 -0.042810 -0.126420
v -0.009606 -0.042810 -0.126420
v -0.009371 -0.042830 -0.126665
v -0.009371 -0.042830 -0.126665
v -0.009191 -0.042859 -0.126952
v -0.009191 -0.042859 -0.126952
v -0.009076 -0.042893 -0.127263
v -0.009076 -0.042893 -0.127263
v -0.009027 -0.042930 -0.127576
v -0.009027 -0.042930 -0.127576
v -0.009013 -0.043895 -0.127228
v -0.008982 -0.043927 -0.127495
v -0.009091 -0.043864 -0.126959
v -0.009218 -0.043837 -0.126700
v -0.009391 -0.043815 -0.126465
v -0.009601 -0.043799 -0.126265
v -0.009837 -0.043789 -0.126107
v -0.010088 -0.043785 -0.125995
v -0.010425 -0.043790 -0.125915
v -0.010771 -0.043804 -0.125906
v -0.011132 -0.043828 -0.125976
v -0.011481 -0.043862 -0.126131
v -0.011788 -0.043905 -0.126367
v -0.012028 -0.043953 -0.126663
v -0.012187 -0.044001 -0.126992
v -0.007082 -0.043798 -0.135129
v -0.007082 -0.043798 -0.135129
v -0.007082 -0.043798 -0.135129
v -0.006997 -0.045781 -0.134879
v -0.006997 -0.045781 -0.134879
v -0.006970 -0.045677 -0.134064
v -0.006970 -0.045677 -0.134064
v -0.007104 -0.045575 -0.133209
v -0.007104 -0.045575 -0.133209
v -0.007418 -0.045482 -0.132362
v -0.007418 -0.045482 -0.132362
v -0.007908 -0.045404 -0.131579
v -0.007908 -0.045404 -0.131579
v -0.008549 -0.045347 -0.130911
v -0.008549 -0.045347 -0.130911
v -0.009296 -0.045315 -0.130397
v -0.009296 -0.045315 -0.130397
v -0.010096 -0.045306 -0.130052
v -0.010096 -0.045306 -0.130052
v -0.010898 -0.045317 -0.129873
v -0.010898 -0.045317 -0.129873
v -0.011720 -0.045349 -0.129841
v -0.011720 -0.045349 -0.129841
v -0.011720 -0.045349 -0.129841
v -0.012580 -0.045402 -0.129970
v -0.012580 -0.045402 -0.129970
v -0.013431 -0.045477 -0.130277
v -0.013431 -0.045477 -0.130277
v -0.014217 -0.045571 -0.130760
v -0.014217 -0.045571 -0.130760
v -0.014886 -0.045679 -0.131392
v -0.014886 -0.045679 -0.131392
v -0.015400 -0.045795 -0.132132
v -0.015400 -0.045795 -0.132132
v -0.015743 -0.045909 -0.132925
v -0.015743 -0.045909 -0.132925
v -0.015919 -0.046017 -0.133720
v -0.015919 -0.046017 -0.133720
v -0.015919 -0.046017 -0.133720
v -0.016004 -0.044034 -0.133970
v -0.016004 -0.044034 -0.133970
v -0.016004 -0.044034 -0.133970
v -0.015828 -0.043927 -0.133174
v -0.015828 -0.043927 -0.133174
v -0.015485 -0.043812 -0.132381
v -0.015485 -0.043812 -0.132381
v -0.014971 -0.043697 -0.131642
v -0.014971 -0.043697 -0.131642
v -0.014302 -0.043589 -0.131009
v -0.014302 -0.043589 -0.131009
v -0.013516 -0.043494 -0.130527
v -0.013516 -0.043494 -0.130527
v -0.012665 -0.043419 -0.130220
v -0.012665 -0.043419 -0.130220
v -0.011804 -0.043366 -0.130091
v -0.011804 -0.043366 -0.130091
v -0.010983 -0.043335 -0.130122
v -0.010983 -0.043335 -0.130122
v -0.010181 -0.043323 -0.130302
v -0.010181 -0.043323 -0.130302
v -0.009381 -0.043332 -0.130646
v -0.009381 -0.043332 -0.130646
v -0.008633 -0.043365 -0.131161
v -0.008633 -0.043365 -0.131161
v -0.008633 -0.043365 -0.131161
v -0.007993 -0.043422 -0.131828
v -0.007993 -0.043422 -0.131828
v -0.007503 -0.043499 -0.132612
v -0.007503 -0.043499 -0.132612
v -0.007189 -0.043592 -0.133458
v -0.007189 -0.043592 -0.133458
v -0.007054 -0.043694 -0.134313
v -0.007054 -0.043694 -0.134313
v -0.007090 -0.044612 -0.133579
v -0.007007 -0.044700 -0.134308
v -0.007304 -0.044529 -0.132845
v -0.007650 -0.044455 -0.132140
v -0.008120 -0.044394 -0.131499
v -0.008692 -0.044350 -0.130953
v -0.009338 -0.044323 -0.130522
v -0.010023 -0.044314 -0.130216
v -0.010941 -0.044326 -0.129997
v -0.011883 -0.044363 -0.129974
v -0.012869 -0.044430 -0.130164
v -0.013821 -0.044524 -0.130588
v -0.014659 -0.044641 -0.131230
v -0.015312 -0.044770 -0.132037
v -0.015747 -0.044902 -0.132935
v -0.010777 -0.044777 -0.141648
v -0.010777 -0.044777 -0.141648
v -0.010777 -0.044777 -0.141648
v -0.010692 -0.046760 -0.141399
v -0.010692 -0.046760 -0.141399
v -0.010682 -0.046722 -0.141100
v -0.010682 -0.046722 -0.141100
v -0.010732 -0.046685 -0.140786
v -0.010732 -0.046685 -0.140786
v -0.010847 -0.046650 -0.140476
v -0.010847 -0.046650 -0.140476
v -0.011026 -0.046622 -0.140189
v -0.011026 -0.046622 -0.140189
v -0.011261 -0.046601 -0.139944
v -0.011261 -0.046601 -0.139944
v -0.011535 -0.046589 -0.139755
v -0.011535 -0.046589 -0.139755
v -0.011829 -0.046586 -0.139629
v -0.011829 -0.046586 -0.139629
v -0.012123 -0.046590 -0.139563
v -0.012123 -0.046590 -0.139563
v -0.012424 -0.046602 -0.139551
v -0.012424 -0.046602 -0.139551
v -0.012739 -0.046621 -0.139599
v -0.012739 -0.046621 -0.139599
v -0.013051 -0.046649 -0.139711
v -0.013051 -0.046649 -0.139711
v -0.013340 -0.046683 -0.139888
v -0.013340 -0.046683 -0.139888
v -0.013585 -0.046723 -0.140120
v -0.013585 -0.046723 -0.140120
v -0.013773 -0.046765 -0.140391
v -0.013773 -0.046765 -0.140391
v -0.013899 -0.046807 -0.140682
v -0.013899 -0.046807 -0.140682
v -0.013964 -0.046847 -0.140974
v -0.013964 -0.046847 -0.140974
v -0.013964 -0.046847 -0.140974
v -0.014049 -0.044864 -0.141224
v -0.014049 -0.044864 -0.141224
v -0.014049 -0.044864 -0.141224
v -0.013984 -0.044825 -0.140932
v -0.013984 -0.044825 -0.140932
v -0.013858 -0.044783 -0.140641
v -0.013858 -0.044783 -0.140641
v -0.013670 -0.044740 -0.140370
v -0.013670 -0.044740 -0.140370
v -0.013425 -0.044701 -0.140138
v -0.013425 -0.044701 -0.140138
v -0.013136 -0.044666 -0.139961
v -0.013136 -0.044666 -0.139961
v -0.012824 -0.044638 -0.139848
v -0.012824 -0.044638 -0.139848
v -0.012509 -0.044619 -0.139801
v -0.012509 -0.044619 -0.139801
v -0.012208 -0.044608 -0.139813
v -0.012208 -0.044608 -0.139813
v -0.011914 -0.044603 -0.139878
v -0.011914 -0.044603 -0.139878
v -0.011620 -0.044607 -0.140005
v -0.011620 -0.044607 -0.140005
v -0.011346 -0.044619 -0.140193
v -0.011346 -0.044619 -0.140193
v -0.011111 -0.044639 -0.140438
v -0.011111 -0.044639 -0.140438
v -0.010932 -0.044668 -0.140725
v -0.010932 -0.044668 -0.140725
v -0.010932 -0.044668 -0.140725
v -0.010817 -0.044702 -0.141036
v -0.010817 -0.044702 -0.141036
v -0.010817 -0.044702 -0.141036
v -0.010767 -0.044739 -0.141349
v -0.010767 -0.044739 -0.141349
v -0.010753 -0.045704 -0.141001
v -0.010723 -0.045736 -0.141268
v -0.010832 -0.045673 -0.140732
v -0.010959 -0.045646 -0.140473
v -0.011131 -0.045624 -0.140238
v -0.011341 -0.045608 -0.140038
v -0.011578 -0.045598 -0.139880
v -0.011829 -0.045594 -0.139768
v -0.012165 -0.045599 -0.139688
v -0.012511 -0.045613 -0.139679
v -0.012872 -0.045637 -0.139749
v -0.013222 -0.045671 -0.139905
v -0.013529 -0.045714 -0.140140
v -0.013768 -0.045762 -0.140436
v -0.013927 -0.045810 -0.140765
v -0.001530 -0.043651 -0.135849
v -0.001530 -0.043651 -0.135849
v -0.001530 -0.043651 -0.135849
v -0.001619 -0.041569 -0.136112
v -0.001619 -0.041569 -0.136112
v -0.002015 -0.041811 -0.137898
v -0.002015 -0.041811 -0.137898
v -0.002785 -0.042068 -0.139678
v -0.002785 -0.042068 -0.139678
v -0.003939 -0.042327 -0.141337
v -0.003939 -0.042327 -0.141337
v -0.005440 -0.042570 -0.142757
v -0.005440 -0.042570 -0.142757
v -0.007204 -0.042782 -0.143840
v -0.007204 -0.042782 -0.143840
v -0.009114 -0.042950 -0.144529
v -0.009114 -0.042950 -0.144529
v -0.011045 -0.043070 -0.144818
v -0.011045 -0.043070 -0.144818
v -0.012888 -0.043140 -0.144748
v -0.012888 -0.043140 -0.144748
v -0.012888 -0.043140 -0.144748
v -0.014688 -0.043166 -0.144345
v -0.014688 -0.043166 -0.144345
v -0.014688 -0.043166 -0.144345
v -0.016485 -0.043146 -0.143572
v -0.016485 -0.043146 -0.143572
v -0.018162 -0.043072 -0.142417
v -0.018162 -0.043072 -0.142417
v -0.019600 -0.042945 -0.140918
v -0.019600 -0.042945 -0.140918
v -0.020699 -0.042771 -0.139161
v -0.020699 -0.042771 -0.139161
v -0.021404 -0.042562 -0.137260
v -0.021404 -0.042562 -0.137260
v -0.021706 -0.042333 -0.135341
v -0.021706 -0.042333 -0.135341
v -0.021644 -0.042100 -0.133511
v -0.021644 -0.042100 -0.133511
v -0.021644 -0.042100 -0.133511
v -0.021555 -0.044181 -0.133249
v -0.021555 -0.044181 -0.133249
v -0.021555 -0.044181 -0.133249
v -0.021617 -0.044414 -0.135079
v -0.021617 -0.044414 -0.135079
v -0.021314 -0.044643 -0.136998
v -0.021314 -0.044643 -0.136998
v -0.020610 -0.044852 -0.138899
v -0.020610 -0.044852 -0.138899
v -0.019510 -0.045027 -0.140656
v -0.019510 -0.045027 -0.140656
v -0.018073 -0.045154 -0.142155
v -0.018073 -0.045154 -0.142155
v -0.016396 -0.045227 -0.143310
v -0.016396 -0.045227 -0.143310
v -0.014599 -0.045248 -0.144083
v -0.014599 -0.045248 -0.144083
v -0.012798 -0.045221 -0.144486
v -0.012798 -0.045221 -0.144486
v -0.010955 -0.045151 -0.144556
v -0.010955 -0.045151 -0.144556
v -0.009025 -0.045032 -0.144267
v -0.009025 -0.045032 -0.144267
v -0.007115 -0.044863 -0.143577
v -0.007115 -0.044863 -0.143577
v -0.005351 -0.044652 -0.142495
v -0.005351 -0.044652 -0.142495
v -0.003849 -0.044408 -0.141075
v -0.003849 -0.044408 -0.141075
v -0.002695 -0.044150 -0.139416
v -0.002695 -0.044150 -0.139416
v -0.001926 -0.043893 -0.137636
v -0.001926 -0.043893 -0.137636
v -0.002481 -0.043035 -0.139045
v -0.001892 -0.042816 -0.137510
v -0.003354 -0.043258 -0.140517
v -0.004499 -0.043475 -0.141850
v -0.005877 -0.043675 -0.142973
v -0.007426 -0.043850 -0.143832
v -0.009069 -0.043991 -0.144398
v -0.010727 -0.044096 -0.144669
v -0.012843 -0.044180 -0.144617
v -0.014903 -0.044207 -0.144127
v -0.016937 -0.044171 -0.143149
v -0.018769 -0.044065 -0.141682
v -0.020230 -0.043891 -0.139808
v -0.021199 -0.043665 -0.137679
v -0.021642 -0.043407 -0.135481
v -0.032049 -0.025983 -0.150591
v -0.032049 -0.025983 -0.150591
v -0.031391 -0.041348 -0.148657
v -0.031391 -0.041348 -0.148657
v -0.031400 -0.041382 -0.148928
v -0.031400 -0.041382 -0.148928
v -0.031355 -0.041416 -0.149213
v -0.031355 -0.041416 -0.149213
v -0.031251 -0.041447 -0.149496
v -0.031251 -0.041447 -0.149496
v -0.031087 -0.041473 -0.149757
v -0.031087 -0.041473 -0.149757
v -0.030874 -0.041492 -0.149979
v -0.030874 -0.041492 -0.149979
v -0.030625 -0.041503 -0.150151
v -0.030625 -0.041503 -0.150151
v -0.030358 -0.041506 -0.150266
v -0.030358 -0.041506 -0.150266
v -0.030091 -0.041502 -0.150325
v -0.030091 -0.041502 -0.150325
v -0.029817 -0.041492 -0.150336
v -0.029817 -0.041492 -0.150336
v -0.029530 -0.041474 -0.150293
v -0.029530 -0.041474 -0.150293
v -0.029247 -0.041449 -0.150190
v -0.029247 -0.041449 -0.150190
v -0.028985 -0.041417 -0.150030
v -0.028985 -0.041417 -0.150030
v -0.028762 -0.041381 -0.149819
v -0.028762 -0.041381 -0.149819
v -0.028590 -0.041343 -0.149572
v -0.028590 -0.041343 -0.149572
v -0.028476 -0.041305 -0.149308
v -0.028476 -0.041305 -0.149308
v -0.028417 -0.041269 -0.149043
v -0.028417 -0.041269 -0.149043
v -0.028417 -0.041269 -0.149043
v -0.029075 -0.025904 -0.150978
v -0.029075 -0.025904 -0.150978
v -0.029075 -0.025904 -0.150978
v -0.029134 -0.025940 -0.151243
v -0.029134 -0.025940 -0.151243
v -0.029248 -0.025978 -0.151507
v -0.029248 -0.025978 -0.151507
v -0.029420 -0.026017 -0.151754
v -0.029420 -0.026017 -0.151754
v -0.029643 -0.026053 -0.151964
v -0.029643 -0.026053 -0.151964
v -0.029905 -0.026084 -0.152125
v -0.029905 -0.026084 -0.152125
v -0.030188 -0.026109 -0.152228
v -0.030188 -0.026109 -0.152228
v -0.030475 -0.026127 -0.152271
v -0.030475 -0.026127 -0.152271
v -0.030475 -0.026127 -0.152271
v -0.030749 -0.026137 -0.152260
v -0.030749 -0.026137 -0.152260
v -0.030749 -0.026137 -0.152260
v -0.031016 -0.026141 -0.152200
v -0.031016 -0.026141 -0.152200
v -0.031283 -0.026138 -0.152086
v -0.031283 -0.026138 -0.152086
v -0.031532 -0.026127 -0.151914
v -0.031532 -0.026127 -0.151914
v -0.031746 -0.026109 -0.151691
v -0.031746 -0.026109 -0.151691
v -0.031909 -0.026083 -0.151430
v -0.031909 -0.026083 -0.151430
v -0.032014 -0.026052 -0.151148
v -0.032014 -0.026052 -0.151148
v -0.032058 -0.026018 -0.150863
v -0.032058 -0.026018 -0.150863
v -0.031726 -0.033705 -0.149936
v -0.031661 -0.033743 -0.150262
v -0.031517 -0.033777 -0.150579
v -0.031300 -0.033803 -0.150857
v -0.031028 -0.033818 -0.151075
v -0.030726 -0.033824 -0.151220
v -0.030420 -0.033820 -0.151293
v -0.030106 -0.033807 -0.151301
v -0.029859 -0.033792 -0.151260
v -0.029615 -0.033771 -0.151176
v -0.029385 -0.033745 -0.151049
v -0.029180 -0.033715 -0.150882
v -0.029010 -0.033683 -0.150684
v -0.028881 -0.033650 -0.150465
v -0.028793 -0.033617 -0.150237
v -0.033283 -0.043510 -0.148133
v -0.033283 -0.043510 -0.148133
v -0.033374 -0.041400 -0.148399
v -0.033374 -0.041400 -0.148399
v -0.033374 -0.041400 -0.148399
v -0.033237 -0.041316 -0.147780
v -0.033237 -0.041316 -0.147780
v -0.032970 -0.041227 -0.147163
v -0.032970 -0.041227 -0.147163
v -0.032570 -0.041138 -0.146588
v -0.032570 -0.041138 -0.146588
v -0.032050 -0.041053 -0.146096
v -0.032050 -0.041053 -0.146096
v -0.031439 -0.040980 -0.145721
v -0.031439 -0.040980 -0.145721
v -0.030777 -0.040922 -0.145482
v -0.030777 -0.040922 -0.145482
v -0.030108 -0.040880 -0.145382
v -0.030108 -0.040880 -0.145382
v -0.029469 -0.040856 -0.145406
v -0.029469 -0.040856 -0.145406
v -0.028845 -0.040847 -0.145546
v -0.028845 -0.040847 -0.145546
v -0.028222 -0.040854 -0.145814
v -0.028222 -0.040854 -0.145814
v -0.027641 -0.040879 -0.146214
v -0.027641 -0.040879 -0.146214
v -0.027143 -0.040923 -0.146733
v -0.027143 -0.040923 -0.146733
v -0.026762 -0.040984 -0.147343
v -0.026762 -0.040984 -0.147343
v -0.026518 -0.041056 -0.148001
v -0.026518 -0.041056 -0.148001
v -0.026413 -0.041136 -0.148666
v -0.026413 -0.041136 -0.148666
v -0.026434 -0.041216 -0.149300
v -0.026434 -0.041216 -0.149300
v -0.026434 -0.041216 -0.149300
v -0.026251 -0.045506 -0.148760
v -0.026251 -0.045506 -0.148760
v -0.026251 -0.045506 -0.148760
v -0.026215 -0.045659 -0.148282
v -0.026215 -0.045659 -0.148282
v -0.026268 -0.045830 -0.147607
v -0.026268 -0.045830 -0.147607
v -0.026450 -0.045948 -0.146945
v -0.026450 -0.045948 -0.146945
v -0.026671 -0.046003 -0.146475
v -0.026671 -0.046003 -0.146475
v -0.026962 -0.046029 -0.146043
v -0.026962 -0.046029 -0.146043
v -0.027267 -0.046028 -0.145707
v -0.027267 -0.046028 -0.145707
v -0.027614 -0.046006 -0.145415
v -0.027614 -0.046006 -0.145415
v -0.028015 -0.045961 -0.145164
v -0.028015 -0.045961 -0.145164
v -0.028446 -0.045894 -0.144974
v -0.028446 -0.045894 -0.144974
v -0.029017 -0.045779 -0.144826
v -0.029017 -0.045779 -0.144826
v -0.029598 -0.045630 -0.144779
v -0.029598 -0.045630 -0.144779
v -0.030120 -0.045467 -0.144823
v -0.030120 -0.045467 -0.144823
v -0.030622 -0.045278 -0.144942
v -0.030622 -0.045278 -0.144942
v -0.031152 -0.045038 -0.145157
v -0.031152 -0.045038 -0.145157
v -0.031634 -0.044772 -0.145446
v -0.031634 -0.044772 -0.145446
v -0.031634 -0.044772 -0.145446
v -0.032263 -0.044372 -0.145996
v -0.032263 -0.044372 -0.145996
v -0.032774 -0.044009 -0.146679
v -0.032774 -0.044009 -0.146679
v -0.033095 -0.043738 -0.147363
v -0.033095 -0.043738 -0.147363
v -0.033280 -0.043516 -0.148111
v -0.033280 -0.043516 -0.148111
v -0.026530 -0.043587 -0.147297
v -0.032759 -0.043775 -0.146669
v -0.032250 -0.043674 -0.146041
v -0.031599 -0.043583 -0.145542
v -0.030858 -0.043510 -0.145212
v -0.030092 -0.043459 -0.145064
v -0.029359 -0.043430 -0.145082
v -0.028645 -0.043420 -0.145252
v -0.028112 -0.043427 -0.145490
v -0.027610 -0.043448 -0.145825
v -0.027165 -0.043483 -0.146250
v -0.026799 -0.043530 -0.146749
v -0.026364 -0.043652 -0.147868
v -0.026299 -0.043721 -0.148435
v -0.033315 -0.043367 -0.148782
v -0.033315 -0.043367 -0.148782
v -0.033230 -0.043262 -0.149432
v -0.033230 -0.043262 -0.149432
v -0.033032 -0.043196 -0.150044
v -0.033032 -0.043196 -0.150044
v -0.032724 -0.043165 -0.150612
v -0.032724 -0.043165 -0.150612
v -0.032339 -0.043165 -0.151086
v -0.032339 -0.043165 -0.151086
v -0.031875 -0.043193 -0.151483
v -0.031875 -0.043193 -0.151483
v -0.031340 -0.043248 -0.151792
v -0.031340 -0.043248 -0.151792
v -0.030760 -0.043331 -0.151998
v -0.030760 -0.043331 -0.151998
v -0.030099 -0.043451 -0.152097
v -0.030099 -0.043451 -0.152097
v -0.029436 -0.043604 -0.152066
v -0.029436 -0.043604 -0.152066
v -0.028787 -0.043791 -0.151909
v -0.028787 -0.043791 -0.151909
v -0.028186 -0.044008 -0.151638
v -0.028186 -0.044008 -0.151638
v -0.027650 -0.044251 -0.151270
v -0.027650 -0.044251 -0.151270
v -0.027190 -0.044515 -0.150821
v -0.027190 -0.044515 -0.150821
v -0.026809 -0.044799 -0.150304
v -0.026809 -0.044799 -0.150304
v -0.026518 -0.045093 -0.149735
v -0.026518 -0.045093 -0.149735
v -0.026518 -0.045093 -0.149735
v -0.026572 -0.041300 -0.149919
v -0.026572 -0.041300 -0.149919
v -0.026838 -0.041389 -0.150536
v -0.026838 -0.041389 -0.150536
v -0.027238 -0.041479 -0.151111
v -0.027238 -0.041479 -0.151111
v -0.027758 -0.041563 -0.151603
v -0.027758 -0.041563 -0.151603
v -0.028370 -0.041637 -0.151978
v -0.028370 -0.041637 -0.151978
v -0.029032 -0.041695 -0.152217
v -0.029032 -0.041695 -0.152217
v -0.029701 -0.041736 -0.152317
v -0.029701 -0.041736 -0.152317
v -0.030339 -0.041761 -0.152293
v -0.030339 -0.041761 -0.152293
v -0.030963 -0.041770 -0.152153
v -0.030963 -0.041770 -0.152153
v -0.031586 -0.041763 -0.151885
v -0.031586 -0.041763 -0.151885
v -0.032167 -0.041737 -0.151485
v -0.032167 -0.041737 -0.151485
v -0.032665 -0.041693 -0.150966
v -0.032665 -0.041693 -0.150966
v -0.033046 -0.041633 -0.150357
v -0.033046 -0.041633 -0.150357
v -0.033290 -0.041560 -0.149698
v -0.033290 -0.041560 -0.149698
v -0.033395 -0.041481 -0.149033
v -0.033395 -0.041481 -0.149033
v -0.028007 -0.043752 -0.151563
v -0.026847 -0.043560 -0.150436
v -0.027356 -0.043661 -0.151064
v -0.026510 -0.043458 -0.149738
v -0.031332 -0.041312 -0.148391
v -0.031332 -0.041312 -0.148391
v -0.031218 -0.041274 -0.148127
v -0.031218 -0.041274 -0.148127
v -0.031047 -0.041235 -0.147881
v -0.031047 -0.041235 -0.147881
v -0.030824 -0.041199 -0.147670
v -0.030824 -0.041199 -0.147670
v -0.030562 -0.041168 -0.147509
v -0.030562 -0.041168 -0.147509
v -0.030278 -0.041143 -0.147406
v -0.030278 -0.041143 -0.147406
v -0.029991 -0.041125 -0.147363
v -0.029991 -0.041125 -0.147363
v -0.029718 -0.041114 -0.147374
v -0.029718 -0.041114 -0.147374
v -0.029450 -0.041111 -0.147434
v -0.029450 -0.041111 -0.147434
v -0.029183 -0.041114 -0.147549
v -0.029183 -0.041114 -0.147549
v -0.028934 -0.041124 -0.147720
v -0.028934 -0.041124 -0.147720
v -0.028721 -0.041143 -0.147943
v -0.028721 -0.041143 -0.147943
v -0.028557 -0.041169 -0.148204
v -0.028557 -0.041169 -0.148204
v -0.028453 -0.041200 -0.148486
v -0.028453 -0.041200 -0.148486
v -0.028408 -0.041234 -0.148771
v -0.028408 -0.041234 -0.148771
v -0.025248 -0.045173 -0.150801
v -0.025248 -0.045173 -0.150801
v -0.025248 -0.045173 -0.150801
v -0.025073 -0.045311 -0.150580
v -0.025073 -0.045311 -0.150580
v -0.025073 -0.045311 -0.150580
v -0.022806 -0.046634 -0.147776
v -0.022806 -0.046634 -0.147776
v -0.020392 -0.047251 -0.144852
v -0.020392 -0.047251 -0.144852
v -0.020392 -0.047251 -0.144852
v -0.020585 -0.047242 -0.144413
v -0.020585 -0.047242 -0.144413
v -0.020741 -0.047235 -0.143852
v -0.020741 -0.047235 -0.143852
v -0.020807 -0.047226 -0.143274
v -0.020807 -0.047226 -0.143274
v -0.020806 -0.047220 -0.142964
v -0.020806 -0.047220 -0.142964
v -0.020779 -0.047212 -0.142656
v -0.020779 -0.047212 -0.142656
v -0.020779 -0.047212 -0.142656
v -0.020779 -0.047212 -0.142656
v -0.020696 -0.047185 -0.142008
v -0.020696 -0.047185 -0.142008
v -0.020696 -0.047185 -0.142008
v -0.020696 -0.047185 -0.142008
v -0.019191 -0.047291 -0.143501
v -0.019191 -0.047291 -0.143501
v -0.017009 -0.047406 -0.144945
v -0.017009 -0.047406 -0.144945
v -0.015242 -0.047464 -0.145686
v -0.015242 -0.047464 -0.145686
v -0.012934 -0.047462 -0.146207
v -0.012934 -0.047462 -0.146207
v -0.012934 -0.047462 -0.146207
v -0.025629 -0.046665 -0.135561
v -0.025629 -0.046665 -0.135561
v -0.025629 -0.046665 -0.135561
v -0.027975 -0.046777 -0.138350
v -0.027975 -0.046777 -0.138350
v -0.030272 -0.046230 -0.141129
v -0.030272 -0.046230 -0.141129
v -0.030272 -0.046230 -0.141129
v -0.031620 -0.045578 -0.142785
v -0.031620 -0.045578 -0.142785
v -0.031620 -0.045578 -0.142785
v -0.032903 -0.044693 -0.144381
v -0.032903 -0.044693 -0.144381
v -0.032903 -0.044693 -0.144381
v -0.032903 -0.044693 -0.144381
v -0.025992 -0.046904 -0.139206
v -0.026785 -0.046854 -0.138540
v -0.028709 -0.046537 -0.140858
v -0.030457 -0.045832 -0.142996
v -0.029664 -0.045882 -0.143661
v -0.027916 -0.046587 -0.141524
v -0.024405 -0.047004 -0.140536
v -0.028871 -0.045932 -0.144327
v -0.027122 -0.046637 -0.142189
v -0.025198 -0.046954 -0.139871
v -0.028077 -0.045981 -0.144992
v -0.026329 -0.046687 -0.142854
v -0.026490 -0.046081 -0.146323
v -0.024742 -0.046786 -0.144185
v -0.022818 -0.047103 -0.141867
v -0.024904 -0.046181 -0.147653
v -0.023156 -0.046886 -0.145515
v -0.021232 -0.047203 -0.143197
v -0.031991 -0.025947 -0.150326
v -0.031991 -0.025947 -0.150326
v -0.031876 -0.025909 -0.150062
v -0.031876 -0.025909 -0.150062
v -0.031876 -0.025909 -0.150062
v -0.031705 -0.025871 -0.149815
v -0.031705 -0.025871 -0.149815
v -0.031705 -0.025871 -0.149815
v -0.031482 -0.025834 -0.149604
v -0.031482 -0.025834 -0.149604
v -0.031220 -0.025803 -0.149444
v -0.031220 -0.025803 -0.149444
v -0.030936 -0.025778 -0.149341
v -0.030936 -0.025778 -0.149341
v -0.030650 -0.025760 -0.149298
v -0.030650 -0.025760 -0.149298
v -0.030376 -0.025750 -0.149309
v -0.030376 -0.025750 -0.149309
v -0.030108 -0.025746 -0.149369
v -0.030108 -0.025746 -0.149369
v -0.029842 -0.025749 -0.149483
v -0.029842 -0.025749 -0.149483
v -0.029593 -0.025760 -0.149655
v -0.029593 -0.025760 -0.149655
v -0.029379 -0.025779 -0.149878
v -0.029379 -0.025779 -0.149878
v -0.029216 -0.025805 -0.150139
v -0.029216 -0.025805 -0.150139
v -0.029216 -0.025805 -0.150139
v -0.029111 -0.025836 -0.150421
v -0.029111 -0.025836 -0.150421
v -0.029111 -0.025836 -0.150421
v -0.029066 -0.025870 -0.150706
v -0.029066 -0.025870 -0.150706
v -0.031586 -0.033602 -0.149169
v -0.031673 -0.033635 -0.149397
v -0.031456 -0.033569 -0.148950
v -0.031286 -0.033537 -0.148752
v -0.031081 -0.033507 -0.148586
v -0.030851 -0.033481 -0.148458
v -0.030607 -0.033460 -0.148374
v -0.030361 -0.033445 -0.148334
v -0.030047 -0.033432 -0.148341
v -0.029741 -0.033428 -0.148414
v -0.029439 -0.033434 -0.148559
v -0.029167 -0.033449 -0.148777
v -0.028950 -0.033475 -0.149056
v -0.028806 -0.033509 -0.149372
v -0.028740 -0.033547 -0.149698
v -0.034507 -0.043602 -0.146376
v -0.034507 -0.043602 -0.146376
v -0.034507 -0.043602 -0.146376
v -0.035927 -0.042901 -0.148330
v -0.035927 -0.042901 -0.148330
v -0.037159 -0.042491 -0.150485
v -0.037159 -0.042491 -0.150485
v -0.038259 -0.042372 -0.153140
v -0.038259 -0.042372 -0.153140
v -0.038972 -0.042587 -0.155918
v -0.038972 -0.042587 -0.155918
v -0.038972 -0.042587 -0.155918
v -0.038972 -0.042587 -0.155918
v -0.038997 -0.042605 -0.156055
v -0.038997 -0.042605 -0.156055
v -0.038997 -0.042605 -0.156055
v -0.038997 -0.042605 -0.156055
v -0.030170 -0.043159 -0.163457
v -0.030170 -0.043159 -0.163457
v -0.030170 -0.043159 -0.163457
v -0.030170 -0.043159 -0.163457
v -0.029598 -0.042912 -0.160296
v -0.029598 -0.042912 -0.160296
v -0.029598 -0.042912 -0.160296
v -0.029598 -0.042912 -0.160296
v -0.029297 -0.042916 -0.158920
v -0.029297 -0.042916 -0.158920
v -0.028900 -0.043000 -0.157564
v -0.028900 -0.043000 -0.157564
v -0.027813 -0.043447 -0.154895
v -0.027813 -0.043447 -0.154895
v -0.026433 -0.044281 -0.152462
v -0.026433 -0.044281 -0.152462
v -0.033435 -0.042659 -0.156278
v -0.030706 -0.042831 -0.158566
v -0.028542 -0.043187 -0.155958
v -0.031270 -0.043016 -0.153670
v -0.036163 -0.042488 -0.153990
v -0.032635 -0.042930 -0.152526
v -0.034799 -0.042574 -0.155134
v -0.033999 -0.042845 -0.151382
v -0.034684 -0.042802 -0.150807
v -0.036853 -0.042445 -0.153411
v -0.033396 -0.043553 -0.147833
v -0.035363 -0.042759 -0.150238
v -0.037528 -0.042402 -0.152846
v -0.034078 -0.043510 -0.147261
v -0.036045 -0.042716 -0.149666
v -0.025059 -0.030126 -0.141806
v -0.025059 -0.030126 -0.141806
v -0.025059 -0.030126 -0.141806
v -0.023800 -0.030363 -0.144121
v -0.023800 -0.030363 -0.144121
v -0.022126 -0.030548 -0.146161
v -0.022126 -0.030548 -0.146161
v -0.022126 -0.030548 -0.146161
v -0.022359 -0.025096 -0.146847
v -0.022359 -0.025096 -0.146847
v -0.022359 -0.025096 -0.146847
v -0.024033 -0.024911 -0.144807
v -0.024033 -0.024911 -0.144807
v -0.025292 -0.024674 -0.142492
v -0.025292 -0.024674 -0.142492
v -0.025292 -0.024674 -0.142492
v -0.023916 -0.027637 -0.144464
v -0.028933 -0.032299 -0.157744
v -0.028933 -0.032299 -0.157744
v -0.028933 -0.032299 -0.157744
v -0.037112 -0.031785 -0.150886
v -0.037112 -0.031785 -0.150886
v -0.037112 -0.031785 -0.150886
v -0.037345 -0.026333 -0.151572
v -0.037345 -0.026333 -0.151572
v -0.037345 -0.026333 -0.151572
v -0.029167 -0.026847 -0.158431
v -0.029167 -0.026847 -0.158431
v -0.029167 -0.026847 -0.158431
v -0.033139 -0.029316 -0.154658
v -0.035267 -0.025871 -0.148609
v -0.035267 -0.025871 -0.148609
v -0.035267 -0.025871 -0.148609
v -0.035267 -0.025871 -0.148609
v -0.031178 -0.025089 -0.143792
v -0.031178 -0.025089 -0.143792
v -0.031178 -0.025089 -0.143792
v -0.030638 -0.024998 -0.143248
v -0.030638 -0.024998 -0.143248
v -0.029992 -0.024911 -0.142776
v -0.029992 -0.024911 -0.142776
v -0.029258 -0.024833 -0.142406
v -0.029258 -0.024833 -0.142406
v -0.028461 -0.024767 -0.142159
v -0.028461 -0.024767 -0.142159
v -0.027632 -0.024718 -0.142047
v -0.027632 -0.024718 -0.142047
v -0.026807 -0.024686 -0.142073
v -0.026807 -0.024686 -0.142073
v -0.026018 -0.024671 -0.142228
v -0.026018 -0.024671 -0.142228
v -0.022409 -0.025212 -0.147748
v -0.022409 -0.025212 -0.147748
v -0.022627 -0.025333 -0.148638
v -0.022627 -0.025333 -0.148638
v -0.023006 -0.025455 -0.149472
v -0.023006 -0.025455 -0.149472
v -0.023525 -0.025570 -0.150210
v -0.023525 -0.025570 -0.150210
v -0.023525 -0.025570 -0.150210
v -0.023525 -0.025570 -0.150210
v -0.025900 -0.026024 -0.153009
v -0.025900 -0.026024 -0.153009
v -0.025900 -0.026024 -0.153009
v -0.027753 -0.026428 -0.155588
v -0.027753 -0.026428 -0.155588
v -0.030095 -0.026122 -0.152361
v -0.030095 -0.026122 -0.152361
v -0.030030 -0.032827 -0.161566
v -0.030030 -0.032827 -0.161566
v -0.030030 -0.032827 -0.161566
v -0.032183 -0.034425 -0.173527
v -0.032183 -0.034425 -0.173527
v -0.032183 -0.034425 -0.173527
v -0.032458 -0.034727 -0.175828
v -0.032458 -0.034727 -0.175828
v -0.032459 -0.035025 -0.178197
v -0.032459 -0.035025 -0.178197
v -0.032168 -0.035314 -0.180586
v -0.032168 -0.035314 -0.180586
v -0.031584 -0.035585 -0.182940
v -0.031584 -0.035585 -0.182940
v -0.030715 -0.035834 -0.185208
v -0.030715 -0.035834 -0.185208
v -0.029584 -0.036054 -0.187341
v -0.029584 -0.036054 -0.187341
v -0.028225 -0.036242 -0.189295
v -0.028225 -0.036242 -0.189295
v -0.026678 -0.036395 -0.191040
v -0.026678 -0.036395 -0.191040
v -0.026678 -0.036395 -0.191040
v -0.014281 -0.037430 -0.203480
v -0.014281 -0.037430 -0.203480
v -0.014281 -0.037430 -0.203480
v -0.015831 -0.038582 -0.212095
v -0.015831 -0.038582 -0.212095
v -0.015831 -0.038582 -0.212095
v -0.015831 -0.038582 -0.212095
v -0.015831 -0.038582 -0.212095
v -0.015906 -0.038621 -0.212383
v -0.015906 -0.038621 -0.212383
v -0.016029 -0.038662 -0.212667
v -0.016029 -0.038662 -0.212667
v -0.016029 -0.038662 -0.212667
v -0.016199 -0.038703 -0.212934
v -0.016199 -0.038703 -0.212934
v -0.016199 -0.038703 -0.212934
v -0.016414 -0.038743 -0.213174
v -0.016414 -0.038743 -0.213174
v -0.016665 -0.038779 -0.213376
v -0.016665 -0.038779 -0.213376
v -0.016942 -0.038810 -0.213533
v -0.016942 -0.038810 -0.213533
v -0.017233 -0.038837 -0.213642
v -0.017233 -0.038837 -0.213642
v -0.017233 -0.038837 -0.213642
v -0.017526 -0.038857 -0.213703
v -0.017526 -0.038857 -0.213703
v -0.017526 -0.038857 -0.213703
v -0.017826 -0.038872 -0.213720
v -0.017826 -0.038872 -0.213720
v -0.018136 -0.038881 -0.213690
v -0.018136 -0.038881 -0.213690
v -0.018446 -0.038884 -0.213610
v -0.018446 -0.038884 -0.213610
v -0.018742 -0.038881 -0.213480
v -0.018742 -0.038881 -0.213480
v -0.019014 -0.038870 -0.213304
v -0.019014 -0.038870 -0.213304
v -0.019014 -0.038870 -0.213304
v -0.019252 -0.038854 -0.213090
v -0.019252 -0.038854 -0.213090
v -0.019252 -0.038854 -0.213090
v -0.019447 -0.038831 -0.212848
v -0.019447 -0.038831 -0.212848
v -0.019598 -0.038805 -0.212589
v -0.019598 -0.038805 -0.212589
v -0.019598 -0.038805 -0.212589
v -0.019598 -0.038805 -0.212589
v -0.019598 -0.038805 -0.212589
v -0.019954 -0.038728 -0.211855
v -0.019954 -0.038728 -0.211855
v -0.019954 -0.038728 -0.211855
v -0.019954 -0.038728 -0.211855
v -0.037427 -0.037269 -0.194320
v -0.037427 -0.037269 -0.194320
v -0.037427 -0.037269 -0.194320
v -0.038974 -0.037115 -0.192576
v -0.038974 -0.037115 -0.192576
v -0.040334 -0.036927 -0.190621
v -0.040334 -0.036927 -0.190621
v -0.041464 -0.036707 -0.188489
v -0.041464 -0.036707 -0.188489
v -0.042333 -0.036459 -0.186221
v -0.042333 -0.036459 -0.186221
v -0.042917 -0.036187 -0.183866
v -0.042917 -0.036187 -0.183866
v -0.043208 -0.035899 -0.181478
v -0.043208 -0.035899 -0.181478
v -0.043208 -0.035601 -0.179109
v -0.043208 -0.035601 -0.179109
v -0.042932 -0.035299 -0.176808
v -0.042932 -0.035299 -0.176808
v -0.042932 -0.035299 -0.176808
v -0.039397 -0.032674 -0.157166
v -0.039397 -0.032674 -0.157166
v -0.039397 -0.032674 -0.157166
v -0.038523 -0.032229 -0.153928
v -0.038523 -0.032229 -0.153928
v -0.025242 -0.041389 -0.151074
v -0.025242 -0.041389 -0.151074
v -0.025242 -0.041389 -0.151074
v -0.022866 -0.040934 -0.148276
v -0.022866 -0.040934 -0.148276
v -0.022866 -0.040934 -0.148276
v -0.022866 -0.040934 -0.148276
v -0.022737 -0.043958 -0.147895
v -0.022737 -0.043958 -0.147895
v -0.022737 -0.043958 -0.147895
v -0.022737 -0.043958 -0.147895
v -0.020551 -0.043540 -0.145320
v -0.020551 -0.043540 -0.145320
v -0.020551 -0.043540 -0.145320
v -0.020551 -0.043540 -0.145320
v -0.022817 -0.044322 -0.147963
v -0.022817 -0.044322 -0.147963
v -0.028280 -0.036333 -0.156129
v -0.027020 -0.035994 -0.153861
v -0.029230 -0.036678 -0.158542
v -0.030390 -0.043477 -0.141477
v -0.030390 -0.043477 -0.141477
v -0.030390 -0.043477 -0.141477
v -0.030390 -0.043477 -0.141477
v -0.030390 -0.043477 -0.141477
v -0.030520 -0.040454 -0.141857
v -0.030520 -0.040454 -0.141857
v -0.030520 -0.040454 -0.141857
v -0.030520 -0.040454 -0.141857
v -0.032769 -0.036053 -0.144869
v -0.032769 -0.036053 -0.144869
v -0.023486 -0.046255 -0.133036
v -0.023486 -0.046255 -0.133036
v -0.023486 -0.046255 -0.133036
v -0.023661 -0.042191 -0.133548
v -0.023661 -0.042191 -0.133548
v -0.023661 -0.042191 -0.133548
v -0.026938 -0.044866 -0.137256
v -0.021571 -0.043484 -0.144532
v -0.021571 -0.043484 -0.144532
v -0.021571 -0.043484 -0.144532
v -0.021701 -0.040461 -0.144913
v -0.021701 -0.040461 -0.144913
v -0.021701 -0.040461 -0.144913
v -0.024634 -0.040038 -0.140558
v -0.024634 -0.040038 -0.140558
v -0.024634 -0.040038 -0.140558
v -0.024505 -0.043062 -0.140177
v -0.024505 -0.043062 -0.140177
v -0.024505 -0.043062 -0.140177
v -0.023245 -0.043299 -0.142491
v -0.023245 -0.043299 -0.142491
v -0.023523 -0.036831 -0.143306
v -0.025360 -0.040036 -0.140293
v -0.025360 -0.040036 -0.140293
v -0.026149 -0.040050 -0.140138
v -0.026149 -0.040050 -0.140138
v -0.026974 -0.040082 -0.140112
v -0.026974 -0.040082 -0.140112
v -0.027802 -0.040132 -0.140224
v -0.027802 -0.040132 -0.140224
v -0.028600 -0.040197 -0.140471
v -0.028600 -0.040197 -0.140471
v -0.029334 -0.040275 -0.140842
v -0.029334 -0.040275 -0.140842
v -0.029979 -0.040362 -0.141313
v -0.029979 -0.040362 -0.141313
v -0.029850 -0.043386 -0.140932
v -0.029850 -0.043386 -0.140932
v -0.029205 -0.043299 -0.140461
v -0.029205 -0.043299 -0.140461
v -0.028470 -0.043221 -0.140090
v -0.028470 -0.043221 -0.140090
v -0.027673 -0.043155 -0.139843
v -0.027673 -0.043155 -0.139843
v -0.026844 -0.043106 -0.139731
v -0.026844 -0.043106 -0.139731
v -0.026019 -0.043074 -0.139757
v -0.026019 -0.043074 -0.139757
v -0.025230 -0.043059 -0.139912
v -0.025230 -0.043059 -0.139912
v -0.025295 -0.041548 -0.140102
v -0.026084 -0.041562 -0.139948
v -0.026909 -0.041594 -0.139922
v -0.027738 -0.041644 -0.140033
v -0.028535 -0.041709 -0.140281
v -0.029269 -0.041787 -0.140651
v -0.029915 -0.041874 -0.141123
v -0.025689 -0.032354 -0.141260
v -0.026478 -0.032368 -0.141106
v -0.027303 -0.032400 -0.141079
v -0.028131 -0.032450 -0.141191
v -0.028929 -0.032515 -0.141439
v -0.029663 -0.032593 -0.141809
v -0.030309 -0.032680 -0.142280
v -0.042508 -0.045212 -0.175559
v -0.042508 -0.045212 -0.175559
v -0.042508 -0.045212 -0.175559
v -0.042783 -0.045513 -0.177860
v -0.042783 -0.045513 -0.177860
v -0.042783 -0.045812 -0.180229
v -0.042783 -0.045812 -0.180229
v -0.042493 -0.046100 -0.182618
v -0.042493 -0.046100 -0.182618
v -0.041908 -0.046371 -0.184973
v -0.041908 -0.046371 -0.184973
v -0.041040 -0.046620 -0.187241
v -0.041040 -0.046620 -0.187241
v -0.039909 -0.046840 -0.189373
v -0.039909 -0.046840 -0.189373
v -0.038550 -0.047028 -0.191327
v -0.038550 -0.047028 -0.191327
v -0.037003 -0.047181 -0.193072
v -0.037003 -0.047181 -0.193072
v -0.037003 -0.047181 -0.193072
v -0.019530 -0.048641 -0.210606
v -0.019530 -0.048641 -0.210606
v -0.019530 -0.048641 -0.210606
v -0.019530 -0.048641 -0.210606
v -0.019173 -0.048718 -0.211341
v -0.019173 -0.048718 -0.211341
v -0.019173 -0.048718 -0.211341
v -0.019173 -0.048718 -0.211341
v -0.019173 -0.048718 -0.211341
v -0.019022 -0.048744 -0.211600
v -0.019022 -0.048744 -0.211600
v -0.018827 -0.048766 -0.211842
v -0.018827 -0.048766 -0.211842
v -0.018827 -0.048766 -0.211842
v -0.018590 -0.048783 -0.212056
v -0.018590 -0.048783 -0.212056
v -0.018590 -0.048783 -0.212056
v -0.018318 -0.048794 -0.212231
v -0.018318 -0.048794 -0.212231
v -0.018021 -0.048797 -0.212361
v -0.018021 -0.048797 -0.212361
v -0.017711 -0.048794 -0.212441
v -0.017711 -0.048794 -0.212441
v -0.017401 -0.048784 -0.212471
v -0.017401 -0.048784 -0.212471
v -0.017101 -0.048770 -0.212455
v -0.017101 -0.048770 -0.212455
v -0.016808 -0.048749 -0.212394
v -0.016808 -0.048749 -0.212394
v -0.016517 -0.048723 -0.212285
v -0.016517 -0.048723 -0.212285
v -0.016517 -0.048723 -0.212285
v -0.016240 -0.048691 -0.212128
v -0.016240 -0.048691 -0.212128
v -0.016240 -0.048691 -0.212128
v -0.015989 -0.048655 -0.211926
v -0.015989 -0.048655 -0.211926
v -0.015989 -0.048655 -0.211926
v -0.015775 -0.048616 -0.211686
v -0.015775 -0.048616 -0.211686
v -0.015775 -0.048616 -0.211686
v -0.015604 -0.048575 -0.211419
v -0.015604 -0.048575 -0.211419
v -0.015604 -0.048575 -0.211419
v -0.015481 -0.048534 -0.211135
v -0.015481 -0.048534 -0.211135
v -0.015407 -0.048494 -0.210847
v -0.015407 -0.048494 -0.210847
v -0.015407 -0.048494 -0.210847
v -0.015407 -0.048494 -0.210847
v -0.015407 -0.048494 -0.210847
v -0.013856 -0.047343 -0.202232
v -0.013856 -0.047343 -0.202232
v -0.013856 -0.047343 -0.202232
v -0.026253 -0.046308 -0.189791
v -0.026253 -0.046308 -0.189791
v -0.026253 -0.046308 -0.189791
v -0.027800 -0.046154 -0.188047
v -0.027800 -0.046154 -0.188047
v -0.029160 -0.045966 -0.186092
v -0.029160 -0.045966 -0.186092
v -0.030290 -0.045746 -0.183960
v -0.030290 -0.045746 -0.183960
v -0.031159 -0.045498 -0.181692
v -0.031159 -0.045498 -0.181692
v -0.031743 -0.045226 -0.179337
v -0.031743 -0.045226 -0.179337
v -0.032034 -0.044938 -0.176949
v -0.032034 -0.044938 -0.176949
v -0.032034 -0.044640 -0.174580
v -0.032034 -0.044640 -0.174580
v -0.031758 -0.044338 -0.172279
v -0.031758 -0.044338 -0.172279
v -0.031758 -0.044338 -0.172279
v -0.021621 -0.043600 -0.145432
v -0.021621 -0.043600 -0.145432
v -0.021839 -0.043721 -0.146323
v -0.021839 -0.043721 -0.146323
v -0.022219 -0.043843 -0.147157
v -0.022219 -0.043843 -0.147157
v -0.022348 -0.040819 -0.147538
v -0.022348 -0.040819 -0.147538
v -0.021969 -0.040698 -0.146703
v -0.021969 -0.040698 -0.146703
v -0.021751 -0.040577 -0.145813
v -0.021751 -0.040577 -0.145813
v -0.021686 -0.042088 -0.145623
v -0.021904 -0.042210 -0.146513
v -0.022283 -0.042331 -0.147347
v -0.020774 -0.043485 -0.144809
v -0.020774 -0.043485 -0.144809
v -0.020917 -0.043423 -0.144265
v -0.020917 -0.043423 -0.144265
v -0.020976 -0.043355 -0.143706
v -0.020976 -0.043355 -0.143706
v -0.020948 -0.043284 -0.143151
v -0.020948 -0.043284 -0.143151
v -0.020948 -0.043284 -0.143151
v -0.020948 -0.043284 -0.143151
v -0.020891 -0.045320 -0.143458
v -0.020833 -0.045388 -0.144018
v -0.020689 -0.045450 -0.144562
v -0.020867 -0.043200 -0.142510
v -0.020867 -0.043200 -0.142510
v -0.020867 -0.043200 -0.142510
v -0.020867 -0.043200 -0.142510
v -0.020822 -0.045235 -0.142579
v -0.020822 -0.045235 -0.142579
v -0.020822 -0.045235 -0.142579
v -0.020822 -0.045235 -0.142579
v -0.019484 -0.043315 -0.143898
v -0.019484 -0.043315 -0.143898
v -0.017817 -0.043394 -0.145093
v -0.017817 -0.043394 -0.145093
v -0.015913 -0.043429 -0.146016
v -0.015913 -0.043429 -0.146016
v -0.013846 -0.043414 -0.146602
v -0.013846 -0.043414 -0.146602
v -0.011708 -0.043350 -0.146816
v -0.011708 -0.043350 -0.146816
v -0.009601 -0.043239 -0.146657
v -0.009601 -0.043239 -0.146657
v -0.007616 -0.043091 -0.146156
v -0.007616 -0.043091 -0.146156
v -0.005825 -0.042916 -0.145372
v -0.005825 -0.042916 -0.145372
v -0.004187 -0.042712 -0.144309
v -0.004187 -0.042712 -0.144309
v -0.002684 -0.042474 -0.142932
v -0.002684 -0.042474 -0.142932
v -0.001405 -0.042209 -0.141267
v -0.001405 -0.042209 -0.141267
v -0.000426 -0.041929 -0.139375
v -0.000426 -0.041929 -0.139375
v 0.000200 -0.041646 -0.137338
v 0.000200 -0.041646 -0.137338
v 0.000451 -0.041373 -0.135255
v 0.000451 -0.041373 -0.135255
v 0.000342 -0.041121 -0.133221
v 0.000342 -0.041121 -0.133221
v -0.000085 -0.040900 -0.131317
v -0.000085 -0.040900 -0.131317
v -0.000816 -0.040703 -0.129506
v -0.000816 -0.040703 -0.129506
v -0.001884 -0.040529 -0.127762
v -0.001884 -0.040529 -0.127762
v -0.003279 -0.040389 -0.126177
v -0.003279 -0.040389 -0.126177
v -0.004957 -0.040293 -0.124838
v -0.004957 -0.040293 -0.124838
v -0.006846 -0.040244 -0.123813
v -0.006846 -0.040244 -0.123813
v -0.008853 -0.040246 -0.123143
v -0.008853 -0.040246 -0.123143
v -0.010881 -0.040294 -0.122833
v -0.010881 -0.040294 -0.122833
v -0.012842 -0.040381 -0.122860
v -0.012842 -0.040381 -0.122860
v -0.014772 -0.040507 -0.123202
v -0.014772 -0.040507 -0.123202
v -0.016699 -0.040676 -0.123885
v -0.016699 -0.040676 -0.123885
v -0.018534 -0.040884 -0.124919
v -0.018534 -0.040884 -0.124919
v -0.020181 -0.041126 -0.126278
v -0.020181 -0.041126 -0.126278
v -0.021558 -0.041390 -0.127907
v -0.021558 -0.041390 -0.127907
v -0.022609 -0.041664 -0.129723
v -0.022609 -0.041664 -0.129723
v -0.023307 -0.041935 -0.131634
v -0.023307 -0.041935 -0.131634
v -0.023194 -0.046031 -0.131356
v -0.023194 -0.046031 -0.131356
v -0.022642 -0.045796 -0.129683
v -0.022642 -0.045796 -0.129683
v -0.021828 -0.045559 -0.128074
v -0.021828 -0.045559 -0.128074
v -0.020767 -0.045327 -0.126591
v -0.020767 -0.045327 -0.126591
v -0.019490 -0.045108 -0.125285
v -0.019490 -0.045108 -0.125285
v -0.018046 -0.044909 -0.124199
v -0.018046 -0.044909 -0.124199
v -0.016490 -0.044736 -0.123357
v -0.016490 -0.044736 -0.123357
v -0.014880 -0.044593 -0.122767
v -0.014880 -0.044593 -0.122767
v -0.013202 -0.044476 -0.122411
v -0.013202 -0.044476 -0.122411
v -0.011430 -0.044386 -0.122295
v -0.011430 -0.044386 -0.122295
v -0.009619 -0.044327 -0.122444
v -0.009619 -0.044327 -0.122444
v -0.007830 -0.044304 -0.122867
v -0.007830 -0.044304 -0.122867
v -0.006124 -0.044317 -0.123555
v -0.006124 -0.044317 -0.123555
v -0.004559 -0.044366 -0.124478
v -0.004559 -0.044366 -0.124478
v -0.003179 -0.044448 -0.125596
v -0.003179 -0.044448 -0.125596
v -0.002013 -0.044557 -0.126856
v -0.002013 -0.044557 -0.126856
v -0.001039 -0.044693 -0.128267
v -0.001039 -0.044693 -0.128267
v -0.000253 -0.044859 -0.129852
v -0.000253 -0.044859 -0.129852
v 0.000301 -0.045052 -0.131573
v 0.000301 -0.045052 -0.131573
v 0.000590 -0.045266 -0.133377
v 0.000590 -0.045266 -0.133377
v 0.000602 -0.045496 -0.135201
v 0.000602 -0.045496 -0.135201
v 0.000339 -0.045732 -0.136985
v 0.000339 -0.045732 -0.136985
v -0.000175 -0.045966 -0.138670
v -0.000175 -0.045966 -0.138670
v -0.000904 -0.046191 -0.140211
v -0.000904 -0.046191 -0.140211
v -0.001847 -0.046411 -0.141633
v -0.001847 -0.046411 -0.141633
v -0.003025 -0.046626 -0.142947
v -0.003025 -0.046626 -0.142947
v -0.004418 -0.046831 -0.144097
v -0.004418 -0.046831 -0.144097
v -0.005989 -0.047016 -0.145035
v -0.005989 -0.047016 -0.145035
v -0.005989 -0.047016 -0.145035
v -0.007686 -0.047176 -0.145726
v -0.007686 -0.047176 -0.145726
v -0.009450 -0.047305 -0.146149
v -0.009450 -0.047305 -0.146149
v -0.011218 -0.047400 -0.146304
v -0.011218 -0.047400 -0.146304
v -0.011218 -0.047400 -0.146304
v -0.012692 -0.045420 -0.146501
v -0.014286 -0.045455 -0.146234
v -0.015826 -0.045461 -0.145760
v -0.018597 -0.045392 -0.144269
v -0.011087 -0.045358 -0.146555
v -0.009525 -0.045272 -0.146403
v -0.006606 -0.045038 -0.145539
v -0.004100 -0.044744 -0.144053
v -0.001929 -0.044377 -0.141883
v -0.001042 -0.044172 -0.140557
v -0.000339 -0.043961 -0.139119
v 0.000385 -0.043608 -0.136562
v 0.000526 -0.043276 -0.133970
v 0.000135 -0.042984 -0.131522
v -0.000729 -0.042735 -0.129250
v -0.002117 -0.042523 -0.127092
v -0.004000 -0.042367 -0.125216
v -0.006272 -0.042284 -0.123781
v -0.008766 -0.042278 -0.122887
v -0.011294 -0.042345 -0.122554
v -0.013715 -0.042471 -0.122734
v -0.016135 -0.042662 -0.123425
v -0.018447 -0.042917 -0.124663
v -0.020466 -0.043223 -0.126407
v -0.022040 -0.043559 -0.128541
v -0.023078 -0.043900 -0.130896
v -0.001469 -0.043418 -0.134020
v -0.001469 -0.043418 -0.134020
v -0.001771 -0.043189 -0.132101
v -0.001771 -0.043189 -0.132101
v -0.002475 -0.042980 -0.130200
v -0.002475 -0.042980 -0.130200
v -0.003575 -0.042806 -0.128443
v -0.003575 -0.042806 -0.128443
v -0.005013 -0.042679 -0.126944
v -0.005013 -0.042679 -0.126944
v -0.006690 -0.042605 -0.125789
v -0.006690 -0.042605 -0.125789
v -0.008486 -0.042585 -0.125015
v -0.008486 -0.042585 -0.125015
v -0.010287 -0.042611 -0.124613
v -0.010287 -0.042611 -0.124613
v -0.012130 -0.042681 -0.124542
v -0.012130 -0.042681 -0.124542
v -0.014061 -0.042800 -0.124832
v -0.014061 -0.042800 -0.124832
v -0.015971 -0.042969 -0.125521
v -0.015971 -0.042969 -0.125521
v -0.017735 -0.043181 -0.126604
v -0.017735 -0.043181 -0.126604
v -0.019236 -0.043424 -0.128024
v -0.019236 -0.043424 -0.128024
v -0.020390 -0.043682 -0.129683
v -0.020390 -0.043682 -0.129683
v -0.020390 -0.043682 -0.129683
v -0.021160 -0.043940 -0.131463
v -0.021160 -0.043940 -0.131463
v -0.021249 -0.041858 -0.131725
v -0.021249 -0.041858 -0.131725
v -0.020479 -0.041601 -0.129945
v -0.020479 -0.041601 -0.129945
v -0.019325 -0.041342 -0.128286
v -0.019325 -0.041342 -0.128286
v -0.017824 -0.041099 -0.126866
v -0.017824 -0.041099 -0.126866
v -0.016060 -0.040887 -0.125783
v -0.016060 -0.040887 -0.125783
v -0.014150 -0.040719 -0.125094
v -0.014150 -0.040719 -0.125094
v -0.012219 -0.040600 -0.124804
v -0.012219 -0.040600 -0.124804
v -0.010376 -0.040530 -0.124875
v -0.010376 -0.040530 -0.124875
v -0.008575 -0.040503 -0.125278
v -0.008575 -0.040503 -0.125278
v -0.006779 -0.040524 -0.126051
v -0.006779 -0.040524 -0.126051
v -0.005102 -0.040597 -0.127206
v -0.005102 -0.040597 -0.127206
v -0.003664 -0.040724 -0.128705
v -0.003664 -0.040724 -0.128705
v -0.002565 -0.040898 -0.130462
v -0.002565 -0.040898 -0.130462
v -0.001860 -0.041108 -0.132363
v -0.001860 -0.041108 -0.132363
v -0.001558 -0.041336 -0.134282
v -0.001558 -0.041336 -0.134282
v -0.001533 -0.042344 -0.133880
v -0.001975 -0.042086 -0.131682
v -0.002945 -0.041860 -0.129553
v -0.004406 -0.041686 -0.127679
v -0.006238 -0.041580 -0.126212
v -0.008271 -0.041544 -0.125234
v -0.010332 -0.041570 -0.124744
v -0.012447 -0.041654 -0.124691
v -0.014105 -0.041760 -0.124963
v -0.015749 -0.041901 -0.125529
v -0.017298 -0.042076 -0.126388
v -0.018676 -0.042276 -0.127511
v -0.019821 -0.042493 -0.128844
v -0.020694 -0.042716 -0.130316
v -0.021283 -0.042934 -0.131851
v -0.014215 -0.043175 -0.144577
v -0.014215 -0.043175 -0.144577
v -0.010842 -0.044817 -0.141940
v -0.010842 -0.044817 -0.141940
v -0.010968 -0.044859 -0.142231
v -0.010968 -0.044859 -0.142231
v -0.011156 -0.044901 -0.142502
v -0.011156 -0.044901 -0.142502
v -0.011401 -0.044941 -0.142734
v -0.011401 -0.044941 -0.142734
v -0.011690 -0.044975 -0.142911
v -0.011690 -0.044975 -0.142911
v -0.012002 -0.045003 -0.143023
v -0.012002 -0.045003 -0.143023
v -0.012317 -0.045022 -0.143071
v -0.012317 -0.045022 -0.143071
v -0.012618 -0.045034 -0.143059
v -0.012618 -0.045034 -0.143059
v -0.012912 -0.045038 -0.142993
v -0.012912 -0.045038 -0.142993
v -0.013206 -0.045035 -0.142867
v -0.013206 -0.045035 -0.142867
v -0.013480 -0.045023 -0.142678
v -0.013480 -0.045023 -0.142678
v -0.013715 -0.045002 -0.142434
v -0.013715 -0.045002 -0.142434
v -0.013894 -0.044974 -0.142146
v -0.013894 -0.044974 -0.142146
v -0.014009 -0.044940 -0.141836
v -0.014009 -0.044940 -0.141836
v -0.014059 -0.044902 -0.141522
v -0.014059 -0.044902 -0.141522
v -0.013974 -0.046885 -0.141273
v -0.013974 -0.046885 -0.141273
v -0.013924 -0.046922 -0.141586
v -0.013924 -0.046922 -0.141586
v -0.013809 -0.046956 -0.141897
v -0.013809 -0.046956 -0.141897
v -0.013630 -0.046985 -0.142184
v -0.013630 -0.046985 -0.142184
v -0.013395 -0.047005 -0.142429
v -0.013395 -0.047005 -0.142429
v -0.013121 -0.047017 -0.142617
v -0.013121 -0.047017 -0.142617
v -0.012827 -0.047021 -0.142744
v -0.012827 -0.047021 -0.142744
v -0.012533 -0.047016 -0.142810
v -0.012533 -0.047016 -0.142810
v -0.012533 -0.047016 -0.142810
v -0.012232 -0.047005 -0.142821
v -0.012232 -0.047005 -0.142821
v -0.012232 -0.047005 -0.142821
v -0.012232 -0.047005 -0.142821
v -0.011917 -0.046986 -0.142774
v -0.011917 -0.046986 -0.142774
v -0.011605 -0.046958 -0.142661
v -0.011605 -0.046958 -0.142661
v -0.011316 -0.046923 -0.142484
v -0.011316 -0.046923 -0.142484
v -0.011071 -0.046884 -0.142252
v -0.011071 -0.046884 -0.142252
v -0.010883 -0.046841 -0.141981
v -0.010883 -0.046841 -0.141981
v -0.010883 -0.046841 -0.141981
v -0.010757 -0.046799 -0.141690
v -0.010757 -0.046799 -0.141690
v -0.010757 -0.046799 -0.141690
v -0.010814 -0.045814 -0.141857
v -0.010973 -0.045862 -0.142186
v -0.011212 -0.045910 -0.142482
v -0.011520 -0.045953 -0.142718
v -0.011869 -0.045987 -0.142873
v -0.012230 -0.046011 -0.142943
v -0.012576 -0.046025 -0.142934
v -0.012912 -0.046030 -0.142854
v -0.013163 -0.046026 -0.142742
v -0.013400 -0.046016 -0.142584
v -0.013610 -0.046000 -0.142384
v -0.013782 -0.045978 -0.142149
v -0.013909 -0.045951 -0.141890
v -0.013988 -0.045920 -0.141621
v -0.014018 -0.045888 -0.141354
v -0.007258 -0.043906 -0.135924
v -0.007258 -0.043906 -0.135924
v -0.007601 -0.044020 -0.136717
v -0.007601 -0.044020 -0.136717
v -0.008115 -0.044136 -0.137457
v -0.008115 -0.044136 -0.137457
v -0.008784 -0.044244 -0.138089
v -0.008784 -0.044244 -0.138089
v -0.009570 -0.044338 -0.138572
v -0.009570 -0.044338 -0.138572
v -0.009570 -0.044338 -0.138572
v -0.010421 -0.044413 -0.138879
v -0.010421 -0.044413 -0.138879
v -0.011281 -0.044466 -0.139008
v -0.011281 -0.044466 -0.139008
v -0.012102 -0.044498 -0.138976
v -0.012102 -0.044498 -0.138976
v -0.012905 -0.044509 -0.138797
v -0.012905 -0.044509 -0.138797
v -0.013705 -0.044500 -0.138452
v -0.013705 -0.044500 -0.138452
v -0.014452 -0.044468 -0.137938
v -0.014452 -0.044468 -0.137938
v -0.015093 -0.044411 -0.137270
v -0.015093 -0.044411 -0.137270
v -0.015583 -0.044333 -0.136487
v -0.015583 -0.044333 -0.136487
v -0.015583 -0.044333 -0.136487
v -0.015896 -0.044240 -0.135640
v -0.015896 -0.044240 -0.135640
v -0.016031 -0.044138 -0.134785
v -0.016031 -0.044138 -0.134785
v -0.015946 -0.046121 -0.134536
v -0.015946 -0.046121 -0.134536
v -0.015812 -0.046223 -0.135391
v -0.015812 -0.046223 -0.135391
v -0.015498 -0.046316 -0.136237
v -0.015498 -0.046316 -0.136237
v -0.015008 -0.046393 -0.137021
v -0.015008 -0.046393 -0.137021
v -0.014367 -0.046450 -0.137688
v -0.014367 -0.046450 -0.137688
v -0.013620 -0.046483 -0.138203
v -0.013620 -0.046483 -0.138203
v -0.012820 -0.046492 -0.138547
v -0.012820 -0.046492 -0.138547
v -0.012017 -0.046480 -0.138727
v -0.012017 -0.046480 -0.138727
v -0.012017 -0.046480 -0.138727
v -0.011196 -0.046449 -0.138758
v -0.011196 -0.046449 -0.138758
v -0.011196 -0.046449 -0.138758
v -0.010336 -0.046396 -0.138629
v -0.010336 -0.046396 -0.138629
v -0.009485 -0.046321 -0.138322
v -0.009485 -0.046321 -0.138322
v -0.008699 -0.046226 -0.137840
v -0.008699 -0.046226 -0.137840
v -0.008030 -0.046118 -0.137207
v -0.008030 -0.046118 -0.137207
v -0.008030 -0.046118 -0.137207
v -0.007516 -0.046003 -0.136468
v -0.007516 -0.046003 -0.136468
v -0.007173 -0.045888 -0.135675
v -0.007173 -0.045888 -0.135675
v -0.007254 -0.044913 -0.135914
v -0.007688 -0.045045 -0.136812
v -0.008342 -0.045174 -0.137619
v -0.009179 -0.045291 -0.138261
v -0.010132 -0.045385 -0.138685
v -0.011117 -0.045452 -0.138875
v -0.012060 -0.045489 -0.138852
v -0.012978 -0.045501 -0.138634
v -0.013663 -0.045492 -0.138328
v -0.014308 -0.045465 -0.137897
v -0.014881 -0.045421 -0.137350
v -0.015351 -0.045360 -0.136709
v -0.015697 -0.045286 -0.136004
v -0.015910 -0.045203 -0.135270
v -0.015994 -0.045115 -0.134541
v -0.009102 -0.043008 -0.128167
v -0.009102 -0.043008 -0.128167
v -0.009227 -0.043050 -0.128458
v -0.009227 -0.043050 -0.128458
v -0.009227 -0.043050 -0.128458
v -0.009416 -0.043092 -0.128729
v -0.009416 -0.043092 -0.128729
v -0.009416 -0.043092 -0.128729
v -0.009661 -0.043132 -0.128961
v -0.009661 -0.043132 -0.128961
v -0.009949 -0.043166 -0.129138
v -0.009949 -0.043166 -0.129138
v -0.010261 -0.043194 -0.129250
v -0.010261 -0.043194 -0.129250
v -0.010577 -0.043214 -0.129298
v -0.010577 -0.043214 -0.129298
v -0.010878 -0.043225 -0.129286
v -0.010878 -0.043225 -0.129286
v -0.011172 -0.043229 -0.129220
v -0.011172 -0.043229 -0.129220
v -0.011465 -0.043226 -0.129094
v -0.011465 -0.043226 -0.129094
v -0.011739 -0.043214 -0.128905
v -0.011739 -0.043214 -0.128905
v -0.011974 -0.043193 -0.128660
v -0.011974 -0.043193 -0.128660
v -0.012154 -0.043165 -0.128373
v -0.012154 -0.043165 -0.128373
v -0.012269 -0.043131 -0.128063
v -0.012269 -0.043131 -0.128063
v -0.012318 -0.043093 -0.127749
v -0.012318 -0.043093 -0.127749
v -0.012233 -0.045076 -0.127500
v -0.012233 -0.045076 -0.127500
v -0.012184 -0.045113 -0.127813
v -0.012184 -0.045113 -0.127813
v -0.012069 -0.045147 -0.128124
v -0.012069 -0.045147 -0.128124
v -0.011889 -0.045176 -0.128411
v -0.011889 -0.045176 -0.128411
v -0.011654 -0.045196 -0.128656
v -0.011654 -0.045196 -0.128656
v -0.011380 -0.045208 -0.128844
v -0.011380 -0.045208 -0.128844
v -0.011380 -0.045208 -0.128844
v -0.011087 -0.045212 -0.128971
v -0.011087 -0.045212 -0.128971
v -0.011087 -0.045212 -0.128971
v -0.010793 -0.045207 -0.129036
v -0.010793 -0.045207 -0.129036
v -0.010492 -0.045196 -0.129048
v -0.010492 -0.045196 -0.129048
v -0.010176 -0.045177 -0.129001
v -0.010176 -0.045177 -0.129001
v -0.009864 -0.045149 -0.128888
v -0.009864 -0.045149 -0.128888
v -0.009576 -0.045114 -0.128711
v -0.009576 -0.045114 -0.128711
v -0.009331 -0.045075 -0.128479
v -0.009331 -0.045075 -0.128479
v -0.009142 -0.045032 -0.128208
v -0.009142 -0.045032 -0.128208
v -0.009017 -0.044990 -0.127917
v -0.009017 -0.044990 -0.127917
v -0.009073 -0.044005 -0.128084
v -0.009232 -0.044053 -0.128413
v -0.009472 -0.044101 -0.128709
v -0.009779 -0.044144 -0.128945
v -0.010128 -0.044178 -0.129100
v -0.010490 -0.044202 -0.129170
v -0.010835 -0.044216 -0.129161
v -0.011172 -0.044221 -0.129081
v -0.011423 -0.044217 -0.128969
v -0.011660 -0.044207 -0.128811
v -0.011870 -0.044191 -0.128611
v -0.012042 -0.044169 -0.128376
v -0.012169 -0.044142 -0.128117
v -0.012247 -0.044111 -0.127848
v -0.012278 -0.044079 -0.127581
v -0.003032 -0.043729 -0.135955
v -0.003032 -0.043729 -0.135955
v -0.003158 -0.043771 -0.136245
v -0.003158 -0.043771 -0.136245
v -0.003347 -0.043813 -0.136516
v -0.003347 -0.043813 -0.136516
v -0.003592 -0.043853 -0.136748
v -0.003592 -0.043853 -0.136748
v -0.003880 -0.043887 -0.136925
v -0.003880 -0.043887 -0.136925
v -0.004192 -0.043915 -0.137038
v -0.004192 -0.043915 -0.137038
v -0.004507 -0.043934 -0.137085
v -0.004507 -0.043934 -0.137085
v -0.004809 -0.043946 -0.137074
v -0.004809 -0.043946 -0.137074
v -0.005103 -0.043950 -0.137008
v -0.005103 -0.043950 -0.137008
v -0.005396 -0.043947 -0.136881
v -0.005396 -0.043947 -0.136881
v -0.005670 -0.043935 -0.136693
v -0.005670 -0.043935 -0.136693
v -0.005905 -0.043914 -0.136448
v -0.005905 -0.043914 -0.136448
v -0.006085 -0.043885 -0.136161
v -0.006085 -0.043885 -0.136161
v -0.006200 -0.043851 -0.135850
v -0.006200 -0.043851 -0.135850
v -0.006249 -0.043814 -0.135537
v -0.006249 -0.043814 -0.135537
v -0.006164 -0.045796 -0.135287
v -0.006164 -0.045796 -0.135287
v -0.006115 -0.045834 -0.135601
v -0.006115 -0.045834 -0.135601
v -0.006000 -0.045868 -0.135911
v -0.006000 -0.045868 -0.135911
v -0.005820 -0.045896 -0.136198
v -0.005820 -0.045896 -0.136198
v -0.005585 -0.045917 -0.136443
v -0.005585 -0.045917 -0.136443
v -0.005311 -0.045929 -0.136632
v -0.005311 -0.045929 -0.136632
v -0.005311 -0.045929 -0.136632
v -0.005018 -0.045932 -0.136758
v -0.005018 -0.045932 -0.136758
v -0.005018 -0.045932 -0.136758
v -0.004724 -0.045928 -0.136824
v -0.004724 -0.045928 -0.136824
v -0.004423 -0.045917 -0.136836
v -0.004423 -0.045917 -0.136836
v -0.004107 -0.045897 -0.136788
v -0.004107 -0.045897 -0.136788
v -0.003795 -0.045870 -0.136676
v -0.003795 -0.045870 -0.136676
v -0.003507 -0.045835 -0.136499
v -0.003507 -0.045835 -0.136499
v -0.003262 -0.045795 -0.136267
v -0.003262 -0.045795 -0.136267
v -0.003073 -0.045753 -0.135996
v -0.003073 -0.045753 -0.135996
v -0.002947 -0.045711 -0.135705
v -0.002947 -0.045711 -0.135705
v -0.003004 -0.044726 -0.135872
v -0.003163 -0.044774 -0.136201
v -0.003403 -0.044822 -0.136497
v -0.003710 -0.044864 -0.136732
v -0.004059 -0.044899 -0.136888
v -0.004420 -0.044923 -0.136957
v -0.004766 -0.044937 -0.136949
v -0.005103 -0.044941 -0.136869
v -0.005354 -0.044938 -0.136757
v -0.005591 -0.044928 -0.136599
v -0.005801 -0.044912 -0.136398
v -0.005973 -0.044890 -0.136163
v -0.006100 -0.044863 -0.135905
v -0.006178 -0.044832 -0.135635
v -0.006209 -0.044800 -0.135368
v -0.016911 -0.044096 -0.134153
v -0.016911 -0.044096 -0.134153
v -0.017037 -0.044138 -0.134443
v -0.017037 -0.044138 -0.134443
v -0.017225 -0.044180 -0.134714
v -0.017225 -0.044180 -0.134714
v -0.017471 -0.044220 -0.134946
v -0.017471 -0.044220 -0.134946
v -0.017759 -0.044255 -0.135123
v -0.017759 -0.044255 -0.135123
v -0.017759 -0.044255 -0.135123
v -0.018071 -0.044282 -0.135236
v -0.018071 -0.044282 -0.135236
v -0.018071 -0.044282 -0.135236
v -0.018386 -0.044302 -0.135283
v -0.018386 -0.044302 -0.135283
v -0.018687 -0.044313 -0.135272
v -0.018687 -0.044313 -0.135272
v -0.018981 -0.044318 -0.135206
v -0.018981 -0.044318 -0.135206
v -0.019275 -0.044314 -0.135079
v -0.019275 -0.044314 -0.135079
v -0.019549 -0.044302 -0.134891
v -0.019549 -0.044302 -0.134891
v -0.019784 -0.044281 -0.134646
v -0.019784 -0.044281 -0.134646
v -0.019963 -0.044253 -0.134359
v -0.019963 -0.044253 -0.134359
v -0.020078 -0.044219 -0.134048
v -0.020078 -0.044219 -0.134048
v -0.020128 -0.044181 -0.133735
v -0.020128 -0.044181 -0.133735
v -0.020043 -0.046164 -0.133485
v -0.020043 -0.046164 -0.133485
v -0.019994 -0.046201 -0.133799
v -0.019994 -0.046201 -0.133799
v -0.019879 -0.046236 -0.134109
v -0.019879 -0.046236 -0.134109
v -0.019699 -0.046264 -0.134396
v -0.019699 -0.046264 -0.134396
v -0.019464 -0.046285 -0.134641
v -0.019464 -0.046285 -0.134641
v -0.019190 -0.046297 -0.134830
v -0.019190 -0.046297 -0.134830
v -0.018897 -0.046300 -0.134956
v -0.018897 -0.046300 -0.134956
v -0.018602 -0.046296 -0.135022
v -0.018602 -0.046296 -0.135022
v -0.018301 -0.046284 -0.135034
v -0.018301 -0.046284 -0.135034
v -0.017986 -0.046265 -0.134986
v -0.017986 -0.046265 -0.134986
v -0.017674 -0.046237 -0.134874
v -0.017674 -0.046237 -0.134874
v -0.017386 -0.046203 -0.134697
v -0.017386 -0.046203 -0.134697
v -0.017140 -0.046163 -0.134465
v -0.017140 -0.046163 -0.134465
v -0.016952 -0.046121 -0.134194
v -0.016952 -0.046121 -0.134194
v -0.016826 -0.046079 -0.133903
v -0.016826 -0.046079 -0.133903
v -0.016883 -0.045093 -0.134070
v -0.017042 -0.045142 -0.134399
v -0.017282 -0.045189 -0.134695
v -0.017589 -0.045232 -0.134930
v -0.017938 -0.045267 -0.135086
v -0.018299 -0.045291 -0.135155
v -0.018645 -0.045305 -0.135147
v -0.018981 -0.045309 -0.135067
v -0.019232 -0.045306 -0.134955
v -0.019469 -0.045296 -0.134797
v -0.019679 -0.045279 -0.134596
v -0.019852 -0.045257 -0.134361
v -0.019978 -0.045230 -0.134103
v -0.020057 -0.045200 -0.133833
v -0.020087 -0.045167 -0.133566
v -0.012354 -0.047012 -0.142838
v -0.012354 -0.047012 -0.142838
v -0.012354 -0.047012 -0.142838
v -0.011838 -0.046476 -0.138751
v -0.011838 -0.046476 -0.138751
v -0.015708 -0.043583 -0.211800
v -0.015860 -0.043630 -0.212121
v -0.016074 -0.043677 -0.212417
v -0.016341 -0.043720 -0.212670
v -0.016648 -0.043758 -0.212869
v -0.016978 -0.043790 -0.213005
v -0.017314 -0.043813 -0.213079
v -0.017657 -0.043830 -0.213094
v -0.017924 -0.043838 -0.213066
v -0.018189 -0.043841 -0.213000
v -0.018447 -0.043839 -0.212898
v -0.018689 -0.043832 -0.212760
v -0.018908 -0.043820 -0.212592
v -0.019100 -0.043804 -0.212399
v -0.014844 -0.042962 -0.207164
v -0.028013 -0.041198 -0.188671
v -0.029372 -0.041010 -0.186716
v -0.030503 -0.040790 -0.184584
v -0.031371 -0.040541 -0.182316
v -0.031956 -0.040270 -0.179961
v -0.032246 -0.039982 -0.177573
v -0.032246 -0.039683 -0.175204
v -0.030890 -0.038669 -0.166911
v -0.030890 -0.038669 -0.166911
v -0.024383 -0.033479 -0.150642
v -0.037680 -0.035402 -0.151827
v -0.036420 -0.035062 -0.149559
v -0.038630 -0.035746 -0.154241
v -0.040952 -0.038943 -0.166363
v -0.040952 -0.038943 -0.166363
v -0.038762 -0.042071 -0.191952
v -0.040121 -0.041884 -0.189997
v -0.041252 -0.041664 -0.187865
v -0.042121 -0.041415 -0.185597
v -0.042705 -0.041144 -0.183242
v -0.042996 -0.040855 -0.180854
v -0.042995 -0.040557 -0.178484
v -0.020267 -0.041869 -0.196636
v -0.019564 -0.043723 -0.211598
v -0.019564 -0.043723 -0.211598
v -0.028478 -0.042955 -0.202463
v -0.022080 -0.032894 -0.146780
v -0.022298 -0.033016 -0.147671
v -0.022677 -0.033137 -0.148505
vn -0.9974 -0.0493 -0.0524
vn -0.9913 -0.0263 0.1287
vn -0.9986 -0.0461 -0.0258
vn -0.9800 -0.0657 -0.1880
vn -0.9675 -0.0719 -0.2425
vn -0.9325 -0.0843 -0.3513
vn -0.8978 -0.0926 -0.4306
vn -0.8553 -0.1006 -0.5082
vn -0.7889 -0.1099 -0.6046
vn -0.7509 -0.1141 -0.6505
vn -0.6465 -0.1225 -0.7530
vn -0.6238 -0.1239 -0.7717
vn -0.4805 -0.1299 -0.8673
vn -0.4805 -0.1298 -0.8673
vn -0.3283 -0.1318 -0.9353
vn -0.3027 -0.1319 -0.9439
vn -0.1243 -0.1292 -0.9838
vn 0.0583 -0.1225 -0.9907
vn 0.0853 -0.1209 -0.9890
vn 0.2493 -0.1106 -0.9621
vn 0.3042 -0.1062 -0.9467
vn 0.4384 -0.0938 -0.8939
vn 0.5162 -0.0852 -0.8522
vn 0.6131 -0.0728 -0.7867
vn 0.7014 -0.0594 -0.7102
vn 0.7617 -0.0487 -0.6461
vn 0.8469 -0.0306 -0.5309
vn 0.8759 -0.0231 -0.4819
vn 0.9436 -0.0013 -0.3310
vn 0.9522 0.0022 -0.3056
vn 0.9913 0.0263 -0.1287
vn 0.9522 0.0023 -0.3056
vn 0.9913 0.0263 -0.1288
vn -0.3026 -0.1319 -0.9440
vn 0.0582 -0.1223 -0.9908
vn 0.2493 -0.1105 -0.9621
vn 0.6131 -0.0727 -0.7867
vn -0.8978 -0.0927 -0.4306
vn -0.9675 -0.0721 -0.2425
vn -0.9986 -0.0460 -0.0260
vn -0.9974 -0.0493 -0.0525
vn -0.9800 -0.0657 -0.1881
vn -0.9323 -0.0842 -0.3516
vn -0.8556 -0.1006 -0.5077
vn 0.0581 -0.1222 -0.9908
vn 0.0851 -0.1209 -0.9890
vn 0.2493 -0.1107 -0.9621
vn 0.7017 -0.0594 -0.7100
vn 0.8470 -0.0306 -0.5308
vn 0.9436 -0.0013 -0.3311
vn 0.9521 0.0029 -0.3057
vn -0.3027 -0.1318 -0.9439
vn 0.0582 -0.1222 -0.9908
vn -0.7889 -0.1100 -0.6046
vn -0.9675 -0.0720 -0.2425
vn -0.9986 -0.0461 -0.0261
vn -0.9675 -0.0720 -0.2424
vn -0.9325 -0.0841 -0.3513
vn -0.8557 -0.1006 -0.5076
vn -0.6465 -0.1226 -0.7530
vn 0.0852 -0.1209 -0.9890
vn 0.3041 -0.1062 -0.9467
vn 0.5156 -0.0853 -0.8526
vn 0.6131 -0.0729 -0.7866
vn 0.7018 -0.0593 -0.7099
vn 0.8471 -0.0305 -0.5305
vn 0.8760 -0.0231 -0.4818
vn -0.3027 -0.1317 -0.9439
vn 0.8760 -0.0232 -0.4818
vn -0.9675 -0.0719 -0.2424
vn -0.9801 -0.0656 -0.1876
vn -0.9326 -0.0841 -0.3509
vn -0.7511 -0.1141 -0.6502
vn -0.6239 -0.1239 -0.7716
vn -0.4804 -0.1298 -0.8674
vn -0.3026 -0.1319 -0.9439
vn 0.5163 -0.0852 -0.8522
vn 0.7016 -0.0594 -0.7100
vn 0.8471 -0.0306 -0.5305
vn -0.3026 -0.1318 -0.9439
vn -0.1243 -0.1293 -0.9838
vn 0.2493 -0.1104 -0.9621
vn -0.9326 -0.0842 -0.3510
vn -0.8553 -0.1006 -0.5083
vn -0.4805 -0.1297 -0.8673
vn -0.4806 -0.1298 -0.8673
vn 0.0582 -0.1224 -0.9908
vn 0.7015 -0.0594 -0.7102
vn 0.9522 0.0024 -0.3056
vn -0.9522 -0.0023 0.3056
vn -0.9913 -0.0262 0.1287
vn -0.9600 -0.0058 0.2801
vn -0.9017 0.0158 0.4321
vn -0.8759 0.0231 0.4819
vn -0.8153 0.0378 0.5778
vn -0.7617 0.0487 0.6461
vn -0.7018 0.0594 0.7099
vn -0.6131 0.0728 0.7867
vn -0.5654 0.0792 0.8210
vn -0.4384 0.0938 0.8939
vn -0.4119 0.0965 0.9061
vn -0.2493 0.1105 0.9621
vn -0.2494 0.1105 0.9621
vn -0.0851 0.1209 0.9890
vn -0.0581 0.1223 0.9908
vn 0.1243 0.1292 0.9838
vn 0.3026 0.1319 0.9439
vn 0.3284 0.1318 0.9353
vn 0.4805 0.1298 0.8673
vn 0.5297 0.1282 0.8385
vn 0.6465 0.1225 0.7530
vn 0.7111 0.1178 0.6932
vn 0.7889 0.1099 0.6046
vn 0.8555 0.1006 0.5079
vn 0.8978 0.0927 0.4306
vn 0.9517 0.0782 0.2969
vn 0.9675 0.0719 0.2424
vn 0.9955 0.0526 0.0793
vn 0.9974 0.0493 0.0524
vn 0.9974 0.0493 0.0525
vn -0.0582 0.1223 0.9908
vn -0.6131 0.0729 0.7866
vn -0.8760 0.0232 0.4818
vn 0.9914 0.0261 -0.1285
vn 0.9675 0.0719 0.2425
vn 0.9517 0.0781 0.2970
vn 0.8976 0.0924 0.4310
vn 0.8557 0.1006 0.5076
vn 0.7889 0.1098 0.6046
vn 0.7109 0.1178 0.6933
vn 0.6466 0.1224 0.7529
vn 0.4806 0.1298 0.8673
vn 0.3283 0.1318 0.9353
vn 0.3027 0.1319 0.9439
vn -0.4127 0.0964 0.9058
vn -0.4389 0.0941 0.8936
vn -0.5655 0.0791 0.8209
vn -0.6131 0.0737 0.7866
vn -0.7015 0.0594 0.7102
vn -0.7617 0.0487 0.6460
vn -0.8150 0.0380 0.5782
vn -0.9015 0.0159 0.4326
vn -0.9913 -0.0266 0.1287
vn -0.8758 0.0232 0.4821
vn -0.6131 0.0727 0.7867
vn 0.9914 0.0254 -0.1286
vn 0.9905 0.0255 -0.1350
vn 0.9415 -0.0021 -0.3370
vn 0.5158 -0.0853 -0.8525
vn 0.3041 -0.1063 -0.9467
vn 0.0583 -0.1224 -0.9908
vn -0.6240 -0.1246 -0.7714
vn -0.5915 -0.1256 -0.7964
vn -0.6907 -0.1194 -0.7132
vn -0.7513 -0.1142 -0.6500
vn -0.7782 -0.1111 -0.6182
vn -0.8621 -0.0995 -0.4968
vn -0.9265 -0.0858 -0.3664
vn -0.9326 -0.0840 -0.3511
vn -0.9808 -0.0651 -0.1841
vn -0.9800 -0.0655 -0.1881
vn -0.9991 -0.0429 -0.0002
vn -0.4772 -0.1299 -0.8691
vn -0.3549 -0.1316 -0.9256
vn -0.1932 -0.1307 -0.9724
vn -0.0293 -0.1261 -0.9916
vn 0.1175 -0.1191 -0.9859
vn 0.2584 -0.1098 -0.9598
vn 0.4063 -0.0970 -0.9086
vn 0.5401 -0.0824 -0.8376
vn 0.7139 -0.0573 -0.6979
vn 0.8542 -0.0288 -0.5192
vn 0.9976 0.0488 0.0485
vn 0.9712 0.0703 0.2278
vn 0.9675 0.0720 0.2424
vn 0.9130 0.0892 0.3981
vn 0.8978 0.0926 0.4306
vn 0.8238 0.1055 0.5570
vn 0.7133 0.1176 0.6909
vn 0.5808 0.1262 0.8042
vn 0.4284 0.1309 0.8941
vn 0.2636 0.1317 0.9556
vn 0.0763 0.1278 0.9889
vn -0.1107 0.1195 0.9866
vn -0.2934 0.1071 0.9500
vn -0.4618 0.0913 0.8822
vn -0.5158 0.0853 0.8525
vn -0.6112 0.0730 0.7881
vn -0.7019 0.0593 0.7098
vn -0.8471 0.0304 0.5305
vn -0.9434 0.0014 0.3315
vn -0.9913 -0.0261 0.1287
vn -0.9216 0.0094 0.3880
vn -0.8430 0.0315 0.5370
vn -0.7386 0.0530 0.6720
vn 0.0425 -0.9913 0.1248
vn -0.3212 -0.8927 -0.3162
vn -0.3042 -0.9058 -0.2950
vn -0.2561 -0.9376 -0.2352
vn -0.2377 -0.9478 -0.2125
vn -0.1891 -0.9700 -0.1529
vn -0.1511 -0.9827 -0.1067
vn -0.0757 -0.9970 -0.0156
vn -0.0560 -0.9984 0.0080
vn 0.0424 -0.9913 0.1248
vn -0.1511 -0.9828 -0.1066
vn -0.2633 -0.9333 -0.2441
vn -0.2526 -0.9396 -0.2310
vn -0.2881 -0.9173 -0.2749
vn -0.2750 -0.9260 -0.2586
vn -0.2447 -0.9440 -0.2211
vn -0.2377 -0.9478 -0.2124
vn -0.2385 -0.9474 -0.2134
vn -0.2405 -0.9463 -0.2160
vn -0.2404 -0.9464 -0.2159
vn -0.0560 -0.9984 0.0079
vn -0.0561 -0.9984 0.0079
vn -0.0156 -0.9983 0.0562
vn 0.0067 -0.9966 0.0826
vn -0.2450 -0.9439 -0.2215
vn -0.2519 -0.9400 -0.2300
vn -0.2641 -0.9328 -0.2453
vn -0.2794 -0.9231 -0.2642
vn -0.2918 -0.9147 -0.2795
vn -0.3121 -0.8998 -0.3049
vn -0.1984 -0.9663 -0.1643
vn -0.3211 -0.8927 -0.3161
vn -0.0792 -0.9967 -0.0199
vn -0.0725 -0.9973 -0.0118
vn -0.0620 -0.9981 0.0008
vn -0.0493 -0.9987 0.0160
vn -0.0416 -0.9988 0.0253
vn -0.0334 -0.9988 0.0350
vn -0.0213 -0.9986 0.0493
vn -0.0118 -0.9981 0.0606
vn 0.9600 0.0058 -0.2801
vn 0.9017 -0.0158 -0.4322
vn 0.8152 -0.0379 -0.5779
vn 0.7616 -0.0489 -0.6461
vn 0.6131 -0.0737 -0.7866
vn 0.5655 -0.0792 -0.8209
vn 0.4383 -0.0938 -0.8939
vn 0.4127 -0.0964 -0.9058
vn 0.2495 -0.1105 -0.9621
vn -0.5297 -0.1282 -0.8384
vn -0.6466 -0.1224 -0.7529
vn -0.7110 -0.1178 -0.6933
vn -0.9517 -0.0781 -0.2970
vn -0.9955 -0.0526 -0.0793
vn -0.9913 -0.0268 0.1287
vn -0.9913 -0.0265 0.1287
vn -0.7888 -0.1109 -0.6045
vn 0.7618 -0.0487 -0.6460
vn -0.3035 -0.9063 -0.2941
vn -0.2854 -0.9192 -0.2715
vn -0.2637 -0.9331 -0.2446
vn -0.2674 -0.9308 -0.2491
vn -0.2497 -0.9412 -0.2274
vn -0.2331 -0.9502 -0.2069
vn -0.1869 -0.9708 -0.1501
vn -0.0561 -0.9984 0.0080
vn -0.0385 -0.9988 0.0288
vn -0.0740 -0.9972 -0.0135
vn -0.2181 -0.9576 -0.1884
vn -0.2057 -0.9632 -0.1731
vn -0.1960 -0.9673 -0.1612
vn -0.1899 -0.9697 -0.1539
vn -0.0561 -0.9984 0.0076
vn -0.1870 -0.9708 -0.1502
vn -0.0565 -0.9984 0.0073
vn -0.1512 -0.9827 -0.1067
vn -0.1136 -0.9916 -0.0613
vn -0.0362 -0.9988 0.0316
vn -0.1871 -0.9708 -0.1504
vn -0.1904 -0.9695 -0.1544
vn -0.1969 -0.9669 -0.1624
vn -0.2064 -0.9628 -0.1741
vn -0.2188 -0.9572 -0.1893
vn -0.2332 -0.9501 -0.2070
vn -0.2376 -0.9478 -0.2125
vn -0.2338 -0.9498 -0.2078
vn -0.2531 -0.9393 -0.2316
vn -0.2736 -0.9269 -0.2570
vn -0.2977 -0.9105 -0.2869
vn -0.2490 -0.9417 -0.2263
vn -0.1818 -0.9728 -0.1439
vn 0.0389 -0.9919 0.1206
vn -0.1103 -0.9922 -0.0574
vn 0.9195 0.0876 0.3832
vn 0.9195 0.0877 0.3832
vn 0.8295 0.1046 0.5486
vn 0.7100 0.1178 0.6943
vn -0.6422 -0.1228 -0.7566
vn -0.0425 0.9913 -0.1248
vn -0.0425 0.9913 -0.1249
vn -0.0424 0.9913 -0.1248
vn -0.0424 0.9913 -0.1246
vn -0.0425 0.9913 -0.1250
vn -0.0425 0.9913 -0.1247
vn -0.0425 0.9912 -0.1250
vn -0.0424 0.9913 -0.1247
vn 0.7654 -0.0480 -0.6418
vn 0.7653 -0.0480 -0.6418
vn 0.7737 -0.0464 -0.6319
vn 0.8305 -0.0344 -0.5559
vn 0.8421 -0.0317 -0.5384
vn 0.8970 -0.0172 -0.4417
vn 0.9050 -0.0145 -0.4251
vn 0.9496 0.0012 -0.3134
vn 0.9525 0.0024 -0.3044
vn 0.9689 0.0104 -0.2473
vn 0.9835 0.0195 -0.1797
vn 0.9287 -0.0069 -0.3707
vn 0.9287 -0.0069 -0.3708
vn 0.8580 -0.0279 -0.5129
vn -0.7654 0.0480 0.6418
vn -0.7653 0.0480 0.6418
vn -0.7654 0.0481 0.6418
vn 0.7101 0.1178 0.6942
vn 0.2667 0.1316 0.9548
vn 0.4118 0.1312 0.9018
vn 0.2662 0.1316 0.9549
vn 0.2666 0.1316 0.9548
vn 0.1088 0.1287 0.9857
vn 0.1091 0.1287 0.9857
vn -0.0567 0.1223 0.9909
vn -0.0562 0.1224 0.9909
vn -0.2219 0.1125 0.9686
vn -0.3808 0.0994 0.9193
vn -0.3808 0.0995 0.9193
vn -0.5281 0.0838 0.8450
vn -0.5273 0.0839 0.8456
vn -0.6568 0.0665 0.7511
vn -0.6572 0.0664 0.7508
vn -0.7653 0.0481 0.6419
vn -0.6573 0.0664 0.7507
vn 0.1089 0.1287 0.9857
vn 0.2666 0.1317 0.9548
vn 0.2663 0.1316 0.9549
vn 0.4117 0.1312 0.9018
vn -0.0560 0.1224 0.9909
vn -0.0567 0.1224 0.9909
vn 0.0425 -0.9913 0.1247
vn 0.0425 -0.9913 0.1249
vn 0.0424 -0.9913 0.1249
vn 0.9885 0.0236 -0.1494
vn 0.9984 0.0467 0.0307
vn 0.9885 0.0236 -0.1493
vn 0.9884 0.0234 -0.1501
vn 0.9449 -0.0007 -0.3273
vn 0.9449 -0.0007 -0.3274
vn 0.8694 -0.0249 -0.4935
vn 0.8689 -0.0250 -0.4943
vn 0.7654 -0.0480 -0.6417
vn 0.9987 0.0455 0.0211
vn 0.9982 0.0369 -0.0466
vn 0.9982 0.0473 0.0360
vn 0.9830 0.0631 0.1723
vn 0.9795 0.0659 0.1902
vn 0.9442 0.0806 0.3194
vn 0.9367 0.0829 0.3401
vn 0.8842 0.0953 0.4574
vn 0.8842 0.0955 0.4573
vn 0.9443 0.0806 0.3190
vn 0.9830 0.0638 0.1723
vn 0.9987 0.0455 0.0216
vn 0.9913 0.0263 -0.1286
vn 0.9913 0.0264 -0.1286
vn 0.9914 0.0264 -0.1286
vn 0.9914 0.0264 -0.1283
vn -0.3126 -0.1318 -0.9407
vn -0.2266 -0.1313 -0.9651
vn -0.1220 -0.1291 -0.9841
vn -0.0948 -0.1282 -0.9872
vn 0.0198 -0.1241 -0.9921
vn 0.0378 -0.1232 -0.9917
vn 0.1659 -0.1162 -0.9793
vn 0.1670 -0.1161 -0.9791
vn 0.3117 -0.1055 -0.9443
vn 0.4081 -0.0972 -0.9078
vn 0.4520 -0.0923 -0.8872
vn 0.6153 -0.0724 -0.7849
vn 0.5818 -0.0770 -0.8097
vn 0.6969 -0.0601 -0.7146
vn 0.7947 -0.0423 -0.6056
vn 0.7941 -0.0424 -0.6063
vn 0.8680 -0.0253 -0.4960
vn 0.8722 -0.0241 -0.4886
vn 0.9262 -0.0078 -0.3770
vn 0.9325 -0.0055 -0.3612
vn 0.9750 0.0138 -0.2220
vn 0.9859 0.0214 -0.1658
vn 0.9967 0.0333 -0.0745
vn 0.9976 0.0487 0.0484
vn 0.9957 0.0523 0.0763
vn 0.9653 0.0730 0.2507
vn 0.9718 0.0700 0.2253
vn 0.9260 0.0860 0.3675
vn 0.8938 0.0936 0.4385
vn 0.8611 0.0997 0.4986
vn 0.7792 0.1112 0.6168
vn 0.7809 0.1109 0.6147
vn 0.6843 0.1199 0.7193
vn 0.6235 0.1240 0.7719
vn 0.5702 0.1267 0.8117
vn 0.4358 0.1319 0.8903
vn 0.4409 0.1307 0.8880
vn 0.2998 0.1318 0.9448
vn 0.2297 0.1313 0.9644
vn 0.1519 0.1299 0.9798
vn 0.0211 0.1258 0.9918
vn 0.0022 0.1250 0.9922
vn -0.1442 0.1175 0.9826
vn -0.1793 0.1151 0.9770
vn -0.2828 0.1079 0.9531
vn -0.3794 0.0996 0.9198
vn -0.4158 0.0961 0.9044
vn -0.5704 0.0787 0.8176
vn -0.5444 0.0818 0.8348
vn -0.6638 0.0654 0.7451
vn -0.7373 0.0534 0.6735
vn -0.7693 0.0473 0.6371
vn -0.8673 0.0254 0.4972
vn -0.8570 0.0281 0.5145
vn -0.9243 0.0085 0.3816
vn -0.9532 -0.0028 0.3025
vn -0.9699 -0.0109 0.2433
vn -0.9941 -0.0294 0.1045
vn -0.9648 -0.0083 0.2627
vn -0.3539 -0.1317 -0.9260
vn -0.4585 -0.1303 -0.8791
vn -0.5827 -0.1260 -0.8028
vn -0.6388 -0.1230 -0.7594
vn -0.7632 -0.1128 -0.6363
vn -0.7632 -0.1128 -0.6362
vn -0.6490 -0.1223 -0.7509
vn -0.5112 -0.1290 -0.8497
vn -0.1830 -0.1305 -0.9744
vn -0.0063 -0.1252 -0.9921
vn 0.1679 -0.1160 -0.9790
vn 0.3319 -0.1039 -0.9376
vn 0.4800 -0.0893 -0.8727
vn 0.6155 -0.0725 -0.7848
vn 0.7395 -0.0528 -0.6711
vn 0.8452 -0.0309 -0.5336
vn 0.9778 0.0156 -0.2088
vn 0.9986 0.0382 -0.0367
vn 0.9896 0.0589 0.1314
vn 0.9543 0.0772 0.2888
vn 0.8938 0.0935 0.4386
vn 0.8056 0.1078 0.5826
vn 0.6903 0.1194 0.7136
vn 0.5516 0.1274 0.8243
vn 0.3956 0.1315 0.9090
vn 0.2297 0.1312 0.9644
vn 0.0621 0.1273 0.9899
vn -0.1000 0.1201 0.9877
vn -0.2594 0.1098 0.9595
vn -0.4188 0.0958 0.9030
vn -0.5705 0.0785 0.8175
vn -0.7065 0.0585 0.7053
vn -0.8204 0.0367 0.5707
vn -0.9072 0.0141 0.4205
vn -0.9955 -0.0527 -0.0794
vn -0.9517 -0.0782 -0.2969
vn -0.7111 -0.1178 -0.6932
vn -0.5297 -0.1282 -0.8385
vn -0.4805 -0.1298 -0.8674
vn -0.3284 -0.1318 -0.9353
vn 0.0581 -0.1223 -0.9908
vn 0.0842 -0.1209 -0.9891
vn 0.4119 -0.0965 -0.9061
vn 0.5654 -0.0792 -0.8210
vn 0.9017 -0.0158 -0.4321
vn -0.9913 -0.0262 0.1288
vn -0.9436 0.0013 0.3311
vn -0.8760 0.0231 0.4818
vn -0.8470 0.0305 0.5307
vn -0.7014 0.0594 0.7102
vn -0.5162 0.0852 0.8522
vn -0.3040 0.1062 0.9467
vn 0.6238 0.1239 0.7717
vn -0.9522 -0.0024 0.3056
vn -0.0582 0.1222 0.9908
vn 0.3027 0.1317 0.9439
vn 0.7509 0.1141 0.6505
vn 0.8557 0.1006 0.5077
vn 0.9323 0.0842 0.3516
vn 0.9675 0.0720 0.2425
vn 0.9800 0.0657 0.1880
vn 0.9986 0.0461 0.0258
vn 0.7889 0.1100 0.6046
vn -0.9913 -0.0263 0.1288
vn -0.8760 0.0232 0.4817
vn -0.8471 0.0306 0.5305
vn -0.7018 0.0593 0.7099
vn -0.3041 0.1062 0.9467
vn -0.0853 0.1209 0.9890
vn -0.0582 0.1224 0.9908
vn 0.4805 0.1298 0.8674
vn 0.6239 0.1239 0.7716
vn 0.3026 0.1315 0.9440
vn 0.7512 0.1140 0.6501
vn 0.9326 0.0841 0.3509
vn 0.9802 0.0655 0.1869
vn 0.6465 0.1226 0.7530
vn -0.8471 0.0305 0.5305
vn -0.3042 0.1062 0.9467
vn -0.0852 0.1209 0.9890
vn 0.4804 0.1298 0.8674
vn 0.8553 0.1006 0.5082
vn 0.9798 0.0657 0.1887
vn 0.9986 0.0460 0.0258
vn -0.9521 -0.0021 0.3057
vn -0.8469 0.0306 0.5309
vn -0.9522 -0.0017 0.3056
vn 0.3026 0.1319 0.9440
vn 0.8553 0.1007 0.5082
vn 0.9325 0.0841 0.3511
vn -0.8471 0.0305 0.5306
vn -0.7014 0.0594 0.7103
vn -0.2493 0.1104 0.9621
vn -0.0583 0.1222 0.9908
vn 0.3028 0.1317 0.9439
vn 0.7509 0.1141 0.6504
vn 0.9325 0.0843 0.3513
vn 0.9800 0.0656 0.1878
vn 0.9986 0.0460 0.0260
vn 0.9974 0.0494 0.0524
vn 0.9461 -0.0002 -0.3238
vn 0.9388 -0.0032 -0.3445
vn 0.8848 -0.0208 -0.4656
vn 0.8627 -0.0266 -0.5050
vn 0.8844 -0.0201 -0.4664
vn 0.7994 -0.0411 -0.5994
vn 0.7558 -0.0498 -0.6529
vn 0.6921 -0.0604 -0.7192
vn 0.6227 -0.0714 -0.7792
vn 0.5667 -0.0790 -0.8201
vn 0.4692 -0.0905 -0.8785
vn 0.4284 -0.0947 -0.8986
vn 0.3039 -0.1062 -0.9468
vn 0.2830 -0.1079 -0.9530
vn 0.1361 -0.1180 -0.9836
vn -0.0136 -0.1255 -0.9920
vn -0.0356 -0.1263 -0.9913
vn -0.1688 -0.1303 -0.9770
vn -0.1691 -0.1303 -0.9769
vn -0.3017 -0.1318 -0.9443
vn -0.3237 -0.1324 -0.9368
vn 0.7994 -0.0417 -0.5994
vn 0.6923 -0.0613 -0.7190
vn 0.4285 -0.0950 -0.8985
vn 0.2831 -0.1079 -0.9530
vn -0.0139 -0.1255 -0.9920
vn -0.4306 -0.1309 -0.8930
vn -0.4720 -0.1300 -0.8720
vn -0.5514 -0.1274 -0.8245
vn -0.6080 -0.1246 -0.7841
vn -0.6608 -0.1216 -0.7406
vn -0.7263 -0.1168 -0.6773
vn -0.7568 -0.1135 -0.6437
vn -0.8243 -0.1054 -0.5562
vn -0.8243 -0.1054 -0.5563
vn -0.8996 -0.0923 -0.4268
vn -0.8995 -0.0923 -0.4270
vn -0.7266 -0.1164 -0.6771
vn -0.6080 -0.1248 -0.7840
vn -0.4720 -0.1300 -0.8719
vn -0.3236 -0.1317 -0.9370
vn 0.9835 0.0195 -0.1796
vn 0.7083 0.1180 0.6959
vn 0.7860 0.1103 0.6083
vn 0.8538 0.1009 0.5107
vn 0.9102 0.0899 0.4042
vn 0.9536 0.0775 0.2910
vn 0.9828 0.0639 0.1735
vn 0.9973 0.0496 0.0543
vn 0.9973 0.0347 -0.0640
vn 0.9973 0.0346 -0.0647
vn 0.9973 0.0346 -0.0644
vn 0.9973 0.0494 0.0538
vn 0.9828 0.0639 0.1732
vn 0.7855 0.1104 0.6089
vn -0.8342 0.0335 0.5504
vn -0.8424 0.0314 0.5379
vn -0.8943 0.0179 0.4472
vn -0.9053 0.0148 0.4246
vn -0.9482 -0.0006 0.3176
vn -0.9525 -0.0024 0.3044
vn -0.9835 -0.0195 0.1797
vn -0.9399 0.0028 0.3415
vn -0.8693 0.0249 0.4937
vn -0.8693 0.0250 0.4937
vn -0.9835 -0.0197 0.1798
vn -0.9835 -0.0196 0.1798
vn -0.9835 -0.0195 0.1796
vn -0.7083 -0.1180 -0.6959
vn -0.7860 -0.1103 -0.6083
vn -0.7857 -0.1103 -0.6087
vn -0.8538 -0.1009 -0.5107
vn -0.9102 -0.0899 -0.4042
vn -0.9536 -0.0775 -0.2910
vn -0.9828 -0.0639 -0.1735
vn -0.9828 -0.0640 -0.1735
vn -0.9973 -0.0496 -0.0543
vn -0.9973 -0.0495 -0.0540
vn -0.9973 -0.0347 0.0640
vn -0.9836 -0.0195 0.1796
vn -0.9973 -0.0496 -0.0538
vn 0.7083 0.1180 0.6960
vn -0.8996 -0.0923 -0.4269
vn -0.7083 -0.1180 -0.6960
vn 0.9984 0.0466 0.0307
vn 0.9885 0.0235 -0.1492
vn 0.9984 0.0466 0.0308
vn 0.8690 -0.0250 -0.4942
vt 0.000000 0.029169
vt -0.000000 0.000000
vt 0.100000 0.025002
vt 0.200000 0.000000
vt 0.200000 0.029169
vt 0.100000 0.050003
vt 0.200000 0.058337
vt 0.100000 0.075005
vt 0.200000 0.087506
vt 0.100000 0.100007
vt 0.200000 0.116675
vt 0.100000 0.125009
vt 0.200000 0.145844
vt 0.100000 0.150010
vt 0.200000 0.175012
vt 0.100000 0.175012
vt 0.100000 0.200014
vt 0.000000 0.175012
vt 0.000000 0.204181
vt 0.100000 0.233350
vt 0.000000 0.233350
vt 0.000000 0.262518
vt 0.100000 0.266685
vt 0.000000 0.291687
vt 0.100000 0.300021
vt 0.000000 0.320856
vt 0.100000 0.333357
vt 0.000000 0.350024
vt 0.100000 0.366692
vt 0.000000 0.379193
vt 0.100000 0.400028
vt 0.000000 0.408362
vt 0.100000 0.433364
vt 0.000000 0.437531
vt -0.000000 0.466699
vt 0.200000 0.437531
vt 0.200000 0.466699
vt 0.200000 0.204181
vt 0.200000 0.233350
vt 0.200000 0.262518
vt 0.200000 0.291687
vt 0.200000 0.320856
vt 0.200000 0.350024
vt 0.200000 0.379193
vt 0.200000 0.408362
vt 0.000000 0.145844
vt 0.000000 0.116675
vt 0.000000 0.087506
vt 0.000000 0.058337
vt 0.000000 0.029169
vt 0.000000 0.175012
vt 0.000000 0.204181
vt 0.000000 0.233350
vt 0.000000 0.262518
vt 0.000000 0.291687
vt 0.000000 0.320856
vt 0.000000 0.350024
vt 0.000000 0.379193
vt 0.000000 0.408362
vt 0.000000 0.437531
vt 0.000000 0.145844
vt 0.000000 0.116675
vt 0.000000 0.087506
vt 0.000000 0.058337
vt -0.000000 0.029169
vt -0.000000 0.175012
vt -0.000000 0.204181
vt -0.000000 0.233350
vt -0.000000 0.262518
vt -0.000000 0.291687
vt -0.000000 0.320856
vt -0.000000 0.350024
vt -0.000000 0.379193
vt -0.000000 0.408362
vt -0.000000 0.437531
vt 0.000000 0.466699
vt -0.000000 0.145844
vt -0.000000 0.116675
vt -0.000000 0.087506
vt -0.000000 0.058337
vt 0.000000 0.079551
vt -0.000000 0.000000
vt 0.100000 0.068187
vt 0.200000 0.079551
vt 0.100000 0.136373
vt 0.200000 0.159102
vt 0.100000 0.204560
vt 0.200000 0.238653
vt 0.100000 0.272746
vt 0.200000 0.318204
vt 0.100000 0.340933
vt 0.200000 0.397755
vt 0.100000 0.409119
vt 0.200000 0.477306
vt 0.100000 0.477306
vt 0.100000 0.545493
vt -0.000000 0.477306
vt -0.000000 0.556857
vt 0.100000 0.636408
vt -0.000000 0.636408
vt -0.000000 0.715959
vt 0.100000 0.727323
vt -0.000000 0.795510
vt 0.100000 0.818239
vt -0.000000 0.875061
vt 0.100000 0.909154
vt -0.000000 0.954612
vt 0.100000 1.000070
vt -0.000000 1.034163
vt 0.100000 1.090985
vt -0.000000 1.113714
vt 0.100000 1.181901
vt -0.000000 1.193265
vt -0.000000 1.272816
vt 0.200000 1.193265
vt 0.200000 1.272816
vt 0.200000 0.556857
vt 0.200000 0.636408
vt 0.200000 0.715959
vt 0.200000 0.795510
vt 0.200000 0.875061
vt 0.200000 0.954612
vt 0.200000 1.034163
vt 0.200000 1.113714
vt -0.000000 0.397755
vt -0.000000 0.318204
vt -0.000000 0.238653
vt -0.000000 0.159102
vt 0.000000 0.029169
vt 0.000000 0.175012
vt 0.000000 0.204181
vt 0.000000 0.233350
vt 0.000000 0.262518
vt 0.000000 0.291687
vt 0.000000 0.320856
vt 0.000000 0.350024
vt 0.000000 0.379193
vt 0.000000 0.408362
vt 0.000000 0.437531
vt 0.000000 0.145844
vt 0.000000 0.116675
vt 0.000000 0.087506
vt 0.000000 0.058337
vt -0.000000 0.178548
vt -0.000000 0.000000
vt 0.105000 0.153041
vt 0.210000 0.000000
vt 0.210000 0.178548
vt 0.105000 0.306082
vt 0.210000 0.357096
vt 0.105000 0.459123
vt 0.210000 0.535643
vt 0.105000 0.612164
vt 0.210000 0.714191
vt 0.105000 0.765205
vt 0.210000 0.892739
vt 0.105000 0.918246
vt 0.210000 1.071287
vt 0.105000 1.071287
vt 0.105000 1.224328
vt -0.000000 1.071287
vt -0.000000 1.249835
vt 0.105000 1.428382
vt -0.000000 1.428382
vt -0.000000 1.606930
vt 0.105000 1.632437
vt -0.000000 1.785478
vt 0.105000 1.836491
vt -0.000000 1.964026
vt 0.105000 2.040546
vt -0.000000 2.142573
vt 0.105000 2.244601
vt -0.000000 2.321121
vt 0.105000 2.448655
vt -0.000000 2.499669
vt 0.105000 2.652710
vt -0.000000 2.678217
vt -0.000000 2.856765
vt 0.210000 2.678217
vt 0.210000 2.856765
vt 0.210000 1.249835
vt 0.210000 1.428382
vt 0.210000 1.606930
vt 0.210000 1.785478
vt 0.210000 1.964026
vt 0.210000 2.142573
vt 0.210000 2.321121
vt 0.210000 2.499669
vt -0.000000 0.892739
vt -0.000000 0.714191
vt -0.000000 0.535643
vt -0.000000 0.357096
vt 0.550000 0.000000
vt -1.000000 0.000000
vt 0.550000 -0.026517
vt -0.225000 -0.030305
vt 0.550000 -0.053034
vt -0.225000 -0.060610
vt 0.550000 -0.079551
vt -0.225000 -0.090915
vt 0.550000 -0.106068
vt -0.225000 -0.121221
vt 0.550000 -0.132585
vt -0.225000 -0.151526
vt 0.550000 -0.159102
vt -0.225000 -0.181831
vt 0.550000 -0.185619
vt -0.225000 -0.212136
vt 0.550000 -0.212136
vt 0.550000 -0.238653
vt -0.225000 -0.242441
vt 0.550000 -0.265170
vt -0.225000 -0.265170
vt -0.225000 -0.287899
vt -1.000000 -0.265170
vt -1.000000 -0.291687
vt -1.000000 -0.026517
vt -1.000000 -0.053034
vt -1.000000 -0.079551
vt -1.000000 -0.106068
vt -1.000000 -0.132585
vt -1.000000 -0.159102
vt -1.000000 -0.185619
vt -1.000000 -0.212136
vt -1.000000 -0.238653
vt -0.225000 -0.310628
vt -1.000000 -0.318204
vt -0.225000 -0.333357
vt -1.000000 -0.344721
vt -0.225000 -0.356085
vt -1.000000 -0.371238
vt -0.225000 -0.378814
vt -1.000000 -0.397755
vt -0.225000 -0.401543
vt -1.000000 -0.424272
vt 0.550000 -0.424272
vt 0.550000 -0.397755
vt 0.550000 -0.371238
vt 0.550000 -0.344721
vt 0.550000 -0.318204
vt 0.550000 -0.291687
vt 0.212826 0.000000
vt -0.000000 0.000000
vt 0.213699 -0.002206
vt -0.000000 -0.061873
vt 0.245899 -0.072752
vt -0.000000 -0.123746
vt 0.259615 -0.141424
vt 0.000000 -0.185619
vt 0.259615 -0.212136
vt 0.000000 -0.247492
vt 0.259615 -0.282848
vt 0.000000 -0.309365
vt 0.259615 -0.353560
vt 0.000000 -0.371238
vt 0.259615 -0.424272
vt 0.000000 -0.433111
vt 0.259615 -0.494984
vt 0.000000 -0.494984
vt 0.000000 -0.556857
vt 0.259615 -0.565696
vt 0.000000 -0.618730
vt 0.259615 -0.618730
vt 0.259615 -0.671764
vt 0.518293 -0.659341
vt 0.518288 -0.698542
vt 0.259615 -0.724798
vt 0.515459 -0.737298
vt 0.259615 -0.777832
vt 0.508749 -0.781587
vt 0.498396 -0.825804
vt 0.259615 -0.830866
vt 0.479146 -0.885123
vt 0.259615 -0.883900
vt 0.259615 -0.936934
vt 0.000000 -0.928095
vt -0.000000 -0.989968
vt 0.000000 -0.680603
vt 0.000000 -0.742476
vt 0.000000 -0.804349
vt 0.000000 -0.866222
vt 0.432761 -0.989968
vt 0.454064 -0.945493
vt 0.515278 -0.617551
vt 0.509183 -0.574819
vt 0.497182 -0.519104
vt 0.480533 -0.462207
vt 0.461556 -0.413722
vt 0.439249 -0.368335
vt 0.410515 -0.320104
vt 0.378529 -0.274271
vt 0.329282 -0.206969
vt 0.282669 -0.137310
vt 0.190420 0.060579
vt -0.000000 0.000000
vt 0.000000 0.061873
vt 0.172267 0.119000
vt 0.000000 0.123746
vt 0.158922 0.174689
vt 0.000000 0.185619
vt 0.150038 0.229784
vt 0.000000 0.247492
vt 0.145775 0.281901
vt 0.000000 0.309365
vt 0.145559 0.334668
vt 0.000000 0.371238
vt 0.149463 0.389600
vt 0.000000 0.433111
vt 0.157538 0.446543
vt 0.000000 0.494984
vt 0.171073 0.511729
vt 0.000000 0.556857
vt 0.189391 0.574021
vt 0.000000 0.618730
vt 0.212650 0.632919
vt 0.000000 0.680603
vt 0.240086 0.688510
vt 0.216381 0.707120
vt 0.271043 0.741759
vt 0.000000 0.742476
vt 0.216381 0.777832
vt 0.000000 0.804349
vt 0.216381 0.848544
vt 0.000000 0.866222
vt 0.216381 0.919256
vt 0.000000 0.928095
vt -0.000000 0.989968
vt 0.432761 0.989968
vt 0.378529 0.899378
vt 0.341061 0.846125
vt 0.304828 0.793788
vt -0.147496 -0.027294
vt -0.150000 0.000000
vt -0.350000 0.000000
vt -0.147496 0.027294
vt -0.344157 0.063687
vt -0.139468 0.055214
vt -0.325426 0.128833
vt -0.125549 0.082081
vt -0.292948 0.191523
vt -0.106066 0.106066
vt -0.247487 0.247487
vt -0.082081 0.125549
vt -0.191523 0.292948
vt -0.055214 0.139468
vt -0.128833 0.325426
vt -0.027294 0.147496
vt -0.063687 0.344157
vt -0.000000 0.150000
vt 0.000000 0.350000
vt 0.063687 0.344157
vt 0.027294 0.147496
vt 0.128833 0.325426
vt 0.055214 0.139468
vt 0.191523 0.292948
vt 0.082081 0.125549
vt 0.247487 0.247487
vt 0.106066 0.106066
vt 0.292948 0.191523
vt 0.125549 0.082081
vt 0.325426 0.128833
vt 0.139468 0.055214
vt 0.344157 0.063687
vt 0.147496 0.027294
vt 0.350000 0.000000
vt 0.150000 0.000000
vt 0.344157 -0.063687
vt 0.147496 -0.027294
vt 0.139468 -0.055214
vt 0.325426 -0.128833
vt 0.125549 -0.082081
vt 0.292948 -0.191523
vt 0.106066 -0.106066
vt 0.247487 -0.247487
vt 0.082081 -0.125549
vt 0.191523 -0.292948
vt 0.055214 -0.139468
vt 0.128833 -0.325426
vt 0.027294 -0.147496
vt 0.063687 -0.344157
vt -0.000000 -0.150000
vt -0.000000 -0.350000
vt -0.027294 -0.147496
vt -0.063687 -0.344157
vt -0.128833 -0.325426
vt -0.055214 -0.139468
vt -0.191523 -0.292948
vt -0.082081 -0.125549
vt -0.247487 -0.247487
vt -0.106066 -0.106066
vt -0.292948 -0.191523
vt -0.125549 -0.082081
vt -0.325426 -0.128833
vt -0.139468 -0.055214
vt -0.344157 -0.063687
vt 0.000000 0.165801
vt -0.058936 0.185438
vt 0.000000 0.000004
vt -0.223242 0.000004
vt -0.285274 0.103678
vt -0.446632 0.000004
vt -0.570547 0.103678
vt -0.811812 0.000004
vt -0.873754 0.103678
vt -1.176961 0.000004
vt -0.873754 0.207352
vt -0.873754 0.311026
vt -0.570547 0.207352
vt -0.570547 0.311026
vt -0.285274 0.207352
vt -0.285274 0.311026
vt -0.198896 0.282985
vt -0.234944 0.331130
vt -0.114344 0.213353
vt -0.159237 0.245038
vt -0.261749 0.384898
vt -0.285274 0.414700
vt -0.570547 0.414700
vt -0.282588 0.477448
vt -0.282570 0.522814
vt -0.275635 0.430398
vt -0.276057 0.567713
vt -0.285274 0.622047
vt -0.570547 0.622047
vt -0.873754 0.622047
vt -0.873754 0.414700
vt -0.999366 0.793836
vt -1.068125 1.448700
vt -1.176961 1.658785
vt -0.260760 0.617628
vt -0.237627 0.664460
vt -0.285274 0.829342
vt -0.195949 0.720279
vt -0.143961 0.766862
vt -0.101608 0.794028
vt -0.031320 1.000004
vt -0.416089 1.000004
vt 0.000000 0.834207
vt 0.000000 1.000176
vt -0.570547 0.829287
vt -0.800835 1.000004
vt -0.822099 0.957061
vt -0.855093 0.909082
vt -0.873754 0.829228
vt -0.895130 0.866802
vt -0.918959 0.846982
vt -0.944291 0.829215
vt -0.981617 1.005352
vt -1.011247 1.265662
vt -1.000000 0.026517
vt -0.225000 0.022729
vt 0.550000 0.026517
vt -0.225000 0.045458
vt 0.550000 0.053034
vt -0.225000 0.068187
vt 0.550000 0.079551
vt -0.225000 0.090915
vt 0.550000 0.106068
vt -0.225000 0.113644
vt 0.550000 0.132585
vt -0.225000 0.136373
vt 0.550000 0.159102
vt -0.225000 0.159102
vt -0.225000 0.181831
vt -1.000000 0.159102
vt -1.000000 0.185619
vt -0.225000 0.212136
vt -1.000000 0.212136
vt -1.000000 0.238653
vt -0.225000 0.242441
vt -1.000000 0.265170
vt -0.225000 0.272746
vt -1.000000 0.291687
vt -0.225000 0.303051
vt -1.000000 0.318204
vt -0.225000 0.333357
vt -1.000000 0.344721
vt -0.225000 0.363662
vt -1.000000 0.371238
vt -0.225000 0.393967
vt -1.000000 0.397755
vt -1.000000 0.424272
vt 0.550000 0.397755
vt 0.550000 0.424272
vt 0.550000 0.185619
vt 0.550000 0.212136
vt 0.550000 0.238653
vt 0.550000 0.265170
vt 0.550000 0.291687
vt 0.550000 0.318204
vt 0.550000 0.344721
vt 0.550000 0.371238
vt -1.000000 0.132585
vt -1.000000 0.106068
vt -1.000000 0.079551
vt -1.000000 0.053034
vt 0.520801 3.366570
vt 0.589910 3.379346
vt 0.520801 3.532539
vt 0.660124 3.382078
vt 0.743304 3.544179
vt 0.729201 3.374356
vt 0.796099 3.355797
vt 0.858902 3.326145
vt 1.031633 3.590684
vt 1.162666 3.245388
vt 1.162666 3.601901
vt 1.503774 3.245388
vt 1.503774 3.601901
vt 1.565131 3.798139
vt 1.440324 3.732893
vt 0.915204 3.285671
vt 0.961920 3.236214
vt 0.998007 3.178635
vt 1.020231 3.120649
vt 1.162666 3.067133
vt 1.503774 3.067133
vt 1.503774 2.888878
vt 1.844882 2.805163
vt 1.844882 3.958413
vt 1.031208 3.059551
vt 1.162666 2.888878
vt 1.162666 2.799341
vt 1.503774 2.798729
vt 1.162666 2.710623
vt 1.503774 2.710623
vt 1.298651 2.587788
vt 1.573368 2.673350
vt 1.030581 2.998484
vt 1.018644 2.938584
vt 0.994240 2.878711
vt 0.958809 2.824570
vt 0.912651 2.776853
vt 0.858476 2.738343
vt 0.841733 2.710623
vt 0.856422 2.737151
vt 0.783264 2.704432
vt 0.841733 2.621495
vt 0.704991 2.686440
vt 0.520801 2.532367
vt 0.612370 2.683389
vt 0.520801 2.698164
vt 0.799304 2.532367
vt 1.050514 2.545675
vt 1.162666 2.621495
vt 1.832656 2.798139
vt 1.310451 3.676625
vt 0.550000 0.531528
vt 0.000000 0.531528
vt 0.275000 0.265764
vt 0.000000 0.265764
vt 0.000000 0.000000
vt 0.550000 0.265764
vt 0.000000 0.550000
vt 0.000000 0.000000
vt 0.534290 0.275000
vt 1.068580 0.000000
vt 1.068580 0.550000
vt -0.093532 -0.114044
vt -0.096036 -0.086750
vt -0.436674 -0.248655
vt -0.093532 -0.059455
vt -0.085504 -0.031536
vt -0.637310 0.062045
vt -0.071585 -0.004668
vt -0.519069 0.595812
vt -0.052102 0.019316
vt -0.028117 0.038800
vt -0.001250 0.052719
vt -0.046448 0.803197
vt -0.127293 0.825121
vt -0.209501 0.833224
vt 0.026670 0.060746
vt 0.155959 0.665995
vt 0.097822 0.721503
vt 0.029602 0.768085
vt 0.202759 0.604525
vt 0.053964 0.063250
vt 0.081259 0.060746
vt 0.109178 0.052719
vt 0.136046 0.038800
vt 0.160030 0.019316
vt 0.548118 0.069711
vt 0.179514 -0.004668
vt 0.193432 -0.031536
vt 0.201460 -0.059455
vt 0.203964 -0.086750
vt 0.201460 -0.114044
vt 0.717276 -0.253601
vt 0.193432 -0.141964
vt 0.179514 -0.168831
vt 0.160030 -0.192816
vt 0.136046 -0.212299
vt -0.180405 -0.833285
vt 0.109178 -0.226218
vt 0.081259 -0.234246
vt 0.053964 -0.236750
vt -0.012191 -0.238355
vt -0.285065 -0.530680
vt -0.052102 -0.192816
vt -0.071585 -0.168831
vt 0.026670 -0.234246
vt -0.001250 -0.226218
vt -0.028117 -0.212299
vt -0.085504 -0.141964
vt -0.289712 0.828010
vt -0.365062 0.810945
vt -0.710800 0.413496
vt -0.717166 0.322812
vt -0.706690 0.230946
vt -0.679479 0.142580
vt 0.411750 2.107538
vt 0.472644 1.711099
vt 1.309431 2.687221
vt 1.411349 2.364625
vt 1.457436 2.029465
vt 0.536319 0.486953
vt 1.561997 0.019282
vt 0.534803 0.253266
vt 1.560481 -0.214404
vt 0.505107 0.016319
vt 1.530785 -0.451352
vt 1.471997 -0.686446
vt 1.384458 -0.914351
vt 1.269803 -1.129892
vt 0.446319 -0.218776
vt 1.130865 -1.328442
vt 0.971452 -1.506243
vt 0.358780 -0.446681
vt 0.796021 -1.660631
vt 0.244124 -0.662222
vt 0.105187 -0.860771
vt -0.054227 -1.038573
vt -0.229658 -1.192960
vt -1.157995 -3.187275
vt -1.616054 -2.276132
vt -1.570194 -3.157794
vt -1.566385 -3.187592
vt -1.557758 -3.217552
vt -1.544180 -3.246514
vt -1.525894 -3.273268
vt -1.503527 -3.296718
vt -1.478022 -3.316021
vt -1.450509 -3.330688
vt -1.422155 -3.340610
vt -1.392635 -3.346172
vt -1.361473 -3.347203
vt -1.329737 -3.343214
vt -1.298648 -3.334066
vt -1.202605 -3.256141
vt -1.269445 -3.320018
vt -1.243219 -3.301706
vt -1.220784 -3.280055
vt -0.000092 0.035654
vt 0.368622 0.143506
vt -0.000000 0.410000
vt 0.355078 0.375132
vt 0.340306 0.410000
vt 0.710154 0.319292
vt 0.710156 0.715000
vt 0.340306 0.715000
vt 1.395708 -0.524391
vt 1.378529 -0.497775
vt 1.000000 -0.524391
vt 1.264365 -0.304534
vt 0.422856 -0.262195
vt 1.145417 -0.037211
vt 0.422856 0.000000
vt 1.063173 0.243149
vt 0.422856 0.262195
vt 1.036268 0.383005
vt 0.000000 0.524391
vt 1.017366 0.524391
vt -0.000000 0.119690
vt -0.550000 0.119690
vt -0.550000 -0.201050
vt -0.550000 -0.524391
vt 0.636630 1.238648
vt 0.396037 1.378529
vt 0.318315 0.516562
vt 0.203740 1.491632
vt 0.000000 1.000000
vt 0.000000 1.305000
vt -0.000084 1.582731
vt 0.000000 -0.550000
vt 0.636630 -0.550000
vt 0.000000 0.410000
vt 0.000084 0.132269
vt 0.523956 0.205000
vt 0.351196 0.033683
vt 0.714220 0.000000
vt 1.047913 0.000000
vt 1.047913 0.410000
vt -0.000000 3.140337
vt 0.305000 3.140337
vt 0.000000 3.406101
vt 0.652500 3.406101
vt 0.305000 3.671866
vt 1.305000 3.671866
vt 1.305000 3.406101
vt 1.305000 3.140337
vt -0.000000 3.671866
vt 0.000000 -1.039884
vt 0.000000 -0.955823
vt -0.152500 -1.039884
vt -0.305000 -0.955823
vt -0.305000 -1.039884
vt -0.152500 -1.123944
vt -0.305000 -1.123944
vt -0.152500 -1.208005
vt -0.305000 -1.208005
vt -0.152500 -1.292065
vt -0.305000 -1.292065
vt -0.152500 -1.376126
vt -0.305000 -1.376126
vt -0.152500 -1.460186
vt -0.305000 -1.460186
vt -0.152500 -1.544247
vt -0.305000 -1.544247
vt -0.305000 -1.628308
vt 0.000000 -1.628308
vt 0.000000 -1.544247
vt 0.000000 -1.460186
vt 0.000000 -1.376126
vt 0.000000 -1.292065
vt 0.000000 -1.208005
vt 0.000000 -1.123944
vt -1.000000 -0.108401
vt -1.000000 -0.192461
vt -0.225000 -0.108401
vt 0.000000 -0.192461
vt 0.550000 -0.108401
vt 0.550000 -0.192461
vt 0.550000 -0.024340
vt -0.225000 -0.024340
vt -1.000000 -0.024340
vt -0.225000 0.059720
vt -1.000000 0.059720
vt -0.225000 0.143781
vt -1.000000 0.143781
vt -0.225000 0.227842
vt -1.000000 0.227842
vt -0.225000 0.311902
vt -1.000000 0.311902
vt -0.225000 0.395963
vt -1.000000 0.395963
vt -1.000000 0.480023
vt 0.550000 0.480023
vt 0.550000 0.395963
vt 0.550000 0.311902
vt 0.550000 0.227842
vt 0.550000 0.143781
vt 0.550000 0.059720
vt -0.489358 1.389768
vt -1.458168 2.015384
vt -0.536319 0.486953
vt -1.561997 0.019282
vt -0.534803 0.253266
vt -0.505107 0.016319
vt -1.560481 -0.214404
vt -1.530785 -0.451352
vt -1.471997 -0.686446
vt -0.446319 -0.218776
vt -0.358780 -0.446681
vt -0.244124 -0.662222
vt -1.384458 -0.914351
vt -1.269803 -1.129892
vt -1.130865 -1.328442
vt -0.971452 -1.506243
vt -0.796021 -1.660631
vt 1.157995 -3.187275
vt 0.229658 -1.192960
vt 0.054227 -1.038573
vt -0.105187 -0.860771
vt 1.202605 -3.256141
vt 1.570194 -3.157794
vt 1.616054 -2.276132
vt 1.220784 -3.280055
vt 1.243219 -3.301706
vt 1.269445 -3.320018
vt 1.298648 -3.334066
vt 1.329737 -3.343214
vt 1.361473 -3.347203
vt 1.392635 -3.346172
vt 1.422155 -3.340610
vt 1.450509 -3.330688
vt 1.478022 -3.316021
vt 1.503527 -3.296718
vt 1.525894 -3.273268
vt 1.544180 -3.246514
vt 1.557758 -3.217552
vt 1.566385 -3.187592
vt -0.305000 -0.278578
vt -0.305000 -0.371437
vt -0.152500 -0.278578
vt 0.000000 -0.371437
vt 0.000000 -0.278578
vt 0.000000 -0.185718
vt -0.152500 -0.185718
vt -0.305000 -0.185718
vt -0.305000 -0.092859
vt -0.152500 -0.092859
vt -0.305000 0.000000
vt -0.000000 0.000000
vt 0.000000 -0.092859
vt 0.410000 0.000000
vt 0.013697 0.000000
vt 0.211760 -0.056797
vt 0.016902 -0.031287
vt 0.020145 -0.062377
vt 0.211760 -0.113595
vt 0.026225 -0.120435
vt 0.211760 -0.170392
vt 0.031828 -0.178630
vt 0.410000 -0.227190
vt 0.035654 -0.227154
vt 0.410000 -0.170392
vt 0.410000 -0.113595
vt 0.410000 -0.056797
vt 0.000000 0.410000
vt -0.000022 0.007982
vt 0.032608 0.208940
vt 0.065177 0.013697
vt 0.065217 0.410000
vt -0.196971 -2.441366
vt 0.005000 -2.345076
vt -0.200000 -2.230913
vt 0.005000 -2.201500
vt -0.200000 -2.077460
vt 0.005000 -2.057924
vt -0.200000 -1.916468
vt 0.005000 -1.915408
vt -0.200000 -1.747367
vt 0.005000 -1.627196
vt -0.200000 -1.569530
vt 0.005000 -1.340044
vt -0.200000 -1.388547
vt -0.200000 -1.216932
vt 0.005000 -1.053617
vt -0.200000 -1.054344
vt 0.005000 -0.909315
vt -0.200000 -0.900087
vt 0.005000 -0.765739
vt -0.200000 -0.747200
vt -0.200000 -0.588966
vt 0.005000 -0.526446
vt -0.200000 -0.425099
vt 0.005000 -0.287152
vt -0.200000 -0.255294
vt 0.005000 -0.047859
vt -0.200000 -0.079220
vt -0.200000 0.100412
vt 0.005000 0.191435
vt -0.200000 0.269852
vt 0.005000 0.430728
vt -0.200000 0.428373
vt -0.200000 0.583385
vt 0.005000 0.670022
vt -0.200000 0.741657
vt 0.005000 0.909315
vt -0.200000 0.903294
vt -0.200000 1.068405
vt 0.005000 1.148609
vt -0.200000 1.237103
vt 0.005000 1.387902
vt -0.200000 1.409505
vt -0.200000 1.584882
vt 0.005000 1.627196
vt -0.200000 1.750770
vt 0.005000 1.866489
vt -0.200000 1.910748
vt 0.005000 2.105783
vt -0.200000 2.071858
vt -0.200000 2.234110
vt 0.005000 2.345076
vt -0.200000 2.397519
vt 0.005000 2.584370
vt -0.200000 2.562095
vt -0.200000 2.727851
vt 0.005000 2.823663
vt -0.200000 2.894801
vt -0.200000 3.062957
vt 0.210000 2.871522
vt 0.210000 3.062957
vt 0.005000 -2.488652
vt -0.192997 -2.613596
vt 0.005000 -2.775805
vt -0.190282 -2.856366
vt 0.210000 -3.062957
vt -0.192018 -3.062957
vt 0.210000 -2.871522
vt 0.210000 -2.680087
vt 0.210000 -2.488652
vt 0.210000 -2.297218
vt 0.210000 -2.105783
vt 0.210000 -1.914348
vt 0.210000 -1.722913
vt 0.210000 -1.531478
vt 0.210000 -1.340044
vt 0.210000 -1.148609
vt 0.210000 -0.957174
vt 0.210000 -0.765739
vt 0.210000 -0.574304
vt 0.210000 -0.382870
vt 0.210000 -0.191435
vt 0.210000 0.191435
vt 0.210000 0.382870
vt 0.210000 0.574304
vt 0.210000 0.765739
vt 0.210000 0.957174
vt 0.210000 1.148609
vt 0.210000 1.340044
vt 0.210000 1.531478
vt 0.210000 1.722913
vt 0.210000 1.914348
vt 0.210000 2.105783
vt 0.210000 2.297218
vt 0.210000 2.488652
vt 0.210000 2.680087
vt -0.000000 0.000000
vt 0.210000 -0.178548
vt 0.105000 -0.204055
vt 0.210000 -0.357096
vt 0.105000 -0.408109
vt 0.210000 -0.535643
vt 0.105000 -0.612164
vt 0.210000 -0.714191
vt 0.105000 -0.816218
vt 0.210000 -0.892739
vt 0.105000 -1.020273
vt 0.210000 -1.071287
vt 0.105000 -1.224328
vt 0.210000 -1.249835
vt 0.105000 -1.428382
vt 0.210000 -1.428382
vt 0.210000 -1.606930
vt 0.105000 -1.632437
vt 0.210000 -1.785478
vt 0.105000 -1.785478
vt 0.105000 -1.938519
vt -0.000000 -1.785478
vt -0.000000 -1.964025
vt -0.000000 -0.178548
vt -0.000000 -0.357096
vt -0.000000 -0.535643
vt -0.000000 -0.714191
vt -0.000000 -0.892739
vt -0.000000 -1.071287
vt -0.000000 -1.249835
vt -0.000000 -1.428382
vt -0.000000 -1.606930
vt 0.105000 -2.091560
vt -0.000000 -2.142573
vt 0.105000 -2.244601
vt -0.000000 -2.321121
vt 0.105000 -2.397642
vt -0.000000 -2.499669
vt 0.105000 -2.550683
vt -0.000000 -2.678217
vt 0.105000 -2.703724
vt -0.000000 -2.856765
vt 0.210000 -2.856765
vt 0.210000 -2.678217
vt 0.210000 -2.499669
vt 0.210000 -2.321121
vt 0.210000 -2.142573
vt 0.210000 -1.964025
vt 0.993138 -0.183783
vt 1.209633 -0.029816
vt 1.010000 0.000000
vt 1.198530 0.166210
vt 0.993138 0.183783
vt 1.153205 0.366359
vt 0.939086 0.371776
vt 1.071752 0.561646
vt 0.845365 0.552682
vt 0.955474 0.742408
vt 0.714178 0.714178
vt 0.809048 0.899745
vt 0.552682 0.845365
vt 0.639942 1.026925
vt 0.371776 0.939086
vt 0.457198 1.120299
vt 0.269994 1.179493
vt 1.365845 -0.681435
vt 0.939086 -0.371776
vt 1.285633 -0.686650
vt 1.210283 -0.703715
vt 0.845365 -0.552682
vt 1.056277 -0.918847
vt 0.819998 -0.889777
vt 0.819998 -0.954994
vt 0.714178 -0.714178
vt 0.552682 -0.845366
vt 0.665300 -1.010681
vt 0.484936 -1.108574
vt 0.371776 -0.939086
vt 0.284407 -1.176100
vt 0.183783 -0.993138
vt 0.133910 -1.010137
vt -0.000000 -1.010000
vt 0.071836 -1.207866
vt -0.143001 -1.201520
vt -0.183783 -0.993138
vt -0.350120 -1.158238
vt -0.371776 -0.939086
vt -0.540815 -1.082413
vt -0.552682 -0.845366
vt -0.708754 -0.980698
vt -0.714178 -0.714178
vt -0.858031 -0.853160
vt -0.989866 -0.695891
vt -0.845365 -0.552682
vt -1.095956 -0.512816
vt -0.939086 -0.371776
vt -1.169397 -0.310822
vt -0.993138 -0.183783
vt -1.205942 -0.099020
vt -1.010000 0.000000
vt -1.204752 0.112570
vt -0.993138 0.183783
vt -1.168402 0.314542
vt -0.939086 0.371776
vt -1.102149 0.499366
vt -0.845365 0.552682
vt -1.006877 0.671042
vt -0.714178 0.714178
vt -0.878997 0.831543
vt -0.720702 0.971951
vt -0.552682 0.845365
vt -0.537368 1.084129
vt -0.371776 0.939086
vt -0.337078 1.162101
vt -0.183783 0.993138
vt -0.129486 1.203052
vt 0.000000 1.010000
vt 0.075680 1.207631
vt 0.183783 0.993138
vt 0.938035 -1.452615
vt 0.895867 -1.372080
vt 0.753426 -1.166734
vt 0.868655 -1.283713
vt 0.858180 -1.191847
vt 0.781894 -1.118539
vt 0.864546 -1.101163
vt 0.802964 -1.065974
vt 0.815765 -1.010808
vt 1.448052 -0.689538
vt 1.528897 -0.711462
vt 1.604948 -0.746575
vt 1.673167 -0.793156
vt 1.731304 -0.848665
vt 1.778104 -0.910135
vt 0.000000 0.000000
vt 0.200000 -0.029169
vt 0.100000 -0.033336
vt 0.200000 -0.058337
vt 0.100000 -0.066671
vt 0.200000 -0.087506
vt 0.100000 -0.100007
vt 0.200000 -0.116675
vt 0.100000 -0.133343
vt 0.200000 -0.145844
vt 0.100000 -0.166678
vt 0.200000 -0.175012
vt 0.100000 -0.200014
vt 0.200000 -0.204181
vt 0.100000 -0.233350
vt 0.200000 -0.233350
vt 0.200000 -0.262518
vt 0.100000 -0.266685
vt 0.200000 -0.291687
vt 0.100000 -0.291687
vt 0.100000 -0.316689
vt 0.000000 -0.291687
vt 0.000000 -0.320856
vt 0.000000 -0.029169
vt 0.000000 -0.058337
vt 0.000000 -0.087506
vt 0.000000 -0.116675
vt 0.000000 -0.145844
vt 0.000000 -0.175012
vt 0.000000 -0.204181
vt 0.000000 -0.233350
vt 0.000000 -0.262518
vt 0.100000 -0.341691
vt 0.000000 -0.350024
vt 0.100000 -0.366692
vt 0.000000 -0.379193
vt 0.100000 -0.391694
vt 0.000000 -0.408362
vt 0.100000 -0.416696
vt 0.000000 -0.437531
vt 0.100000 -0.441697
vt 0.000000 -0.466699
vt 0.200000 -0.466699
vt 0.200000 -0.437531
vt 0.200000 -0.408362
vt 0.200000 -0.379193
vt 0.200000 -0.350024
vt 0.200000 -0.320856
vt -0.000000 0.000000
vt 0.200000 -0.079551
vt 0.100000 -0.090915
vt 0.200000 -0.159102
vt 0.100000 -0.181831
vt 0.200000 -0.238653
vt 0.100000 -0.272746
vt 0.200000 -0.318204
vt 0.100000 -0.363662
vt 0.200000 -0.397755
vt 0.100000 -0.454577
vt 0.200000 -0.477306
vt 0.100000 -0.545493
vt 0.200000 -0.556857
vt 0.100000 -0.636408
vt 0.200000 -0.636408
vt 0.200000 -0.715959
vt 0.100000 -0.727323
vt 0.200000 -0.795510
vt 0.100000 -0.795510
vt 0.100000 -0.863697
vt 0.000000 -0.795510
vt 0.000000 -0.875061
vt -0.000000 -0.079551
vt -0.000000 -0.159102
vt -0.000000 -0.238653
vt -0.000000 -0.318204
vt -0.000000 -0.397755
vt -0.000000 -0.477306
vt -0.000000 -0.556857
vt -0.000000 -0.636408
vt -0.000000 -0.715959
vt 0.100000 -0.931883
vt 0.000000 -0.954612
vt 0.100000 -1.000070
vt 0.000000 -1.034163
vt 0.100000 -1.068256
vt 0.000000 -1.113714
vt 0.100000 -1.136443
vt 0.000000 -1.193265
vt 0.100000 -1.204629
vt -0.000000 -1.272816
vt 0.200000 -1.272816
vt 0.200000 -1.193265
vt 0.200000 -1.113714
vt 0.200000 -1.034163
vt 0.200000 -0.954612
vt 0.200000 -0.875061
vt -0.000000 0.000000
vt 0.000000 -0.291687
vt 0.000000 -0.320856
vt 0.000000 -0.029169
vt 0.000000 -0.058337
vt 0.000000 -0.087506
vt 0.000000 -0.116675
vt 0.000000 -0.145844
vt 0.000000 -0.175012
vt 0.000000 -0.204181
vt 0.000000 -0.233350
vt 0.000000 -0.262518
vt 0.000000 -0.350024
vt 0.000000 -0.379193
vt 0.000000 -0.408362
vt 0.000000 -0.437531
vt 0.000000 -0.466699
vt 0.000000 0.000000
vt 0.000000 -0.291687
vt 0.000000 -0.320856
vt 0.000000 -0.029169
vt 0.000000 -0.058337
vt 0.000000 -0.087506
vt 0.000000 -0.116675
vt 0.000000 -0.145844
vt 0.000000 -0.175012
vt 0.000000 -0.204181
vt 0.000000 -0.233350
vt 0.000000 -0.262518
vt 0.000000 -0.350024
vt 0.000000 -0.379193
vt 0.000000 -0.408362
vt 0.000000 -0.437531
vt 0.000000 -0.466699
vt -0.000000 -0.291687
vt -0.000000 -0.320856
vt -0.000000 -0.029169
vt -0.000000 -0.058337
vt -0.000000 -0.087506
vt -0.000000 -0.116675
vt -0.000000 -0.145844
vt -0.000000 -0.175012
vt -0.000000 -0.204181
vt -0.000000 -0.233350
vt -0.000000 -0.262518
vt -0.000000 -0.350024
vt -0.000000 -0.379193
vt -0.000000 -0.408362
vt -0.000000 -0.437531
vt 0.002836 -1.209997
vt -0.138104 -0.790289
vt -1.390655 -0.310141
vt -0.153415 -0.760736
vt -0.162245 -0.730024
vt 0.174362 -1.197371
vt 0.018090 -0.865515
vt 0.000000 -0.865000
vt -0.030024 -0.862245
vt 0.347902 -1.158906
vt 0.090290 -0.838104
vt 0.060736 -0.853415
vt 0.030024 -0.862245
vt 0.517618 -1.093696
vt 0.138104 -0.790289
vt 0.116673 -0.816672
vt 0.153415 -0.760736
vt 0.677393 -1.002616
vt 0.162245 -0.730024
vt 0.165000 -0.700000
vt 0.821519 -0.888373
vt 0.162245 -0.669976
vt 0.318198 -0.318198
vt 0.246244 -0.376648
vt 0.945353 -0.755253
vt 0.669976 -0.162245
vt 0.376648 -0.246244
vt 0.639264 -0.153415
vt 0.609710 -0.138104
vt 0.700000 -0.165000
vt 1.045802 -0.608604
vt 0.730024 -0.162245
vt 1.121526 -0.454180
vt 0.760735 -0.153415
vt 0.790289 -0.138104
vt 1.174590 -0.290581
vt 0.816672 -0.116673
vt 0.838104 -0.090290
vt 1.204488 -0.115361
vt 0.853415 -0.060736
vt 0.862245 -0.030024
vt 0.865000 0.000000
vt 1.208176 0.066414
vt 0.862245 0.030024
vt 0.853415 0.060736
vt 1.184155 0.248751
vt 0.838104 0.090290
vt 0.816672 0.116673
vt 1.132777 0.425341
vt 0.790289 0.138104
vt 0.760735 0.153415
vt 1.056259 0.590268
vt 0.730024 0.162245
vt 0.700000 0.165000
vt 0.958384 0.738647
vt 0.669976 0.162245
vt 0.318198 0.318198
vt 0.376648 0.246244
vt 0.843977 0.867066
vt 0.162245 0.669976
vt 0.246244 0.376648
vt 0.153415 0.639264
vt 0.138104 0.609710
vt 0.165000 0.700000
vt 0.712517 0.977967
vt 0.162245 0.730024
vt 0.561551 1.071802
vt 0.153415 0.760735
vt 0.138104 0.790289
vt 0.394620 1.143842
vt 0.116673 0.816672
vt 0.090290 0.838104
vt 0.216707 1.190436
vt 0.060736 0.853415
vt 0.033788 1.209528
vt 0.030024 0.862245
vt -0.000000 0.865000
vt -0.030024 0.862245
vt -0.147821 1.200937
vt -0.060736 0.853415
vt -0.090290 0.838104
vt -0.322170 1.166322
vt -0.116673 0.816672
vt -0.138104 0.790289
vt -0.484278 1.108862
vt -0.153415 0.760735
vt -0.636602 1.028998
vt -0.162245 0.730024
vt -0.165000 0.700000
vt -0.780487 0.924630
vt -0.162245 0.669976
vt -0.318198 0.318198
vt -0.246244 0.376648
vt -0.910217 0.797248
vt -0.669976 0.162245
vt -0.376648 0.246244
vt -0.639264 0.153415
vt -0.609710 0.138104
vt -0.700000 0.165000
vt -1.020529 0.650092
vt -0.730024 0.162245
vt -1.107265 0.487917
vt -0.760735 0.153415
vt -0.790289 0.138104
vt -1.167872 0.316504
vt -0.816672 0.116673
vt -0.838104 0.090290
vt -1.201640 0.141989
vt -0.853415 0.060736
vt -0.862245 0.030024
vt -1.209633 -0.029816
vt -0.865000 0.000000
vt -0.862245 -0.030024
vt -0.853415 -0.060736
vt -0.838104 -0.090290
vt -0.816672 -0.116673
vt -0.790289 -0.138104
vt -0.760735 -0.153415
vt -0.730024 -0.162245
vt -0.165000 -0.700000
vt -0.418405 0.165643
vt -0.583327 0.116673
vt -0.561896 0.090290
vt -0.442487 0.081883
vt -0.546585 0.060736
vt -0.537754 0.030024
vt -0.450000 0.000000
vt -0.535000 0.000000
vt -0.537754 -0.030024
vt -0.442487 -0.081883
vt -0.546585 -0.060736
vt -0.561896 -0.090290
vt -0.418405 -0.165643
vt -0.583327 -0.116673
vt -0.609710 -0.138104
vt -0.376648 -0.246244
vt -0.639264 -0.153415
vt -0.669976 -0.162245
vt -0.318198 -0.318198
vt -0.700000 -0.165000
vt 0.537754 -0.030024
vt 0.535000 0.000000
vt 0.450000 0.000000
vt 0.537754 0.030024
vt 0.442487 0.081883
vt 0.546585 0.060736
vt 0.561896 0.090290
vt 0.418405 0.165643
vt 0.583327 0.116673
vt 0.609710 0.138104
vt 0.639264 0.153415
vt 0.418405 -0.165643
vt 0.583327 -0.116673
vt 0.561896 -0.090290
vt 0.442487 -0.081883
vt 0.546585 -0.060736
vt 0.165643 0.418405
vt 0.116673 0.583327
vt 0.090290 0.561896
vt 0.081883 0.442487
vt 0.060736 0.546585
vt 0.030024 0.537754
vt -0.000000 0.450000
vt 0.000000 0.535000
vt -0.030024 0.537754
vt -0.081883 0.442487
vt -0.060736 0.546585
vt -0.090290 0.561896
vt -0.165643 0.418405
vt -0.116673 0.583327
vt -0.138104 0.609710
vt -0.153415 0.639264
vt 0.165643 -0.418405
vt 0.138104 -0.609710
vt 0.153415 -0.639264
vt 0.081883 -0.442487
vt 0.090290 -0.561896
vt 0.116673 -0.583327
vt 0.000000 -0.450000
vt 0.018090 -0.450067
vt 0.030024 -0.537754
vt 0.060736 -0.546585
vt -0.081883 -0.442487
vt -0.030024 -0.537754
vt -0.000000 -0.535000
vt -0.165643 -0.418405
vt -0.090290 -0.561896
vt -0.060736 -0.546585
vt -0.246244 -0.376648
vt -0.138104 -0.609710
vt -0.116673 -0.583327
vt -0.162245 -0.669976
vt -0.153415 -0.639264
vt -0.060736 -0.853415
vt -0.090290 -0.838104
vt -0.116673 -0.816672
vt -0.000000 1.010000
vt 0.000000 0.865000
vt -0.000000 0.450000
vt -0.000000 0.535000
vt 0.000000 -1.010000
vt -0.000000 -0.865000
vt 0.000000 -0.450000
vt 0.000000 -0.535000
vt -1.000000 0.205836
vt -0.500000 0.201636
vt -1.000000 0.235242
vt -0.000000 0.205836
vt -0.000000 0.235242
vt -1.000000 0.176431
vt -0.500000 0.168030
vt -0.000000 0.176431
vt -0.000000 0.147026
vt -0.500000 0.134424
vt -0.000000 0.117621
vt -0.500000 0.100818
vt -0.000000 0.088216
vt -0.500000 0.067212
vt -0.000000 0.058810
vt -0.500000 0.033606
vt -0.000000 0.029405
vt -0.500000 0.000000
vt -0.000000 0.000000
vt -0.000000 -0.029405
vt -0.500000 -0.033606
vt -0.000000 -0.058810
vt -0.500000 -0.058810
vt -0.500000 -0.084015
vt -1.000000 -0.058810
vt -1.000000 -0.088216
vt -1.000000 0.147026
vt -1.000000 0.117621
vt -1.000000 0.088216
vt -1.000000 0.058810
vt -1.000000 0.029405
vt -1.000000 -0.029405
vt -0.500000 -0.109219
vt -1.000000 -0.117621
vt -0.500000 -0.134424
vt -1.000000 -0.147026
vt -0.500000 -0.159628
vt -1.000000 -0.176431
vt -0.500000 -0.184833
vt -1.000000 -0.205837
vt -0.000000 -0.205837
vt -0.000000 -0.235242
vt -1.000000 -0.235242
vt -0.000000 -0.176431
vt -0.000000 -0.147026
vt -0.000000 -0.117621
vt -0.000000 -0.088216
vt 1.500000 1.000000
vt 0.617146 1.000000
vt 1.058573 0.500000
vt 0.617146 0.000000
vt 1.500000 0.000000
vt 1.000000 0.978380
vt 0.000000 0.978380
vt 0.500000 0.733785
vt 0.000000 0.733785
vt 0.500000 0.489190
vt 0.000000 0.489190
vt 0.500000 0.244595
vt 0.000000 0.244595
vt 0.500000 0.000000
vt 0.000000 0.000000
vt 0.500000 -0.244595
vt 0.000000 -0.244595
vt 0.500000 -0.489190
vt 0.000000 -0.489190
vt 0.500000 -0.733785
vt 0.000000 -0.733785
vt 0.000000 -0.978380
vt 1.000000 -0.978380
vt 1.000000 -0.733785
vt 1.000000 -0.489190
vt 1.000000 -0.244595
vt 1.000000 0.000000
vt 1.000000 0.244595
vt 1.000000 0.489190
vt 1.000000 0.733785
vt 1.944674 1.000000
vt 1.040638 1.000000
vt 1.653538 0.508683
vt 1.040638 0.000000
vt 2.266439 0.000000
vt 2.266439 1.017366
vt 0.903411 1.000000
vt 0.533561 1.000000
vt 0.718486 0.225000
vt 0.533561 -0.550000
vt 0.903411 -0.550000
vt -1.238648 -0.524391
vt 0.550000 -0.524391
vt -1.138808 -0.291012
vt -0.344324 -0.262195
vt -1.065981 -0.049495
vt -0.344324 0.000000
vt -1.016366 0.234300
vt -0.344324 0.262195
vt -1.000033 0.524391
vt -0.000000 0.524391
vt 0.000000 0.182827
vt 0.000000 -0.156097
vt 0.550000 -0.156097
vt 0.547661 1.000000
vt 0.533561 1.000033
vt 1.540011 0.500017
vt 0.533561 0.000000
vt 2.546462 0.000000
vt 2.546462 1.000000
vt -0.000000 0.978380
vt -1.000000 0.978380
vt -0.500000 0.733785
vt -1.000000 0.733785
vt -0.500000 0.489190
vt -1.000000 0.489190
vt -0.500000 0.244595
vt -1.000000 0.244595
vt -0.500000 -0.244595
vt -1.000000 -0.244595
vt -0.500000 -0.489190
vt -1.000000 -0.489190
vt -0.500000 -0.733785
vt -1.000000 -0.733785
vt -1.000000 -0.978380
vt -0.000000 -0.978380
vt -0.000000 -0.733785
vt -0.000000 -0.489190
vt -0.000000 -0.244595
vt -0.000000 0.000000
vt -0.000000 0.244595
vt -0.000000 0.489190
vt -0.000000 0.733785
vt -0.000000 0.000000
vt 1.759362 0.000000
vt 0.879681 0.500000
vt 1.759362 1.000000
vt -0.000000 1.000000
vt 0.000000 0.000000
vt 0.082052 0.000000
vt 0.041026 0.500000
vt 0.082052 1.000000
vt 0.000000 1.000000
vt 3.520319 1.000000
vt 2.280478 0.500000
vt 3.520319 0.000000
vt -1.000000 -0.748911
vt -0.225000 -0.841770
vt 0.000000 -0.748911
vt 0.550000 -0.841770
vt 0.550000 -0.748911
vt -1.000000 -0.841770
vt -0.225000 -0.934629
vt 0.550000 -0.934629
vt 0.550000 -1.027489
vt -0.225000 -1.027489
vt 0.550000 -1.120348
vt -1.000000 -1.120348
vt -1.000000 -1.027489
vt -1.000000 -0.934629
s 1
usemtl Plastic_-_Matte_(Black).019
f 73/1/1 3/2/2 75/3/3
f 75/3/3 3/2/2 5/4/2
f 75/3/3 5/4/2 7/5/1
f 75/3/3 7/5/1 74/6/4
f 74/6/4 7/5/1 9/7/5
f 74/6/4 9/7/5 76/8/6
f 76/8/6 9/7/5 11/9/7
f 76/8/6 11/9/7 77/10/8
f 77/10/8 11/9/7 13/11/9
f 77/10/8 13/11/9 78/12/10
f 78/12/10 13/11/9 15/13/11
f 78/12/10 15/13/11 79/14/12
f 79/14/12 15/13/11 17/15/13
f 79/14/12 17/15/13 80/16/14
f 80/16/14 17/15/13 81/17/15
f 80/16/14 81/17/15 63/18/14
f 63/18/14 81/17/15 61/19/16
f 61/19/16 81/17/15 82/20/17
f 61/19/16 82/20/17 58/21/17
f 58/21/17 82/20/17 57/22/18
f 57/22/18 82/20/17 83/23/19
f 57/22/18 83/23/19 55/24/20
f 55/24/20 83/23/19 84/25/21
f 55/24/20 84/25/21 52/26/22
f 52/26/22 84/25/21 85/27/23
f 52/26/22 85/27/23 49/28/24
f 49/28/24 85/27/23 86/29/25
f 49/28/24 86/29/25 47/30/26
f 47/30/26 86/29/25 87/31/27
f 47/30/26 87/31/27 45/32/28
f 45/32/28 87/31/27 88/33/29
f 45/32/28 88/33/29 43/34/30
f 43/34/30 88/33/29 41/35/31
f 41/35/31 88/33/29 35/36/32
f 41/35/31 35/36/32 37/37/33
f 17/15/13 19/38/34 81/17/15
f 81/17/15 19/38/34 82/20/17
f 19/38/34 20/39/17 82/20/17
f 82/20/17 20/39/17 23/40/35
f 82/20/17 23/40/35 83/23/19
f 83/23/19 23/40/35 25/41/36
f 83/23/19 25/41/36 84/25/21
f 84/25/21 25/41/36 27/42/22
f 84/25/21 27/42/22 85/27/23
f 85/27/23 27/42/22 29/43/37
f 85/27/23 29/43/37 86/29/25
f 86/29/25 29/43/37 31/44/26
f 86/29/25 31/44/26 87/31/27
f 87/31/27 31/44/26 33/45/28
f 87/31/27 33/45/28 88/33/29
f 88/33/29 33/45/28 35/36/32
f 80/16/14 63/18/14 79/14/12
f 79/14/12 63/18/14 65/46/11
f 79/14/12 65/46/11 78/12/10
f 78/12/10 65/46/11 67/47/9
f 78/12/10 67/47/9 77/10/8
f 77/10/8 67/47/9 69/48/38
f 77/10/8 69/48/38 76/8/6
f 76/8/6 69/48/38 71/49/39
f 76/8/6 71/49/39 74/6/4
f 74/6/4 71/49/39 73/1/1
f 74/6/4 73/1/1 75/3/3
f 159/50/1 91/2/2 161/3/40
f 161/3/40 91/2/2 93/4/2
f 161/3/40 93/4/2 95/5/41
f 161/3/40 95/5/41 160/6/42
f 160/6/42 95/5/41 97/7/5
f 160/6/42 97/7/5 162/8/43
f 162/8/43 97/7/5 99/9/7
f 162/8/43 99/9/7 163/10/44
f 163/10/44 99/9/7 101/11/9
f 163/10/44 101/11/9 164/12/10
f 164/12/10 101/11/9 103/13/11
f 164/12/10 103/13/11 165/14/12
f 165/14/12 103/13/11 105/15/14
f 165/14/12 105/15/14 166/16/14
f 166/16/14 105/15/14 167/17/15
f 166/16/14 167/17/15 149/51/14
f 149/51/14 167/17/15 147/52/16
f 147/52/16 167/17/15 168/20/17
f 147/52/16 168/20/17 144/53/17
f 144/53/17 168/20/17 143/54/45
f 143/54/45 168/20/17 169/23/46
f 143/54/45 169/23/46 141/55/47
f 141/55/47 169/23/46 170/25/21
f 141/55/47 170/25/21 139/56/22
f 139/56/22 170/25/21 171/27/23
f 139/56/22 171/27/23 137/57/24
f 137/57/24 171/27/23 172/29/48
f 137/57/24 172/29/48 135/58/26
f 135/58/26 172/29/48 173/31/49
f 135/58/26 173/31/49 133/59/28
f 133/59/28 173/31/49 174/33/50
f 133/59/28 174/33/50 131/60/51
f 131/60/51 174/33/50 129/35/31
f 129/35/31 174/33/50 123/36/32
f 129/35/31 123/36/32 125/37/33
f 105/15/14 107/38/52 167/17/15
f 167/17/15 107/38/52 168/20/17
f 107/38/52 108/39/17 168/20/17
f 168/20/17 108/39/17 111/40/53
f 168/20/17 111/40/53 169/23/46
f 169/23/46 111/40/53 113/41/36
f 169/23/46 113/41/36 170/25/21
f 170/25/21 113/41/36 115/42/22
f 170/25/21 115/42/22 171/27/23
f 171/27/23 115/42/22 117/43/24
f 171/27/23 117/43/24 172/29/48
f 172/29/48 117/43/24 119/44/26
f 172/29/48 119/44/26 173/31/49
f 173/31/49 119/44/26 121/45/28
f 173/31/49 121/45/28 174/33/50
f 174/33/50 121/45/28 123/36/32
f 166/16/14 149/51/14 165/14/12
f 165/14/12 149/51/14 151/61/11
f 165/14/12 151/61/11 164/12/10
f 164/12/10 151/61/11 153/62/54
f 164/12/10 153/62/54 163/10/44
f 163/10/44 153/62/54 155/63/38
f 163/10/44 155/63/38 162/8/43
f 162/8/43 155/63/38 157/64/55
f 162/8/43 157/64/55 160/6/42
f 160/6/42 157/64/55 159/50/1
f 160/6/42 159/50/1 161/3/40
f 245/65/1 177/2/2 247/3/56
f 247/3/56 177/2/2 179/4/2
f 247/3/56 179/4/2 181/5/1
f 247/3/56 181/5/1 246/6/4
f 246/6/4 181/5/1 183/7/57
f 246/6/4 183/7/57 248/8/58
f 248/8/58 183/7/57 185/9/38
f 248/8/58 185/9/38 249/10/59
f 249/10/59 185/9/38 187/11/9
f 249/10/59 187/11/9 250/12/10
f 250/12/10 187/11/9 189/13/60
f 250/12/10 189/13/60 251/14/12
f 251/14/12 189/13/60 191/15/14
f 251/14/12 191/15/14 252/16/14
f 252/16/14 191/15/14 253/17/15
f 252/16/14 253/17/15 235/66/14
f 235/66/14 253/17/15 233/67/16
f 233/67/16 253/17/15 254/20/17
f 233/67/16 254/20/17 230/68/17
f 230/68/17 254/20/17 229/69/35
f 229/69/35 254/20/17 255/23/61
f 229/69/35 255/23/61 227/70/36
f 227/70/36 255/23/61 256/25/62
f 227/70/36 256/25/62 225/71/22
f 225/71/22 256/25/62 257/27/63
f 225/71/22 257/27/63 223/72/64
f 223/72/64 257/27/63 258/29/65
f 223/72/64 258/29/65 221/73/26
f 221/73/26 258/29/65 259/31/66
f 221/73/26 259/31/66 219/74/67
f 219/74/67 259/31/66 260/33/50
f 219/74/67 260/33/50 217/75/30
f 217/75/30 260/33/50 215/76/31
f 215/76/31 260/33/50 209/36/32
f 215/76/31 209/36/32 211/37/31
f 191/15/14 193/38/68 253/17/15
f 253/17/15 193/38/68 254/20/17
f 193/38/68 194/39/17 254/20/17
f 254/20/17 194/39/17 197/40/35
f 254/20/17 197/40/35 255/23/61
f 255/23/61 197/40/35 199/41/36
f 255/23/61 199/41/36 256/25/62
f 256/25/62 199/41/36 201/42/22
f 256/25/62 201/42/22 257/27/63
f 257/27/63 201/42/22 203/43/24
f 257/27/63 203/43/24 258/29/65
f 258/29/65 203/43/24 205/44/26
f 258/29/65 205/44/26 259/31/66
f 259/31/66 205/44/26 207/45/69
f 259/31/66 207/45/69 260/33/50
f 260/33/50 207/45/69 209/36/32
f 252/16/14 235/66/14 251/14/12
f 251/14/12 235/66/14 237/77/11
f 251/14/12 237/77/11 250/12/10
f 250/12/10 237/77/11 239/78/9
f 250/12/10 239/78/9 249/10/59
f 249/10/59 239/78/9 241/79/7
f 249/10/59 241/79/7 248/8/58
f 248/8/58 241/79/7 243/80/70
f 248/8/58 243/80/70 246/6/4
f 246/6/4 243/80/70 245/65/1
f 246/6/4 245/65/1 247/3/56
f 333/81/1 262/82/2 335/83/3
f 335/83/3 262/82/2 265/4/2
f 335/83/3 265/4/2 267/84/1
f 335/83/3 267/84/1 334/85/71
f 334/85/71 267/84/1 269/86/70
f 334/85/71 269/86/70 336/87/72
f 336/87/72 269/86/70 271/88/38
f 336/87/72 271/88/38 337/89/44
f 337/89/44 271/88/38 273/90/9
f 337/89/44 273/90/9 338/91/73
f 338/91/73 273/90/9 275/92/11
f 338/91/73 275/92/11 339/93/74
f 339/93/74 275/92/11 277/94/14
f 339/93/74 277/94/14 340/95/75
f 340/95/75 277/94/14 341/96/15
f 340/95/75 341/96/15 322/97/14
f 322/97/14 341/96/15 320/98/76
f 320/98/76 341/96/15 342/99/17
f 320/98/76 342/99/17 317/100/17
f 317/100/17 342/99/17 316/101/53
f 316/101/53 342/99/17 343/102/19
f 316/101/53 343/102/19 314/103/36
f 314/103/36 343/102/19 344/104/62
f 314/103/36 344/104/62 312/105/22
f 312/105/22 344/104/62 345/106/77
f 312/105/22 345/106/77 310/107/24
f 310/107/24 345/106/77 346/108/78
f 310/107/24 346/108/78 308/109/26
f 308/109/26 346/108/78 347/110/79
f 308/109/26 347/110/79 306/111/28
f 306/111/28 347/110/79 348/112/50
f 306/111/28 348/112/50 304/113/32
f 304/113/32 348/112/50 301/114/31
f 301/114/31 348/112/50 296/115/32
f 301/114/31 296/115/32 299/116/31
f 277/94/14 279/117/80 341/96/15
f 341/96/15 279/117/80 342/99/17
f 279/117/80 280/118/81 342/99/17
f 342/99/17 280/118/81 284/119/35
f 342/99/17 284/119/35 343/102/19
f 343/102/19 284/119/35 286/120/82
f 343/102/19 286/120/82 344/104/62
f 344/104/62 286/120/82 288/121/22
f 344/104/62 288/121/22 345/106/77
f 345/106/77 288/121/22 290/122/24
f 345/106/77 290/122/24 346/108/78
f 346/108/78 290/122/24 292/123/26
f 346/108/78 292/123/26 347/110/79
f 347/110/79 292/123/26 294/124/67
f 347/110/79 294/124/67 348/112/50
f 348/112/50 294/124/67 296/115/32
f 340/95/75 322/97/14 339/93/74
f 339/93/74 322/97/14 325/125/11
f 339/93/74 325/125/11 338/91/73
f 338/91/73 325/125/11 327/126/9
f 338/91/73 327/126/9 337/89/44
f 337/89/44 327/126/9 329/127/38
f 337/89/44 329/127/38 336/87/72
f 336/87/72 329/127/38 331/128/55
f 336/87/72 331/128/55 334/85/71
f 334/85/71 331/128/55 333/81/1
f 334/85/71 333/81/1 335/83/3
f 421/129/1 351/2/2 423/3/3
f 423/3/3 351/2/2 353/4/2
f 423/3/3 353/4/2 355/5/1
f 423/3/3 355/5/1 422/6/4
f 422/6/4 355/5/1 357/7/5
f 422/6/4 357/7/5 424/8/83
f 424/8/83 357/7/5 359/9/38
f 424/8/83 359/9/38 425/10/84
f 425/10/84 359/9/38 361/11/9
f 425/10/84 361/11/9 426/12/10
f 426/12/10 361/11/9 363/13/11
f 426/12/10 363/13/11 427/14/12
f 427/14/12 363/13/11 365/15/85
f 427/14/12 365/15/85 428/16/86
f 428/16/86 365/15/85 429/17/15
f 428/16/86 429/17/15 409/130/14
f 409/130/14 429/17/15 407/131/16
f 407/131/16 429/17/15 430/20/17
f 407/131/16 430/20/17 404/132/17
f 404/132/17 430/20/17 403/133/87
f 403/133/87 430/20/17 431/23/61
f 403/133/87 431/23/61 401/134/36
f 401/134/36 431/23/61 432/25/21
f 401/134/36 432/25/21 399/135/22
f 399/135/22 432/25/21 433/27/23
f 399/135/22 433/27/23 397/136/64
f 397/136/64 433/27/23 434/29/88
f 397/136/64 434/29/88 395/137/26
f 395/137/26 434/29/88 435/31/27
f 395/137/26 435/31/27 393/138/28
f 393/138/28 435/31/27 436/33/50
f 393/138/28 436/33/50 391/139/89
f 391/139/89 436/33/50 389/35/31
f 389/35/31 436/33/50 383/36/89
f 389/35/31 383/36/89 385/37/31
f 365/15/85 367/38/52 429/17/15
f 429/17/15 367/38/52 430/20/17
f 367/38/52 368/39/17 430/20/17
f 430/20/17 368/39/17 371/40/53
f 430/20/17 371/40/53 431/23/61
f 431/23/61 371/40/53 373/41/36
f 431/23/61 373/41/36 432/25/21
f 432/25/21 373/41/36 375/42/22
f 432/25/21 375/42/22 433/27/23
f 433/27/23 375/42/22 377/43/24
f 433/27/23 377/43/24 434/29/88
f 434/29/88 377/43/24 379/44/26
f 434/29/88 379/44/26 435/31/27
f 435/31/27 379/44/26 381/45/69
f 435/31/27 381/45/69 436/33/50
f 436/33/50 381/45/69 383/36/89
f 428/16/86 409/130/14 427/14/12
f 427/14/12 409/130/14 411/140/11
f 427/14/12 411/140/11 426/12/10
f 426/12/10 411/140/11 413/141/9
f 426/12/10 413/141/9 425/10/84
f 425/10/84 413/141/9 416/142/38
f 425/10/84 416/142/38 424/8/83
f 424/8/83 416/142/38 419/143/70
f 424/8/83 419/143/70 422/6/4
f 422/6/4 419/143/70 421/129/1
f 422/6/4 421/129/1 423/3/3
f 509/144/90 439/145/91 511/146/92
f 511/146/92 439/145/91 441/147/2
f 511/146/92 441/147/2 443/148/90
f 511/146/92 443/148/90 510/149/93
f 510/149/93 443/148/90 445/150/94
f 510/149/93 445/150/94 512/151/95
f 512/151/95 445/150/94 447/152/96
f 512/151/95 447/152/96 513/153/97
f 513/153/97 447/152/96 449/154/98
f 513/153/97 449/154/98 514/155/99
f 514/155/99 449/154/98 451/156/100
f 514/155/99 451/156/100 515/157/101
f 515/157/101 451/156/100 453/158/102
f 515/157/101 453/158/102 516/159/103
f 516/159/103 453/158/102 517/160/104
f 516/159/103 517/160/104 499/161/102
f 499/161/102 517/160/104 497/162/105
f 497/162/105 517/160/104 518/163/106
f 497/162/105 518/163/106 495/164/106
f 495/164/106 518/163/106 493/165/107
f 493/165/107 518/163/106 519/166/108
f 493/165/107 519/166/108 491/167/109
f 491/167/109 519/166/108 520/168/110
f 491/167/109 520/168/110 489/169/111
f 489/169/111 520/168/110 521/170/112
f 489/169/111 521/170/112 487/171/113
f 487/171/113 521/170/112 522/172/114
f 487/171/113 522/172/114 485/173/115
f 485/173/115 522/172/114 523/174/116
f 485/173/115 523/174/116 483/175/117
f 483/175/117 523/174/116 524/176/118
f 483/175/117 524/176/118 481/177/119
f 481/177/119 524/176/118 479/178/31
f 479/178/31 524/176/118 473/179/120
f 479/178/31 473/179/120 476/180/31
f 453/158/102 455/181/121 517/160/104
f 517/160/104 455/181/121 518/163/106
f 455/181/121 458/182/106 518/163/106
f 518/163/106 458/182/106 461/183/107
f 518/163/106 461/183/107 519/166/108
f 519/166/108 461/183/107 463/184/109
f 519/166/108 463/184/109 520/168/110
f 520/168/110 463/184/109 465/185/111
f 520/168/110 465/185/111 521/170/112
f 521/170/112 465/185/111 467/186/113
f 521/170/112 467/186/113 522/172/114
f 522/172/114 467/186/113 469/187/115
f 522/172/114 469/187/115 523/174/116
f 523/174/116 469/187/115 471/188/117
f 523/174/116 471/188/117 524/176/118
f 524/176/118 471/188/117 473/179/120
f 516/159/103 499/161/102 515/157/101
f 515/157/101 499/161/102 501/189/100
f 515/157/101 501/189/100 514/155/99
f 514/155/99 501/189/100 503/190/122
f 514/155/99 503/190/122 513/153/97
f 513/153/97 503/190/122 505/191/96
f 513/153/97 505/191/96 512/151/95
f 512/151/95 505/191/96 507/192/123
f 512/151/95 507/192/123 510/149/93
f 510/149/93 507/192/123 509/144/90
f 510/149/93 509/144/90 511/146/92
f 526/193/124 528/194/31 596/195/119
f 596/195/119 528/194/31 597/196/118
f 596/195/119 597/196/118 594/197/125
f 594/197/125 597/196/118 598/198/126
f 594/197/125 598/198/126 592/199/127
f 592/199/127 598/198/126 599/200/128
f 592/199/127 599/200/128 590/201/129
f 590/201/129 599/200/128 600/202/130
f 590/201/129 600/202/130 588/203/131
f 588/203/131 600/202/130 601/204/110
f 588/203/131 601/204/110 586/205/132
f 586/205/132 601/204/110 602/206/133
f 586/205/132 602/206/133 584/207/134
f 584/207/134 602/206/133 603/208/106
f 584/207/134 603/208/106 582/209/106
f 582/209/106 603/208/106 579/210/105
f 579/210/105 603/208/106 604/211/104
f 579/210/105 604/211/104 576/212/102
f 576/212/102 604/211/104 605/213/103
f 576/212/102 605/213/103 606/214/135
f 606/214/135 605/213/103 548/215/102
f 606/214/135 548/215/102 550/216/136
f 528/194/31 530/217/119 597/196/118
f 597/196/118 530/217/119 532/218/117
f 597/196/118 532/218/117 598/198/126
f 598/198/126 532/218/117 534/219/115
f 598/198/126 534/219/115 599/200/128
f 599/200/128 534/219/115 536/220/113
f 599/200/128 536/220/113 600/202/130
f 600/202/130 536/220/113 538/221/111
f 600/202/130 538/221/111 601/204/110
f 601/204/110 538/221/111 540/222/109
f 601/204/110 540/222/109 602/206/133
f 602/206/133 540/222/109 542/223/107
f 602/206/133 542/223/107 603/208/106
f 603/208/106 542/223/107 543/224/106
f 603/208/106 543/224/106 546/225/121
f 603/208/106 546/225/121 604/211/104
f 604/211/104 546/225/121 548/215/102
f 604/211/104 548/215/102 605/213/103
f 606/214/135 550/216/136 607/226/137
f 607/226/137 550/216/136 552/227/138
f 607/226/137 552/227/138 608/228/139
f 608/228/139 552/227/138 554/229/140
f 608/228/139 554/229/140 609/230/141
f 609/230/141 554/229/140 556/231/94
f 609/230/141 556/231/94 610/232/142
f 610/232/142 556/231/94 558/233/90
f 610/232/142 558/233/90 611/234/92
f 611/234/92 558/233/90 561/235/2
f 611/234/92 561/235/2 564/236/143
f 564/236/143 566/237/90 611/234/92
f 611/234/92 566/237/90 610/232/142
f 566/237/90 568/238/144 610/232/142
f 610/232/142 568/238/144 609/230/141
f 568/238/144 570/239/140 609/230/141
f 609/230/141 570/239/140 608/228/139
f 570/239/140 572/240/145 608/228/139
f 608/228/139 572/240/145 607/226/137
f 572/240/145 574/241/100 607/226/137
f 607/226/137 574/241/100 606/214/135
f 574/241/100 576/212/102 606/214/135
f 613/242/31 616/243/146 691/244/147
f 691/244/147 616/243/146 618/245/32
f 691/244/147 618/245/32 689/246/148
f 689/246/148 618/245/32 620/247/69
f 689/246/148 620/247/69 693/248/66
f 693/248/66 620/247/69 622/249/26
f 693/248/66 622/249/26 694/250/65
f 694/250/65 622/249/26 624/251/64
f 694/250/65 624/251/64 695/252/149
f 695/252/149 624/251/64 626/253/22
f 695/252/149 626/253/22 696/254/150
f 696/254/150 626/253/22 628/255/36
f 696/254/150 628/255/36 697/256/61
f 697/256/61 628/255/36 630/257/151
f 697/256/61 630/257/151 698/258/17
f 698/258/17 630/257/151 631/259/17
f 698/258/17 631/259/17 634/260/16
f 698/258/17 634/260/16 699/261/15
f 699/261/15 634/260/16 636/262/14
f 699/261/15 636/262/14 700/263/86
f 700/263/86 636/262/14 701/264/152
f 700/263/86 701/264/152 666/265/153
f 666/265/153 701/264/152 664/266/154
f 664/266/154 701/264/152 702/267/155
f 664/266/154 702/267/155 662/268/156
f 662/268/156 702/267/155 703/269/59
f 662/268/156 703/269/59 660/270/157
f 660/270/157 703/269/59 658/271/158
f 658/271/158 703/269/59 692/272/159
f 658/271/158 692/272/159 656/273/160
f 656/273/160 692/272/159 704/274/161
f 656/273/160 704/274/161 705/275/3
f 705/275/3 704/274/161 646/276/41
f 705/275/3 646/276/41 649/277/2
f 636/262/14 638/278/11 701/264/152
f 701/264/152 638/278/11 702/267/155
f 638/278/11 640/279/54 702/267/155
f 702/267/155 640/279/54 703/269/59
f 640/279/54 642/280/38 703/269/59
f 703/269/59 642/280/38 692/272/159
f 642/280/38 644/281/70 692/272/159
f 692/272/159 644/281/70 704/274/161
f 644/281/70 646/276/41 704/274/161
f 649/277/2 652/282/91 705/275/3
f 705/275/3 652/282/91 654/283/162
f 705/275/3 654/283/162 656/273/160
f 666/265/153 668/284/163 700/263/86
f 700/263/86 668/284/163 669/285/164
f 700/263/86 669/285/164 699/261/15
f 699/261/15 669/285/164 671/286/165
f 699/261/15 671/286/165 698/258/17
f 698/258/17 671/286/165 674/287/166
f 698/258/17 674/287/166 697/256/61
f 697/256/61 674/287/166 676/288/167
f 697/256/61 676/288/167 678/289/168
f 697/256/61 678/289/168 696/254/150
f 696/254/150 678/289/168 680/290/169
f 696/254/150 680/290/169 695/252/149
f 695/252/149 680/290/169 683/291/170
f 695/252/149 683/291/170 694/250/65
f 694/250/65 683/291/170 685/292/171
f 694/250/65 685/292/171 693/248/66
f 693/248/66 685/292/171 687/293/172
f 693/248/66 687/293/172 689/246/148
f 613/242/31 707/294/173 615/295/31
f 615/295/31 707/294/173 768/296/119
f 768/296/119 707/294/173 709/297/174
f 768/296/119 709/297/174 766/298/175
f 766/298/175 709/297/174 711/299/176
f 766/298/175 711/299/176 764/300/177
f 764/300/177 711/299/176 713/301/178
f 764/300/177 713/301/178 762/302/113
f 762/302/113 713/301/178 715/303/179
f 762/302/113 715/303/179 760/304/111
f 760/304/111 715/303/179 717/305/180
f 760/304/111 717/305/180 758/306/109
f 758/306/109 717/305/180 719/307/181
f 758/306/109 719/307/181 756/308/134
f 756/308/134 719/307/181 721/309/182
f 756/308/134 721/309/182 753/310/106
f 753/310/106 721/309/182 722/311/183
f 753/310/106 722/311/183 752/312/121
f 752/312/121 722/311/183 725/313/184
f 752/312/121 725/313/184 750/314/102
f 750/314/102 725/313/184 727/315/185
f 750/314/102 727/315/185 748/316/100
f 748/316/100 727/315/185 729/317/186
f 748/316/100 729/317/186 769/318/187
f 769/318/187 729/317/186 731/319/188
f 769/318/187 731/319/188 746/320/98
f 746/320/98 731/319/188 771/321/189
f 746/320/98 771/321/189 744/322/96
f 744/322/96 771/321/189 770/323/190
f 744/322/96 770/323/190 742/324/94
f 742/324/94 770/323/190 772/325/191
f 742/324/94 772/325/191 740/326/90
f 740/326/90 772/325/191 648/327/2
f 648/327/2 772/325/191 651/328/192
f 651/328/192 772/325/191 738/329/193
f 738/329/193 772/325/191 770/323/190
f 738/329/193 770/323/190 735/330/194
f 735/330/194 770/323/190 733/331/195
f 733/331/195 770/323/190 771/321/189
f 733/331/195 771/321/189 731/319/188
f 746/320/98 748/316/100 769/318/187
s 0
f 529/332/196 527/333/196 614/334/196
f 614/334/196 527/333/196 773/335/196
f 614/334/196 773/335/196 617/336/196
f 617/336/196 773/335/196 775/337/196
f 617/336/196 775/337/196 619/338/196
f 619/338/196 775/337/196 777/339/196
f 619/338/196 777/339/196 621/340/196
f 621/340/196 777/339/196 779/341/196
f 621/340/196 779/341/196 623/342/196
f 623/342/196 779/341/196 781/343/196
f 623/342/196 781/343/196 625/344/196
f 625/344/196 781/343/196 783/345/196
f 625/344/196 783/345/196 627/346/196
f 627/346/196 783/345/196 785/347/196
f 627/346/196 785/347/196 629/348/196
f 629/348/196 785/347/196 788/349/196
f 629/348/196 788/349/196 632/350/196
f 632/350/196 788/349/196 633/351/196
f 633/351/196 788/349/196 789/352/196
f 633/351/196 789/352/196 635/353/196
f 635/353/196 789/352/196 791/354/196
f 635/353/196 791/354/196 637/355/196
f 637/355/196 791/354/196 793/356/196
f 637/355/196 793/356/196 639/357/196
f 639/357/196 793/356/196 795/358/196
f 639/357/196 795/358/196 641/359/196
f 641/359/196 795/358/196 797/360/196
f 641/359/196 797/360/196 643/361/196
f 643/361/196 797/360/196 799/362/196
f 643/361/196 799/362/196 645/363/196
f 645/363/196 799/362/196 801/364/196
f 645/363/196 801/364/196 647/365/196
f 647/365/196 801/364/196 559/366/196
f 647/365/196 559/366/196 739/367/196
f 739/367/196 559/366/196 557/368/196
f 739/367/196 557/368/196 555/369/196
f 739/367/196 555/369/196 741/370/196
f 741/370/196 555/369/196 553/371/196
f 741/370/196 553/371/196 743/372/196
f 743/372/196 553/371/196 551/373/196
f 743/372/196 551/373/196 745/374/196
f 745/374/196 551/373/196 549/375/196
f 745/374/196 549/375/196 747/376/196
f 747/376/196 549/375/196 547/377/196
f 747/376/196 547/377/196 749/378/196
f 749/378/196 547/377/196 545/379/196
f 749/378/196 545/379/196 751/380/196
f 751/380/196 545/379/196 544/381/196
f 751/380/196 544/381/196 754/382/196
f 754/382/196 544/381/196 541/383/196
f 754/382/196 541/383/196 755/384/196
f 755/384/196 541/383/196 757/385/196
f 757/385/196 541/383/196 539/386/196
f 757/385/196 539/386/196 759/387/196
f 759/387/196 539/386/196 537/388/196
f 759/387/196 537/388/196 761/389/196
f 761/389/196 537/388/196 535/390/196
f 761/389/196 535/390/196 763/391/196
f 763/391/196 535/390/196 533/392/196
f 763/391/196 533/392/196 765/393/196
f 765/393/196 533/392/196 531/394/196
f 765/393/196 531/394/196 767/395/196
f 767/395/196 531/394/196 529/332/196
f 767/395/196 529/332/196 614/334/196
s 1
f 681/396/197 679/397/198 850/398/197
f 850/398/197 679/397/198 847/399/199
f 847/399/199 679/397/198 857/400/200
f 847/399/199 857/400/200 844/401/201
f 844/401/201 857/400/200 856/402/202
f 844/401/201 856/402/202 842/403/203
f 842/403/203 856/402/202 855/404/204
f 842/403/203 855/404/204 839/405/205
f 839/405/205 855/404/204 854/406/204
f 839/405/205 854/406/204 863/407/204
f 863/407/204 854/406/204 859/408/202
f 863/407/204 859/408/202 862/409/206
f 862/409/206 859/408/202 858/410/200
f 862/409/206 858/410/200 861/411/200
f 861/411/200 858/410/200 673/412/207
f 861/411/200 673/412/207 672/413/208
f 679/397/198 677/414/209 857/400/200
f 857/400/200 677/414/209 858/410/200
f 857/400/200 858/410/200 859/408/202
f 677/414/209 675/415/210 858/410/200
f 858/410/200 675/415/210 673/412/207
f 672/413/208 670/416/211 861/411/200
f 861/411/200 670/416/211 864/417/212
f 861/411/200 864/417/212 865/418/202
f 865/418/202 864/417/212 665/419/213
f 865/418/202 665/419/213 663/420/213
f 670/416/211 667/421/214 864/417/212
f 864/417/212 667/421/214 665/419/213
f 661/422/215 866/423/200 663/420/213
f 663/420/213 866/423/200 867/424/206
f 663/420/213 867/424/206 865/418/202
f 865/418/202 867/424/206 868/425/216
f 865/418/202 868/425/216 860/426/217
f 860/426/217 868/425/216 826/427/218
f 860/426/217 826/427/218 839/405/205
f 839/405/205 826/427/218 834/428/219
f 839/405/205 834/428/219 837/429/196
f 661/422/215 659/430/220 866/423/200
f 866/423/200 659/430/220 657/431/221
f 866/423/200 657/431/221 869/432/200
f 869/432/200 657/431/221 655/433/222
f 869/432/200 655/433/222 653/434/223
f 653/434/223 650/435/224 869/432/200
f 869/432/200 650/435/224 806/436/225
f 869/432/200 806/436/225 809/437/226
f 650/435/224 736/438/197 806/436/225
f 806/436/225 736/438/197 803/439/227
f 869/432/200 809/437/226 870/440/202
f 870/440/202 809/437/226 811/441/228
f 870/440/202 811/441/228 814/442/229
f 814/442/229 816/443/230 870/440/202
f 870/440/202 816/443/230 871/444/217
f 870/440/202 871/444/217 867/424/206
f 867/424/206 871/444/217 868/425/216
f 816/443/230 818/445/231 871/444/217
f 871/444/217 818/445/231 820/446/232
f 871/444/217 820/446/232 822/447/233
f 871/444/217 822/447/233 868/425/216
f 868/425/216 822/447/233 826/427/218
f 830/448/234 832/449/235 826/427/218
f 826/427/218 832/449/235 834/428/219
f 859/408/202 854/406/204 856/402/202
f 856/402/202 854/406/204 855/404/204
f 860/426/217 839/405/205 863/407/204
f 856/402/202 857/400/200 859/408/202
f 860/426/217 863/407/204 862/409/206
f 860/426/217 862/409/206 865/418/202
f 865/418/202 862/409/206 861/411/200
f 870/440/202 867/424/206 866/423/200
f 869/432/200 870/440/202 866/423/200
f 774/450/32 528/194/31 907/451/236
f 907/451/236 528/194/31 526/193/124
f 907/451/236 526/193/124 873/452/32
f 907/451/236 873/452/32 906/453/237
f 906/453/237 873/452/32 876/454/67
f 906/453/237 876/454/67 908/455/238
f 908/455/238 876/454/67 879/456/239
f 908/455/238 879/456/239 909/457/88
f 909/457/88 879/456/239 881/458/240
f 909/457/88 881/458/240 910/459/241
f 910/459/241 881/458/240 883/460/242
f 910/459/241 883/460/242 911/461/243
f 911/461/243 883/460/242 885/462/36
f 911/461/243 885/462/36 912/463/244
f 912/463/244 885/462/36 913/464/46
f 912/463/244 913/464/46 784/465/36
f 784/465/36 913/464/46 786/466/35
f 786/466/35 913/464/46 914/467/17
f 786/466/35 914/467/17 787/468/17
f 787/468/17 914/467/17 790/469/16
f 790/469/16 914/467/17 915/470/15
f 790/469/16 915/470/15 792/471/86
f 792/471/86 915/470/15 916/472/245
f 792/471/86 916/472/245 794/473/246
f 794/473/246 916/472/245 917/474/247
f 794/473/246 917/474/247 796/475/9
f 796/475/9 917/474/247 918/476/44
f 796/475/9 918/476/44 798/477/38
f 798/477/38 918/476/44 919/478/248
f 798/477/38 919/478/248 800/479/5
f 800/479/5 919/478/248 920/480/249
f 800/479/5 920/480/249 802/481/41
f 802/481/41 920/480/249 560/482/250
f 560/482/250 920/480/249 905/483/41
f 560/482/250 905/483/41 563/484/251
f 885/462/36 887/485/35 913/464/46
f 913/464/46 887/485/35 914/467/17
f 887/485/35 888/486/17 914/467/17
f 914/467/17 888/486/17 891/487/16
f 914/467/17 891/487/16 915/470/15
f 915/470/15 891/487/16 893/488/86
f 915/470/15 893/488/86 916/472/245
f 916/472/245 893/488/86 895/489/11
f 916/472/245 895/489/11 917/474/247
f 917/474/247 895/489/11 897/490/252
f 917/474/247 897/490/252 918/476/44
f 918/476/44 897/490/252 900/491/7
f 918/476/44 900/491/7 919/478/248
f 919/478/248 900/491/7 903/492/55
f 919/478/248 903/492/55 920/480/249
f 920/480/249 903/492/55 905/483/41
f 912/463/244 784/465/36 911/461/243
f 911/461/243 784/465/36 782/493/22
f 911/461/243 782/493/22 910/459/241
f 910/459/241 782/493/22 780/494/37
f 910/459/241 780/494/37 909/457/88
f 909/457/88 780/494/37 778/495/253
f 909/457/88 778/495/253 908/455/238
f 908/455/238 778/495/253 776/496/28
f 908/455/238 776/496/28 906/453/237
f 906/453/237 776/496/28 774/450/32
f 906/453/237 774/450/32 907/451/236
f 737/497/197 734/498/254 804/499/227
f 804/499/227 734/498/254 732/500/255
f 804/499/227 732/500/255 952/501/256
f 952/501/256 732/500/255 730/502/257
f 952/501/256 730/502/257 728/503/258
f 728/503/258 726/504/259 952/501/256
f 952/501/256 726/504/259 950/505/260
f 950/505/260 726/504/259 957/506/202
f 950/505/260 957/506/202 956/507/202
f 956/507/202 957/506/202 954/508/261
f 956/507/202 954/508/261 955/509/217
f 955/509/217 954/508/261 942/510/262
f 955/509/217 942/510/262 946/511/263
f 726/504/259 724/512/264 957/506/202
f 957/506/202 724/512/264 723/513/265
f 957/506/202 723/513/265 720/514/266
f 720/514/266 718/515/267 957/506/202
f 957/506/202 718/515/267 959/516/202
f 957/506/202 959/516/202 960/517/217
f 960/517/217 959/516/202 958/518/268
f 960/517/217 958/518/268 942/510/262
f 942/510/262 958/518/268 934/519/205
f 942/510/262 934/519/205 938/520/196
f 718/515/267 716/521/269 959/516/202
f 959/516/202 716/521/269 961/522/202
f 959/516/202 961/522/202 958/518/268
f 958/518/268 961/522/202 962/523/202
f 958/518/268 962/523/202 963/524/270
f 963/524/270 962/523/202 965/525/271
f 963/524/270 965/525/271 966/526/217
f 966/526/217 965/525/271 926/527/272
f 966/526/217 926/527/272 928/528/273
f 716/521/269 714/529/274 961/522/202
f 961/522/202 714/529/274 712/530/275
f 961/522/202 712/530/275 710/531/276
f 961/522/202 710/531/276 962/523/202
f 962/523/202 710/531/276 708/532/277
f 962/523/202 708/532/277 706/533/278
f 962/523/202 706/533/278 965/525/271
f 965/525/271 706/533/278 612/534/279
f 965/525/271 612/534/279 964/535/280
f 964/535/280 612/534/279 690/536/281
f 964/535/280 690/536/281 688/537/282
f 964/535/280 688/537/282 967/538/200
f 967/538/200 688/537/282 686/539/283
f 967/538/200 686/539/283 851/540/197
f 851/540/197 686/539/283 684/541/284
f 851/540/197 684/541/284 682/542/227
f 851/540/197 921/543/285 967/538/200
f 967/538/200 921/543/285 924/544/286
f 967/538/200 924/544/286 968/545/202
f 968/545/202 924/544/286 926/527/272
f 968/545/202 926/527/272 965/525/271
f 928/528/273 930/546/287 966/526/217
f 966/526/217 930/546/287 963/524/270
f 963/524/270 930/546/287 958/518/268
f 958/518/268 930/546/287 934/519/205
f 946/511/263 948/547/288 955/509/217
f 955/509/217 948/547/288 956/507/202
f 948/547/288 950/505/260 956/507/202
f 960/517/217 942/510/262 954/508/261
f 957/506/202 960/517/217 954/508/261
f 968/545/202 965/525/271 964/535/280
f 967/538/200 968/545/202 964/535/280
f 984/548/289 970/549/290 985/550/291
f 985/550/291 970/549/290 972/551/291
f 985/550/291 972/551/291 974/552/292
f 974/552/292 978/193/292 985/550/291
f 985/550/291 978/193/292 981/553/291
f 985/550/291 981/553/291 984/548/289
s 0
f 996/554/293 987/555/293 998/556/293
f 998/556/293 987/555/293 990/557/293
f 998/556/293 990/557/293 993/558/293
f 993/558/293 996/554/293 998/556/293
f 565/559/294 562/560/294 1030/561/294
f 1030/561/294 562/560/294 904/562/294
f 1030/561/294 904/562/294 901/563/294
f 1030/561/294 901/563/294 1026/564/294
f 1027/564/295 902/563/295 899/565/295
f 1026/564/294 898/565/294 980/566/294
f 980/566/294 898/565/294 896/567/294
f 980/566/294 896/567/294 894/568/294
f 892/569/296 1012/570/296 894/568/296
f 894/568/294 1012/570/294 1014/571/294
f 894/568/294 1014/571/294 1016/572/294
f 890/573/294 1006/574/294 892/569/294
f 892/569/294 1006/574/294 1008/575/294
f 892/569/294 1008/575/294 1010/576/294
f 1006/574/294 890/573/294 1003/577/294
f 1003/577/294 890/573/294 889/578/294
f 1003/577/294 889/578/294 886/579/294
f 886/579/294 884/580/294 1003/577/294
f 1003/577/294 884/580/294 882/581/294
f 1003/577/294 882/581/294 880/582/294
f 1003/577/294 880/582/294 999/583/294
f 999/583/294 880/582/294 877/584/294
f 1000/583/294 878/584/294 875/585/294
f 874/585/294 872/586/294 999/583/294
f 999/583/294 872/586/294 525/587/294
f 999/583/294 525/587/294 595/588/294
f 999/583/294 595/588/294 992/589/294
f 992/589/294 595/588/294 593/590/294
f 992/589/294 593/590/294 591/591/294
f 591/591/294 589/592/294 992/589/294
f 992/589/294 589/592/294 587/593/294
f 992/589/294 587/593/294 995/594/294
f 995/594/294 587/593/294 585/595/294
f 995/594/294 585/595/294 583/596/294
f 583/596/294 581/597/294 995/594/294
f 995/594/294 581/597/294 1036/598/294
f 995/594/294 1036/598/294 1033/599/294
f 1033/599/294 1036/598/294 571/600/294
f 1033/599/294 571/600/294 569/601/294
s 1
f 580/597/297 578/602/298 1035/598/297
s 0
f 1036/598/294 577/602/294 575/603/294
f 1036/598/294 575/603/294 573/604/294
f 573/604/294 571/600/294 1036/598/294
f 1033/599/294 569/601/294 1030/561/294
f 1030/561/294 569/601/294 567/605/294
f 1030/561/294 567/605/294 565/559/294
f 1010/576/294 1012/570/294 892/569/294
f 894/568/294 1016/572/294 980/566/294
f 980/566/294 1016/572/294 1018/606/294
f 980/566/294 1018/606/294 982/607/294
f 977/608/294 1020/609/294 980/566/294
f 980/566/294 1020/609/294 1022/610/294
f 980/566/294 1022/610/294 1024/611/294
f 1024/611/294 1026/564/294 980/566/294
f 986/612/294 1037/613/294 989/614/294
f 989/614/294 1037/613/294 1136/615/294
f 1136/615/294 1037/613/294 1133/616/294
f 1133/616/294 1037/613/294 1040/617/294
f 1133/616/294 1040/617/294 1130/618/294
f 1130/618/294 1040/617/294 1043/619/294
f 1130/618/294 1043/619/294 1128/620/294
f 1128/620/294 1043/619/294 1045/621/294
f 1128/620/294 1045/621/294 1126/622/294
f 1126/622/294 1045/621/294 1124/623/294
f 1124/623/294 1045/621/294 1122/624/294
f 1122/624/294 1045/621/294 1120/625/294
f 1120/625/294 1045/621/294 1047/626/294
f 1120/625/294 1047/626/294 1118/627/294
f 1118/627/294 1047/626/294 1116/628/294
f 1116/628/294 1047/626/294 1049/629/294
f 1116/628/294 1049/629/294 1113/630/294
f 1113/630/294 1049/629/294 1051/631/294
f 1113/630/294 1051/631/294 1053/632/294
f 1053/632/294 1055/633/294 1113/630/294
f 1113/630/294 1055/633/294 1057/634/294
f 1113/630/294 1057/634/294 1109/635/294
f 1109/635/294 1057/634/294 1060/636/294
f 1109/635/294 1060/636/294 1063/637/294
s 1
f 1068/638/294 1070/639/299 1063/637/294
s 0
f 1065/637/294 1071/639/294 1074/640/294
f 1063/637/294 1073/640/294 1076/641/294
f 1076/641/296 1078/642/296 1063/637/296
f 1063/637/294 1078/642/294 1080/643/294
f 1063/637/294 1080/643/294 1082/644/294
f 1083/644/295 1086/645/295 1064/637/295
f 1063/637/294 1085/645/294 1088/646/294
f 1063/637/294 1088/646/294 1090/647/294
f 1090/647/296 1092/648/296 1063/637/296
f 1063/637/294 1092/648/294 1094/649/294
f 1063/637/294 1094/649/294 1105/650/294
f 1105/650/296 1094/649/296 1096/651/296
f 1106/650/300 1097/651/300 1100/652/300
f 1099/652/301 1102/653/301 1104/650/301
f 1105/650/294 1109/635/294 1063/637/294
f 813/654/302 810/655/302 1152/656/302
f 1152/656/302 810/655/302 1154/657/302
f 1151/656/303 1153/657/303 1146/658/303
f 1147/658/303 1154/657/303 807/659/303
f 1147/658/303 807/659/303 1139/660/303
f 810/655/302 807/659/302 1154/657/302
f 1139/660/303 1141/661/303 1147/658/303
s 1
f 808/662/302 805/663/304 1140/664/302
f 1140/664/302 805/663/304 953/665/305
f 1140/664/302 953/665/305 1156/666/306
f 1156/666/306 953/665/305 951/667/307
f 1156/666/306 951/667/307 1155/668/308
f 1155/668/308 951/667/307 949/669/309
f 1155/668/308 949/669/309 1157/670/310
f 1157/670/310 949/669/309 947/671/311
f 1157/670/310 947/671/311 1038/672/312
f 1038/672/312 947/671/311 943/673/312
f 1038/672/312 988/674/313 1157/670/310
f 1157/670/310 988/674/313 1155/668/308
f 988/674/313 997/675/314 1155/668/308
f 1155/668/308 997/675/314 1034/676/315
f 1155/668/308 1034/676/315 1156/666/306
f 1156/666/306 1034/676/315 1032/677/302
f 1156/666/306 1032/677/302 1140/664/302
s 0
f 922/678/316 853/679/316 1168/680/316
f 1167/680/317 852/679/317 848/681/317
f 1168/680/316 849/681/316 1164/682/316
f 1163/682/317 848/681/317 1161/683/317
f 1162/683/317 849/681/317 846/684/317
f 1164/682/317 1004/685/317 1168/680/317
f 1168/680/316 1004/685/316 1002/686/316
f 1168/680/317 1002/686/317 922/678/317
f 1159/687/318 845/688/318 1175/689/318
f 1175/689/317 845/688/317 843/690/317
f 1175/689/317 843/690/317 841/691/317
f 841/691/316 1170/692/316 1175/689/316
f 1175/689/316 1170/692/316 1173/693/316
f 1175/689/317 1173/693/317 1159/687/317
s 1
f 1177/694/319 1179/695/319 1189/696/291
f 1189/696/291 1179/695/319 1190/697/291
f 1189/696/291 1190/697/291 1184/698/289
f 1184/698/289 1190/697/291 971/699/289
f 971/699/289 1190/697/291 973/700/291
f 973/700/291 1190/697/291 975/701/292
f 975/701/292 1190/697/291 1179/695/319
f 1184/698/289 1187/702/289 1189/696/291
f 1218/703/320 1186/704/321 1219/705/322
f 1219/705/322 1186/704/321 1182/706/321
f 1219/705/322 1182/706/321 1191/707/323
f 1219/705/322 1191/707/323 1220/708/324
f 1220/708/324 1191/707/323 1193/709/325
f 1220/708/324 1193/709/325 1221/710/326
f 1221/710/326 1193/709/325 1195/711/327
f 1221/710/326 1195/711/327 1222/712/328
f 1222/712/328 1195/711/327 1197/713/328
f 1222/712/328 1197/713/328 1223/714/329
f 1223/714/329 1197/713/328 1199/715/330
f 1223/714/329 1199/715/330 1224/716/331
f 1224/716/331 1199/715/330 1201/717/332
f 1224/716/331 1201/717/332 1225/718/333
f 1225/718/333 1201/717/332 1203/719/334
f 1225/718/333 1203/719/334 1165/720/335
f 1165/720/335 1160/721/316 1225/718/333
f 1225/718/333 1160/721/316 1206/722/336
f 1225/718/333 1206/722/336 1224/716/331
f 1224/716/331 1206/722/336 1208/723/332
f 1224/716/331 1208/723/332 1223/714/329
f 1223/714/329 1208/723/332 1210/724/329
f 1223/714/329 1210/724/329 1222/712/328
f 1222/712/328 1210/724/329 1212/725/328
f 1222/712/328 1212/725/328 1221/710/326
f 1221/710/326 1212/725/328 1214/726/326
f 1221/710/326 1214/726/326 1220/708/324
f 1220/708/324 1214/726/326 1216/727/337
f 1220/708/324 1216/727/337 1219/705/322
f 1219/705/322 1216/727/337 1218/703/320
f 1192/728/338 1183/729/321 1226/730/339
f 1226/730/339 1183/729/321 969/731/321
f 1226/730/339 969/731/321 1019/732/322
f 1019/732/322 969/731/321 983/733/340
f 1019/732/322 1017/734/324 1226/730/339
f 1226/730/339 1017/734/324 1227/735/324
f 1226/730/339 1227/735/324 1192/728/338
f 1192/728/338 1227/735/324 1194/736/337
f 1194/736/337 1227/735/324 1228/737/341
f 1194/736/337 1228/737/341 1196/738/342
f 1196/738/342 1228/737/341 1229/739/328
f 1196/738/342 1229/739/328 1198/740/328
f 1198/740/328 1229/739/328 1230/741/330
f 1198/740/328 1230/741/330 1200/742/329
f 1200/742/329 1230/741/330 1231/743/331
f 1200/742/329 1231/743/331 1202/744/331
f 1202/744/331 1231/743/331 1232/745/336
f 1202/744/331 1232/745/336 1204/746/334
f 1204/746/334 1232/745/336 1166/747/335
f 1166/747/335 1232/745/336 1005/748/316
f 1005/748/316 1232/745/336 1007/749/336
f 1007/749/336 1232/745/336 1231/743/331
f 1007/749/336 1231/743/331 1009/750/331
f 1009/750/331 1231/743/331 1230/741/330
f 1009/750/331 1230/741/330 1011/751/329
f 1011/751/329 1230/741/330 1229/739/328
f 1011/751/329 1229/739/328 1013/752/328
f 1013/752/328 1229/739/328 1228/737/341
f 1013/752/328 1228/737/341 1015/753/342
f 1015/753/342 1228/737/341 1227/735/324
f 1015/753/342 1227/735/324 1017/734/324
s 0
f 939/754/196 935/755/196 1324/756/196
f 1324/756/196 935/755/196 1233/757/196
f 1324/756/196 1233/757/196 1322/758/196
f 1322/758/196 1233/757/196 1320/759/196
f 1320/759/196 1233/757/196 1236/760/196
f 1320/759/196 1236/760/196 1238/761/196
f 1238/761/196 1240/762/196 1320/759/196
f 1320/759/196 1240/762/196 1318/763/196
f 1318/763/196 1240/762/196 1316/764/196
f 1316/764/196 1240/762/196 1314/765/196
f 1314/765/196 1240/762/196 1242/766/196
f 1314/765/196 1242/766/196 1244/767/196
f 1244/767/196 1246/768/196 1314/765/196
f 1314/765/196 1246/768/196 1248/769/196
f 1314/765/196 1248/769/196 1250/770/196
f 1253/771/196 1307/772/196 1250/770/196
f 1250/770/196 1307/772/196 1310/773/196
f 1250/770/196 1310/773/196 1312/774/196
f 1258/775/196 1299/776/196 1253/771/196
f 1253/771/196 1299/776/196 1304/777/196
f 1253/771/196 1304/777/196 1307/772/196
f 1262/778/343 1264/779/343 1257/775/343
f 1259/775/344 1265/779/344 1268/780/344
f 1258/775/196 1267/780/196 1270/781/196
f 1258/775/196 1270/781/196 1299/776/196
f 1299/776/196 1270/781/196 1272/782/196
f 1299/776/196 1272/782/196 1274/783/196
f 1274/783/196 1276/784/196 1299/776/196
f 1299/776/196 1276/784/196 1278/785/196
f 1299/776/196 1278/785/196 1280/786/196
f 1280/786/196 1282/787/196 1299/776/196
f 1300/776/344 1283/787/344 1286/788/344
f 1299/776/343 1285/788/343 1288/789/343
f 1289/789/345 1292/790/345 1300/776/345
f 1299/776/196 1291/790/196 1294/791/196
f 1301/776/344 1295/791/344 1297/792/344
f 1312/774/196 1314/765/196 1250/770/196
s 1
f 1337/793/346 1180/794/347 1339/795/348
f 1339/795/348 1180/794/347 1178/796/347
f 1339/795/348 1178/796/347 1328/797/349
f 1328/797/349 1330/798/350 1339/795/348
f 1339/795/348 1330/798/350 1340/799/351
f 1339/795/348 1340/799/351 1337/793/346
f 1337/793/346 1340/799/351 1335/800/350
f 1335/800/350 1340/799/351 1333/801/352
f 1333/801/352 1340/799/351 1341/802/353
f 1333/801/352 1341/802/353 1143/803/302
f 1143/803/302 1341/802/353 1148/804/354
f 1148/804/354 1341/802/353 1332/805/352
f 1332/805/352 1341/802/353 1340/799/351
f 1332/805/352 1340/799/351 1330/798/350
f 1351/806/31 823/807/31 1352/808/355
f 1352/808/355 823/807/31 821/809/356
f 1352/808/355 821/809/356 819/810/357
f 1352/808/355 819/810/357 1353/811/358
f 1353/811/358 819/810/357 817/812/359
f 1353/811/358 817/812/359 1354/813/360
f 1354/813/360 817/812/359 815/814/361
f 1354/813/360 815/814/361 1150/815/362
f 1150/815/362 815/814/361 812/816/363
f 1150/815/362 1343/817/364 1354/813/360
f 1354/813/360 1343/817/364 1353/811/358
f 1343/817/364 1345/818/365 1353/811/358
f 1353/811/358 1345/818/365 1352/808/355
f 1345/818/365 1347/819/366 1352/808/355
f 1352/808/355 1347/819/366 1351/806/31
s 0
f 1358/820/367 828/821/368 1360/822/367
f 1362/822/369 829/821/369 825/823/369
f 1361/822/370 824/823/370 1350/824/370
f 1349/824/31 1357/820/31 1359/822/31
s 1
f 835/825/371 1490/826/372 838/827/373
f 838/827/373 1490/826/372 1489/828/374
f 838/827/373 1489/828/374 1488/829/375
f 1488/829/375 1489/828/374 1493/830/376
f 1488/829/375 1493/830/376 1485/831/377
f 1485/831/377 1493/830/376 1494/832/378
f 1485/831/377 1494/832/378 1483/833/379
f 1483/833/379 1494/832/378 1495/834/380
f 1483/833/379 1495/834/380 1481/835/381
f 1481/835/381 1495/834/380 1496/836/382
f 1481/835/381 1496/836/382 1478/837/383
f 1478/837/383 1496/836/382 1476/838/384
f 1476/838/384 1496/836/382 1497/839/385
f 1476/838/384 1497/839/385 1474/840/386
f 1474/840/386 1497/839/385 1498/841/387
f 1474/840/386 1498/841/387 1472/842/388
f 1472/842/388 1498/841/387 1499/843/389
f 1472/842/388 1499/843/389 1470/844/390
f 1470/844/390 1499/843/389 1468/845/391
f 1468/845/391 1499/843/389 1500/846/392
f 1468/845/391 1500/846/392 1466/847/393
f 1466/847/393 1500/846/392 1501/848/394
f 1466/847/393 1501/848/394 1464/849/395
f 1464/849/395 1501/848/394 1502/850/396
f 1464/849/395 1502/850/396 1462/851/397
f 1462/851/397 1502/850/396 1460/852/398
f 1460/852/398 1502/850/396 1503/853/399
f 1460/852/398 1503/853/399 1458/854/400
f 1458/854/400 1503/853/399 1504/855/401
f 1458/854/400 1504/855/401 1456/856/402
f 1456/856/402 1504/855/401 1454/857/403
f 1454/857/403 1504/855/401 1505/858/404
f 1454/857/403 1505/858/404 1452/859/405
f 1452/859/405 1505/858/404 1506/860/406
f 1452/859/405 1506/860/406 1450/861/407
f 1450/861/407 1506/860/406 1448/862/408
f 1448/862/408 1506/860/406 1507/863/409
f 1448/862/408 1507/863/409 1446/864/410
f 1446/864/410 1507/863/409 1508/865/411
f 1446/864/410 1508/865/411 1444/866/412
f 1444/866/412 1508/865/411 1442/867/413
f 1442/867/413 1508/865/411 1509/868/414
f 1442/867/413 1509/868/414 1440/869/415
f 1440/869/415 1509/868/414 1510/870/416
f 1440/869/415 1510/870/416 1438/871/417
f 1438/871/417 1510/870/416 1511/872/418
f 1438/871/417 1511/872/418 1436/873/419
f 1436/873/419 1511/872/418 1434/874/420
f 1434/874/420 1511/872/418 1512/875/421
f 1434/874/420 1512/875/421 1432/876/422
f 1432/876/422 1512/875/421 1513/877/423
f 1432/876/422 1513/877/423 1430/878/424
f 1430/878/424 1513/877/423 1428/879/425
f 1428/879/425 1513/877/423 1514/880/426
f 1428/879/425 1514/880/426 1426/881/427
f 1426/881/427 1514/880/426 1171/882/428
f 1171/882/428 1514/880/426 1424/883/429
f 1171/882/428 1424/883/429 1174/884/428
f 1490/826/372 835/825/371 1491/885/430
f 1491/885/430 835/825/371 833/886/431
f 1491/885/430 833/886/431 1492/887/432
f 1492/887/432 833/886/431 831/888/433
f 1492/887/432 831/888/433 1356/889/434
f 1356/889/434 831/888/433 827/890/435
f 1356/889/434 1364/891/436 1492/887/432
f 1492/887/432 1364/891/436 1366/892/437
f 1492/887/432 1366/892/437 1491/885/430
f 1491/885/430 1366/892/437 1368/893/430
f 1491/885/430 1368/893/430 1490/826/372
f 1490/826/372 1368/893/430 1370/894/438
f 1490/826/372 1370/894/438 1489/828/374
f 1489/828/374 1370/894/438 1372/895/439
f 1489/828/374 1372/895/439 1493/830/376
f 1493/830/376 1372/895/439 1374/896/440
f 1493/830/376 1374/896/440 1494/832/378
f 1494/832/378 1374/896/440 1376/897/441
f 1494/832/378 1376/897/441 1495/834/380
f 1495/834/380 1376/897/441 1378/898/442
f 1495/834/380 1378/898/442 1496/836/382
f 1496/836/382 1378/898/442 1380/899/443
f 1496/836/382 1380/899/443 1382/900/444
f 1496/836/382 1382/900/444 1497/839/385
f 1497/839/385 1382/900/444 1384/901/445
f 1497/839/385 1384/901/445 1498/841/387
f 1498/841/387 1384/901/445 1386/902/389
f 1498/841/387 1386/902/389 1499/843/389
f 1499/843/389 1386/902/389 1388/903/446
f 1499/843/389 1388/903/446 1500/846/392
f 1500/846/392 1388/903/446 1390/904/447
f 1500/846/392 1390/904/447 1501/848/394
f 1501/848/394 1390/904/447 1392/905/448
f 1501/848/394 1392/905/448 1502/850/396
f 1502/850/396 1392/905/448 1394/147/449
f 1502/850/396 1394/147/449 1503/853/399
f 1503/853/399 1394/147/449 1396/906/450
f 1503/853/399 1396/906/450 1398/907/451
f 1503/853/399 1398/907/451 1504/855/401
f 1504/855/401 1398/907/451 1400/908/452
f 1504/855/401 1400/908/452 1505/858/404
f 1505/858/404 1400/908/452 1402/909/453
f 1505/858/404 1402/909/453 1506/860/406
f 1506/860/406 1402/909/453 1404/910/454
f 1506/860/406 1404/910/454 1507/863/409
f 1507/863/409 1404/910/454 1406/911/455
f 1507/863/409 1406/911/455 1408/912/456
f 1507/863/409 1408/912/456 1508/865/411
f 1508/865/411 1408/912/456 1410/913/457
f 1508/865/411 1410/913/457 1509/868/414
f 1509/868/414 1410/913/457 1412/914/458
f 1509/868/414 1412/914/458 1510/870/416
f 1510/870/416 1412/914/458 1414/915/459
f 1510/870/416 1414/915/459 1511/872/418
f 1511/872/418 1414/915/459 1416/916/460
f 1511/872/418 1416/916/460 1418/917/461
f 1511/872/418 1418/917/461 1512/875/421
f 1512/875/421 1418/917/461 1420/918/462
f 1512/875/421 1420/918/462 1513/877/423
f 1513/877/423 1420/918/462 1422/919/463
f 1513/877/423 1422/919/463 1514/880/426
f 1514/880/426 1422/919/463 1424/883/429
f 441/147/2 438/920/2 1575/921/41
f 1575/921/41 438/920/2 1576/922/464
f 1575/921/41 1576/922/464 1573/923/70
f 1573/923/70 1576/922/464 1577/924/465
f 1573/923/70 1577/924/465 1571/925/38
f 1571/925/38 1577/924/465 1578/926/44
f 1571/925/38 1578/926/44 1569/927/9
f 1569/927/9 1578/926/44 1579/928/466
f 1569/927/9 1579/928/466 1567/929/11
f 1567/929/11 1579/928/466 1580/930/467
f 1567/929/11 1580/930/467 1565/931/468
f 1565/931/468 1580/930/467 1581/932/469
f 1565/931/468 1581/932/469 1563/933/16
f 1563/933/16 1581/932/469 1582/934/17
f 1563/933/16 1582/934/17 1560/935/81
f 1560/935/81 1582/934/17 1559/936/470
f 1559/936/470 1582/934/17 1583/937/471
f 1559/936/470 1583/937/471 1557/938/36
f 1557/938/36 1583/937/471 1584/939/36
f 1557/938/36 1584/939/36 1585/940/472
f 1585/940/472 1584/939/36 1534/941/36
f 1585/940/472 1534/941/36 1536/942/22
f 438/920/2 1516/943/41 1576/922/464
f 1576/922/464 1516/943/41 1518/944/57
f 1576/922/464 1518/944/57 1577/924/465
f 1577/924/465 1518/944/57 1520/945/38
f 1577/924/465 1520/945/38 1578/926/44
f 1578/926/44 1520/945/38 1522/946/9
f 1578/926/44 1522/946/9 1579/928/466
f 1579/928/466 1522/946/9 1524/947/60
f 1579/928/466 1524/947/60 1580/930/467
f 1580/930/467 1524/947/60 1526/948/14
f 1580/930/467 1526/948/14 1581/932/469
f 1581/932/469 1526/948/14 1528/949/76
f 1581/932/469 1528/949/76 1582/934/17
f 1582/934/17 1528/949/76 1529/950/17
f 1582/934/17 1529/950/17 1532/951/35
f 1582/934/17 1532/951/35 1583/937/471
f 1583/937/471 1532/951/35 1534/941/36
f 1583/937/471 1534/941/36 1584/939/36
f 1585/940/472 1536/942/22 1586/952/473
f 1586/952/473 1536/942/22 1538/953/37
f 1586/952/473 1538/953/37 1587/954/65
f 1587/954/65 1538/953/37 1540/955/26
f 1587/954/65 1540/955/26 1588/956/238
f 1588/956/238 1540/955/26 1543/957/28
f 1588/956/238 1543/957/28 1589/958/474
f 1589/958/474 1543/957/28 1545/959/32
f 1589/958/474 1545/959/32 1590/960/236
f 1590/960/236 1545/959/32 478/961/31
f 1590/960/236 478/961/31 475/962/31
f 475/962/31 1547/963/32 1590/960/236
f 1590/960/236 1547/963/32 1589/958/474
f 1547/963/32 1549/964/69 1589/958/474
f 1589/958/474 1549/964/69 1588/956/238
f 1549/964/69 1551/965/26 1588/956/238
f 1588/956/238 1551/965/26 1587/954/65
f 1551/965/26 1553/966/24 1587/954/65
f 1587/954/65 1553/966/24 1586/952/473
f 1553/966/24 1555/967/22 1586/952/473
f 1586/952/473 1555/967/22 1585/940/472
f 1555/967/22 1557/938/36 1585/940/472
s 0
f 472/968/294 1172/969/294 474/970/294
f 474/970/294 1172/969/294 1423/971/294
f 474/970/294 1423/971/294 1546/972/294
f 1546/972/294 1423/971/294 1421/973/294
f 1546/972/294 1421/973/294 1548/974/294
f 1548/974/294 1421/973/294 1419/975/294
f 1548/974/294 1419/975/294 1550/976/294
f 1550/976/294 1419/975/294 1417/977/294
f 1550/976/294 1417/977/294 1552/978/294
f 1552/978/294 1417/977/294 1415/979/294
f 1552/978/294 1415/979/294 1554/980/294
f 1554/980/294 1415/979/294 1413/981/294
f 1554/980/294 1413/981/294 1556/982/294
f 1556/982/294 1413/981/294 1411/983/294
f 1556/982/294 1411/983/294 1409/984/294
f 1172/969/294 472/968/294 1215/985/294
f 1215/985/294 472/968/294 470/986/294
f 1215/985/294 470/986/294 1217/987/294
f 1217/987/294 470/986/294 1185/988/294
f 1185/988/294 470/986/294 468/989/294
f 1185/988/294 468/989/294 1188/990/294
f 1188/990/294 468/989/294 1355/991/294
f 1188/990/294 1355/991/294 1348/992/294
f 468/989/294 466/993/294 1355/991/294
f 1355/991/294 466/993/294 464/994/294
f 1355/991/294 464/994/294 1363/995/294
f 1363/995/294 464/994/294 1365/996/294
f 1365/996/294 464/994/294 462/997/294
f 1365/996/294 462/997/294 1367/998/294
f 1367/998/294 462/997/294 459/999/294
f 1367/998/294 459/999/294 1591/1000/294
f 1592/1000/295 460/999/295 457/1001/295
f 1591/1000/294 456/1001/294 1369/1002/294
f 1369/1002/294 456/1001/294 1371/1003/294
f 1371/1003/294 456/1001/294 454/1004/294
f 1371/1003/294 454/1004/294 1373/1005/294
f 1373/1005/294 454/1004/294 452/1006/294
f 1373/1005/294 452/1006/294 1375/1007/294
f 1375/1007/294 452/1006/294 450/1008/294
f 1375/1007/294 450/1008/294 1377/1009/294
f 1377/1009/294 450/1008/294 448/1010/294
f 1377/1009/294 448/1010/294 1379/1011/294
f 1379/1011/294 448/1010/294 1381/1012/294
f 1381/1012/294 448/1010/294 446/1013/294
f 1381/1012/294 446/1013/294 1383/1014/294
f 1383/1014/294 446/1013/294 444/1015/294
f 1383/1014/294 444/1015/294 1385/1016/294
f 1385/1016/294 444/1015/294 442/1017/294
f 1385/1016/294 442/1017/294 1387/1018/294
f 1387/1018/294 442/1017/294 440/1019/294
f 1387/1018/294 440/1019/294 1389/1020/294
f 1389/1020/294 440/1019/294 1574/1021/294
f 1389/1020/294 1574/1021/294 1391/1022/294
f 1391/1022/294 1574/1021/294 1572/1023/294
f 1391/1022/294 1572/1023/294 1393/1024/294
f 1393/1024/294 1572/1023/294 1570/1025/294
f 1393/1024/294 1570/1025/294 1395/1026/294
f 1395/1026/294 1570/1025/294 1568/1027/294
f 1395/1026/294 1568/1027/294 1397/1028/294
f 1397/1028/294 1568/1027/294 1399/1029/294
f 1399/1029/294 1568/1027/294 1566/1030/294
f 1399/1029/294 1566/1030/294 1401/1031/294
f 1401/1031/294 1566/1030/294 1564/1032/294
f 1401/1031/294 1564/1032/294 1403/1033/294
f 1403/1033/294 1564/1032/294 1562/1034/294
f 1403/1033/294 1562/1034/294 1405/1035/294
f 1405/1035/294 1562/1034/294 1561/1036/294
f 1405/1035/294 1561/1036/294 1407/1037/294
f 1407/1037/294 1561/1036/294 1558/1038/294
f 1407/1037/294 1558/1038/294 1409/984/294
f 1409/984/294 1558/1038/294 1556/982/294
f 1145/1039/294 1331/1040/294 1149/1041/294
f 1149/1041/294 1331/1040/294 1329/1042/294
f 1149/1041/294 1329/1042/294 1327/1043/294
f 1149/1041/294 1327/1043/294 1342/1044/294
f 1342/1044/294 1327/1043/294 1176/1045/294
f 1342/1044/294 1176/1045/294 1344/1046/294
f 1344/1046/294 1176/1045/294 1346/1047/294
f 1346/1047/294 1176/1045/294 1188/990/294
f 1346/1047/294 1188/990/294 1348/992/294
f 1215/985/294 1213/1048/294 1172/969/294
f 1172/969/294 1213/1048/294 1211/1049/294
f 1172/969/294 1211/1049/294 1209/1050/294
f 1209/1050/294 1207/1051/294 1172/969/294
f 1172/969/294 1207/1051/294 1205/1052/294
f 1172/969/294 1205/1052/294 1158/1053/294
f 1369/1002/294 1367/998/294 1591/1000/294
s 1
f 353/4/475 350/1054/2 1657/1055/90
f 1657/1055/90 350/1054/2 1658/1056/476
f 1657/1055/90 1658/1056/476 1654/1057/477
f 1654/1057/477 1658/1056/476 1659/1058/478
f 1654/1057/477 1659/1058/478 1651/1059/96
f 1651/1059/96 1659/1058/478 1660/1060/479
f 1651/1059/96 1660/1060/479 1649/1061/98
f 1649/1061/98 1660/1060/479 1661/1062/480
f 1649/1061/98 1661/1062/480 1647/1063/100
f 1647/1063/100 1661/1062/480 1662/1064/481
f 1647/1063/100 1662/1064/481 1645/1065/102
f 1645/1065/102 1662/1064/481 1663/1066/104
f 1645/1065/102 1663/1066/104 1643/1067/121
f 1643/1067/121 1663/1066/104 1664/1068/106
f 1643/1067/121 1664/1068/106 1637/1069/106
f 1637/1069/106 1664/1068/106 1636/1070/134
f 1636/1070/134 1664/1068/106 1665/1071/133
f 1636/1070/134 1665/1071/133 1634/1072/109
f 1634/1072/109 1665/1071/133 1666/1073/109
f 1634/1072/109 1666/1073/109 1667/1074/482
f 1667/1074/482 1666/1073/109 1612/1075/109
f 1667/1074/482 1612/1075/109 1614/1076/111
f 350/1054/2 1594/1077/483 1658/1056/476
f 1658/1056/476 1594/1077/483 1596/1078/94
f 1658/1056/476 1596/1078/94 1659/1058/478
f 1659/1058/478 1596/1078/94 1598/1079/96
f 1659/1058/478 1598/1079/96 1660/1060/479
f 1660/1060/479 1598/1079/96 1600/1080/98
f 1660/1060/479 1600/1080/98 1661/1062/480
f 1661/1062/480 1600/1080/98 1602/1081/100
f 1661/1062/480 1602/1081/100 1662/1064/481
f 1662/1064/481 1602/1081/100 1604/1082/102
f 1662/1064/481 1604/1082/102 1663/1066/104
f 1663/1066/104 1604/1082/102 1606/1083/484
f 1663/1066/104 1606/1083/484 1664/1068/106
f 1664/1068/106 1606/1083/484 1608/1084/106
f 1664/1068/106 1608/1084/106 1610/1085/485
f 1664/1068/106 1610/1085/485 1665/1071/133
f 1665/1071/133 1610/1085/485 1612/1075/109
f 1665/1071/133 1612/1075/109 1666/1073/109
f 1667/1074/482 1614/1076/111 1668/1086/486
f 1668/1086/486 1614/1076/111 1616/1087/113
f 1668/1086/486 1616/1087/113 1669/1088/487
f 1669/1088/487 1616/1087/113 1618/1089/177
f 1669/1088/487 1618/1089/177 1670/1090/488
f 1670/1090/488 1618/1089/177 1620/1091/489
f 1670/1090/488 1620/1091/489 1671/1092/490
f 1671/1092/490 1620/1091/489 1622/1093/119
f 1671/1092/490 1622/1093/119 1672/1094/491
f 1672/1094/491 1622/1093/119 388/1095/31
f 1672/1094/491 388/1095/31 386/1096/31
f 386/1096/31 1624/1097/120 1672/1094/491
f 1672/1094/491 1624/1097/120 1671/1092/490
f 1624/1097/120 1626/1098/489 1671/1092/490
f 1671/1092/490 1626/1098/489 1670/1090/488
f 1626/1098/489 1628/1099/115 1670/1090/488
f 1670/1090/488 1628/1099/115 1669/1088/487
f 1628/1099/115 1630/1100/492 1669/1088/487
f 1669/1088/487 1630/1100/492 1668/1086/486
f 1630/1100/492 1632/1101/111 1668/1086/486
f 1668/1086/486 1632/1101/111 1667/1074/482
f 1632/1101/111 1634/1072/109 1667/1074/482
f 265/4/493 263/1102/493 1737/1103/90
f 1737/1103/90 263/1102/493 1738/1104/476
f 1737/1103/90 1738/1104/476 1735/1105/494
f 1735/1105/494 1738/1104/476 1739/1106/495
f 1735/1105/494 1739/1106/495 1733/1107/96
f 1733/1107/96 1739/1106/495 1740/1108/496
f 1733/1107/96 1740/1108/496 1730/1109/145
f 1730/1109/145 1740/1108/496 1741/1110/480
f 1730/1109/145 1741/1110/480 1728/1111/100
f 1728/1111/100 1741/1110/480 1742/1112/497
f 1728/1111/100 1742/1112/497 1726/1113/102
f 1726/1113/102 1742/1112/497 1743/1114/498
f 1726/1113/102 1743/1114/498 1724/1115/499
f 1724/1115/499 1743/1114/498 1744/1116/106
f 1724/1115/499 1744/1116/106 1719/1117/106
f 1719/1117/106 1744/1116/106 1718/1118/107
f 1718/1118/107 1744/1116/106 1745/1119/133
f 1718/1118/107 1745/1119/133 1716/1120/109
f 1716/1120/109 1745/1119/133 1746/1121/500
f 1716/1120/109 1746/1121/500 1747/1122/501
f 1747/1122/501 1746/1121/500 1693/1123/109
f 1747/1122/501 1693/1123/109 1695/1124/111
f 263/1102/493 1674/1125/90 1738/1104/476
f 1738/1104/476 1674/1125/90 1676/1126/123
f 1738/1104/476 1676/1126/123 1739/1106/495
f 1739/1106/495 1676/1126/123 1678/1127/96
f 1739/1106/495 1678/1127/96 1740/1108/496
f 1740/1108/496 1678/1127/96 1680/1128/98
f 1740/1108/496 1680/1128/98 1741/1110/480
f 1741/1110/480 1680/1128/98 1683/1129/100
f 1741/1110/480 1683/1129/100 1742/1112/497
f 1742/1112/497 1683/1129/100 1685/1130/102
f 1742/1112/497 1685/1130/102 1743/1114/498
f 1743/1114/498 1685/1130/102 1687/1131/484
f 1743/1114/498 1687/1131/484 1744/1116/106
f 1744/1116/106 1687/1131/484 1689/1132/106
f 1744/1116/106 1689/1132/106 1691/1133/502
f 1744/1116/106 1691/1133/502 1745/1119/133
f 1745/1119/133 1691/1133/502 1693/1123/109
f 1745/1119/133 1693/1123/109 1746/1121/500
f 1747/1122/501 1695/1124/111 1748/1134/503
f 1748/1134/503 1695/1124/111 1697/1135/113
f 1748/1134/503 1697/1135/113 1749/1136/487
f 1749/1136/487 1697/1135/113 1700/1137/115
f 1749/1136/487 1700/1137/115 1750/1138/504
f 1750/1138/504 1700/1137/115 1702/1139/125
f 1750/1138/504 1702/1139/125 1751/1140/505
f 1751/1140/505 1702/1139/125 1704/1141/120
f 1751/1140/505 1704/1141/120 1752/1142/491
f 1752/1142/491 1704/1141/120 302/1143/31
f 1752/1142/491 302/1143/31 298/1144/31
f 298/1144/31 1706/1145/119 1752/1142/491
f 1752/1142/491 1706/1145/119 1751/1140/505
f 1706/1145/119 1708/1146/489 1751/1140/505
f 1751/1140/505 1708/1146/489 1750/1138/504
f 1708/1146/489 1710/1147/115 1750/1138/504
f 1750/1138/504 1710/1147/115 1749/1136/487
f 1710/1147/115 1712/1148/492 1749/1136/487
f 1749/1136/487 1712/1148/492 1748/1134/503
f 1712/1148/492 1714/1149/506 1748/1134/503
f 1748/1134/503 1714/1149/506 1747/1122/501
f 1714/1149/506 1716/1120/109 1747/1122/501
f 179/4/475 176/1150/2 1816/1055/90
f 1816/1055/90 176/1150/2 1817/1056/476
f 1816/1055/90 1817/1056/476 1814/1057/123
f 1814/1057/123 1817/1056/476 1818/1058/507
f 1814/1057/123 1818/1058/507 1812/1059/96
f 1812/1059/96 1818/1058/507 1819/1060/97
f 1812/1059/96 1819/1060/97 1810/1061/98
f 1810/1061/98 1819/1060/97 1820/1062/480
f 1810/1061/98 1820/1062/480 1808/1063/100
f 1808/1063/100 1820/1062/480 1821/1064/508
f 1808/1063/100 1821/1064/508 1806/1065/102
f 1806/1065/102 1821/1064/508 1822/1066/509
f 1806/1065/102 1822/1066/509 1804/1067/499
f 1804/1067/499 1822/1066/509 1823/1068/106
f 1804/1067/499 1823/1068/106 1801/1069/106
f 1801/1069/106 1823/1068/106 1800/1070/134
f 1800/1070/134 1823/1068/106 1824/1071/133
f 1800/1070/134 1824/1071/133 1797/1072/500
f 1797/1072/500 1824/1071/133 1825/1073/510
f 1797/1072/500 1825/1073/510 1826/1074/482
f 1826/1074/482 1825/1073/510 1774/1151/109
f 1826/1074/482 1774/1151/109 1776/1152/111
f 176/1150/2 1754/1153/90 1817/1056/476
f 1817/1056/476 1754/1153/90 1757/1154/94
f 1817/1056/476 1757/1154/94 1818/1058/507
f 1818/1058/507 1757/1154/94 1760/1155/96
f 1818/1058/507 1760/1155/96 1819/1060/97
f 1819/1060/97 1760/1155/96 1762/1156/98
f 1819/1060/97 1762/1156/98 1820/1062/480
f 1820/1062/480 1762/1156/98 1764/1157/100
f 1820/1062/480 1764/1157/100 1821/1064/508
f 1821/1064/508 1764/1157/100 1766/1158/102
f 1821/1064/508 1766/1158/102 1822/1066/509
f 1822/1066/509 1766/1158/102 1768/1159/105
f 1822/1066/509 1768/1159/105 1823/1068/106
f 1823/1068/106 1768/1159/105 1770/1160/106
f 1823/1068/106 1770/1160/106 1772/1161/485
f 1823/1068/106 1772/1161/485 1824/1071/133
f 1824/1071/133 1772/1161/485 1774/1151/109
f 1824/1071/133 1774/1151/109 1825/1073/510
f 1826/1074/482 1776/1152/111 1827/1086/486
f 1827/1086/486 1776/1152/111 1778/1162/113
f 1827/1086/486 1778/1162/113 1828/1088/511
f 1828/1088/511 1778/1162/113 1780/1163/115
f 1828/1088/511 1780/1163/115 1829/1090/488
f 1829/1090/488 1780/1163/115 1782/1164/175
f 1829/1090/488 1782/1164/175 1830/1092/512
f 1830/1092/512 1782/1164/175 1784/1165/120
f 1830/1092/512 1784/1165/120 1831/1094/513
f 1831/1094/513 1784/1165/120 214/1166/31
f 1831/1094/513 214/1166/31 212/1096/31
f 212/1096/31 1786/1097/119 1831/1094/513
f 1831/1094/513 1786/1097/119 1830/1092/512
f 1786/1097/119 1788/1098/125 1830/1092/512
f 1830/1092/512 1788/1098/125 1829/1090/488
f 1788/1098/125 1790/1099/115 1829/1090/488
f 1829/1090/488 1790/1099/115 1828/1088/511
f 1790/1099/115 1792/1100/492 1828/1088/511
f 1828/1088/511 1792/1100/492 1827/1086/486
f 1792/1100/492 1794/1101/506 1827/1086/486
f 1827/1086/486 1794/1101/506 1826/1074/482
f 1794/1101/506 1797/1072/500 1826/1074/482
f 93/4/475 90/1167/2 1893/1055/514
f 1893/1055/514 90/1167/2 1894/1056/476
f 1893/1055/514 1894/1056/476 1891/1057/477
f 1891/1057/477 1894/1056/476 1895/1058/515
f 1891/1057/477 1895/1058/515 1889/1059/96
f 1889/1059/96 1895/1058/515 1896/1060/139
f 1889/1059/96 1896/1060/139 1887/1061/122
f 1887/1061/122 1896/1060/139 1897/1062/480
f 1887/1061/122 1897/1062/480 1885/1063/100
f 1885/1063/100 1897/1062/480 1898/1064/508
f 1885/1063/100 1898/1064/508 1883/1065/102
f 1883/1065/102 1898/1064/508 1899/1066/509
f 1883/1065/102 1899/1066/509 1881/1067/499
f 1881/1067/499 1899/1066/509 1900/1068/106
f 1881/1067/499 1900/1068/106 1878/1069/106
f 1878/1069/106 1900/1068/106 1877/1070/134
f 1877/1070/134 1900/1068/106 1901/1071/133
f 1877/1070/134 1901/1071/133 1874/1072/109
f 1874/1072/109 1901/1071/133 1902/1073/510
f 1874/1072/109 1902/1073/510 1903/1074/482
f 1903/1074/482 1902/1073/510 1851/1168/109
f 1903/1074/482 1851/1168/109 1853/1169/111
f 90/1167/2 1833/1170/516 1894/1056/476
f 1894/1056/476 1833/1170/516 1835/1171/123
f 1894/1056/476 1835/1171/123 1895/1058/515
f 1895/1058/515 1835/1171/123 1837/1172/96
f 1895/1058/515 1837/1172/96 1896/1060/139
f 1896/1060/139 1837/1172/96 1839/1173/98
f 1896/1060/139 1839/1173/98 1897/1062/480
f 1897/1062/480 1839/1173/98 1841/1174/100
f 1897/1062/480 1841/1174/100 1898/1064/508
f 1898/1064/508 1841/1174/100 1843/1175/102
f 1898/1064/508 1843/1175/102 1899/1066/509
f 1899/1066/509 1843/1175/102 1845/1176/105
f 1899/1066/509 1845/1176/105 1900/1068/106
f 1900/1068/106 1845/1176/105 1847/1177/106
f 1900/1068/106 1847/1177/106 1849/1178/517
f 1900/1068/106 1849/1178/517 1901/1071/133
f 1901/1071/133 1849/1178/517 1851/1168/109
f 1901/1071/133 1851/1168/109 1902/1073/510
f 1903/1074/482 1853/1169/111 1904/1086/486
f 1904/1086/486 1853/1169/111 1855/1179/113
f 1904/1086/486 1855/1179/113 1905/1088/518
f 1905/1088/518 1855/1179/113 1857/1180/115
f 1905/1088/518 1857/1180/115 1906/1090/519
f 1906/1090/519 1857/1180/115 1859/1181/175
f 1906/1090/519 1859/1181/175 1907/1092/490
f 1907/1092/490 1859/1181/175 1861/1182/119
f 1907/1092/490 1861/1182/119 1908/1094/491
f 1908/1094/491 1861/1182/119 128/1183/31
f 1908/1094/491 128/1183/31 126/1096/31
f 126/1096/31 1863/1097/120 1908/1094/491
f 1908/1094/491 1863/1097/120 1907/1092/490
f 1863/1097/120 1865/1098/117 1907/1092/490
f 1907/1092/490 1865/1098/117 1906/1090/519
f 1865/1098/117 1867/1099/115 1906/1090/519
f 1906/1090/519 1867/1099/115 1905/1088/518
f 1867/1099/115 1869/1100/113 1905/1088/518
f 1905/1088/518 1869/1100/113 1904/1086/486
f 1869/1100/113 1871/1101/111 1904/1086/486
f 1904/1086/486 1871/1101/111 1903/1074/482
f 1871/1101/111 1874/1072/109 1903/1074/482
f 5/4/2 2/1167/2 1970/1055/514
f 1970/1055/514 2/1167/2 1971/1056/476
f 1970/1055/514 1971/1056/476 1968/1057/477
f 1968/1057/477 1971/1056/476 1972/1058/520
f 1968/1057/477 1972/1058/520 1966/1059/96
f 1966/1059/96 1972/1058/520 1973/1060/521
f 1966/1059/96 1973/1060/521 1964/1061/122
f 1964/1061/122 1973/1060/521 1974/1062/480
f 1964/1061/122 1974/1062/480 1962/1063/100
f 1962/1063/100 1974/1062/480 1975/1064/497
f 1962/1063/100 1975/1064/497 1960/1065/102
f 1960/1065/102 1975/1064/497 1976/1066/498
f 1960/1065/102 1976/1066/498 1958/1067/121
f 1958/1067/121 1976/1066/498 1977/1068/106
f 1958/1067/121 1977/1068/106 1955/1069/106
f 1955/1069/106 1977/1068/106 1954/1070/134
f 1954/1070/134 1977/1068/106 1978/1071/133
f 1954/1070/134 1978/1071/133 1952/1072/500
f 1952/1072/500 1978/1071/133 1979/1073/109
f 1952/1072/500 1979/1073/109 1980/1074/482
f 1980/1074/482 1979/1073/109 1930/1184/109
f 1980/1074/482 1930/1184/109 1932/1185/111
f 2/1167/2 1910/1186/483 1971/1056/476
f 1971/1056/476 1910/1186/483 1912/1187/94
f 1971/1056/476 1912/1187/94 1972/1058/520
f 1972/1058/520 1912/1187/94 1914/1188/96
f 1972/1058/520 1914/1188/96 1973/1060/521
f 1973/1060/521 1914/1188/96 1916/1189/98
f 1973/1060/521 1916/1189/98 1974/1062/480
f 1974/1062/480 1916/1189/98 1919/1190/100
f 1974/1062/480 1919/1190/100 1975/1064/497
f 1975/1064/497 1919/1190/100 1922/1191/522
f 1975/1064/497 1922/1191/522 1976/1066/498
f 1976/1066/498 1922/1191/522 1924/1192/523
f 1976/1066/498 1924/1192/523 1977/1068/106
f 1977/1068/106 1924/1192/523 1926/1193/106
f 1977/1068/106 1926/1193/106 1928/1194/524
f 1977/1068/106 1928/1194/524 1978/1071/133
f 1978/1071/133 1928/1194/524 1930/1184/109
f 1978/1071/133 1930/1184/109 1979/1073/109
f 1980/1074/482 1932/1185/111 1981/1086/525
f 1981/1086/525 1932/1185/111 1934/1195/113
f 1981/1086/525 1934/1195/113 1982/1088/511
f 1982/1088/511 1934/1195/113 1936/1196/115
f 1982/1088/511 1936/1196/115 1983/1090/526
f 1983/1090/526 1936/1196/115 1938/1197/125
f 1983/1090/526 1938/1197/125 1984/1092/527
f 1984/1092/527 1938/1197/125 1940/1198/119
f 1984/1092/527 1940/1198/119 1985/1094/528
f 1985/1094/528 1940/1198/119 40/1183/31
f 1985/1094/528 40/1183/31 38/1096/31
f 38/1096/31 1942/1097/529 1985/1094/528
f 1985/1094/528 1942/1097/529 1984/1092/527
f 1942/1097/529 1944/1098/489 1984/1092/527
f 1984/1092/527 1944/1098/489 1983/1090/526
f 1944/1098/489 1946/1099/115 1983/1090/526
f 1983/1090/526 1946/1099/115 1982/1088/511
f 1946/1099/115 1948/1100/113 1982/1088/511
f 1982/1088/511 1948/1100/113 1981/1086/525
f 1948/1100/113 1950/1101/111 1981/1086/525
f 1981/1086/525 1950/1101/111 1980/1074/482
f 1950/1101/111 1952/1072/500 1980/1074/482
s 0
f 836/1199/196 1627/1200/196 840/1201/196
f 840/1201/196 1627/1200/196 1625/1202/196
f 840/1201/196 1625/1202/196 1623/1203/196
f 1486/1204/196 1987/1205/196 836/1199/196
f 836/1199/196 1987/1205/196 1639/1206/196
f 836/1199/196 1639/1206/196 1635/1207/196
f 1484/1208/196 1646/1209/196 1486/1204/196
f 1486/1204/196 1646/1209/196 1644/1210/196
f 1486/1204/196 1644/1210/196 1641/1211/196
f 1482/1212/196 1650/1213/196 1484/1208/196
f 1484/1208/196 1650/1213/196 1648/1214/196
f 1484/1208/196 1648/1214/196 1646/1209/196
f 1650/1213/196 1482/1212/196 1652/1215/196
f 1652/1215/196 1482/1212/196 1479/1216/196
f 1653/1215/344 1480/1216/344 1656/1217/344
f 1655/1217/196 1479/1216/196 352/1218/196
f 352/1218/196 1479/1216/196 1477/1219/196
f 352/1218/196 1477/1219/196 354/1220/196
f 354/1220/196 1477/1219/196 1729/1221/196
f 354/1220/196 1729/1221/196 1727/1222/196
f 1477/1219/196 1475/1223/196 1729/1221/196
f 1729/1221/196 1475/1223/196 1875/1224/196
f 1729/1221/196 1875/1224/196 1731/1225/196
f 1732/1225/344 1876/1224/344 1873/1226/344
f 1731/1225/196 1872/1226/196 1870/1227/196
f 1875/1224/196 1475/1223/196 1879/1228/196
f 1879/1228/196 1475/1223/196 1473/1229/196
f 1879/1228/196 1473/1229/196 1880/1230/196
f 1880/1230/196 1473/1229/196 1471/1231/196
f 1880/1230/196 1471/1231/196 1882/1232/196
f 1882/1232/196 1471/1231/196 1884/1233/196
f 1884/1233/196 1471/1231/196 1469/1234/196
f 1884/1233/196 1469/1234/196 1886/1235/196
f 1886/1235/196 1469/1234/196 1888/1236/196
f 1888/1236/196 1469/1234/196 1467/1237/196
f 1888/1236/196 1467/1237/196 1890/1238/196
f 1890/1238/196 1467/1237/196 1892/1239/196
f 1892/1239/196 1467/1237/196 92/1240/196
f 92/1240/196 1467/1237/196 1465/1241/196
f 92/1240/196 1465/1241/196 94/1242/196
f 94/1242/196 1465/1241/196 96/1243/196
f 96/1243/196 1465/1241/196 1463/1244/196
f 96/1243/196 1463/1244/196 98/1245/196
f 98/1245/196 1463/1244/196 100/1246/196
f 100/1246/196 1463/1244/196 1461/1247/196
f 100/1246/196 1461/1247/196 102/1248/196
f 102/1248/196 1461/1247/196 104/1249/196
f 104/1249/196 1461/1247/196 1459/1250/196
f 104/1249/196 1459/1250/196 106/1251/196
f 106/1251/196 1459/1250/196 109/1252/196
f 109/1252/196 1459/1250/196 1457/1253/196
f 109/1252/196 1457/1253/196 110/1254/196
f 110/1254/196 1457/1253/196 272/1255/196
f 110/1254/196 272/1255/196 270/1256/196
f 1457/1253/196 1455/1257/196 272/1255/196
f 272/1255/196 1455/1257/196 1815/1258/196
f 272/1255/196 1815/1258/196 274/1259/196
f 274/1259/196 1815/1258/196 1813/1260/196
f 274/1259/196 1813/1260/196 1811/1261/196
f 1815/1258/196 1455/1257/196 178/1262/196
f 178/1262/196 1455/1257/196 1453/1263/196
f 178/1262/196 1453/1263/196 180/1264/196
f 180/1264/196 1453/1263/196 1451/1265/196
f 180/1264/196 1451/1265/196 182/1266/196
f 182/1266/196 1451/1265/196 184/1267/196
f 184/1267/196 1451/1265/196 1449/1268/196
f 184/1267/196 1449/1268/196 186/1269/196
f 186/1269/196 1449/1268/196 188/1270/196
f 188/1270/196 1449/1268/196 1447/1271/196
f 188/1270/196 1447/1271/196 190/1272/196
f 190/1272/196 1447/1271/196 1445/1273/196
f 190/1272/196 1445/1273/196 192/1274/196
f 192/1274/196 1445/1273/196 195/1275/196
f 195/1275/196 1445/1273/196 196/1276/196
f 196/1276/196 1445/1273/196 1443/1277/196
f 196/1276/196 1443/1277/196 198/1278/196
f 198/1278/196 1443/1277/196 200/1279/196
f 200/1279/196 1443/1277/196 1441/1280/196
f 200/1279/196 1441/1280/196 202/1281/196
f 202/1281/196 1441/1280/196 204/1282/196
f 204/1282/196 1441/1280/196 1439/1283/196
f 204/1282/196 1439/1283/196 206/1284/196
f 206/1284/196 1439/1283/196 1437/1285/196
f 206/1284/196 1437/1285/196 208/1286/196
f 208/1286/196 1437/1285/196 210/1287/196
f 210/1287/196 1437/1285/196 1435/1288/196
f 210/1287/196 1435/1288/196 1785/1289/196
f 1785/1289/196 1435/1288/196 289/1290/196
f 1785/1289/196 289/1290/196 287/1291/196
f 1435/1288/196 1433/1292/196 289/1290/196
f 289/1290/196 1433/1292/196 18/1293/196
f 289/1290/196 18/1293/196 291/1294/196
f 291/1294/196 18/1293/196 16/1295/196
f 291/1294/196 16/1295/196 14/1296/196
f 18/1293/196 1433/1292/196 21/1297/196
f 21/1297/196 1433/1292/196 1431/1298/196
f 21/1297/196 1431/1298/196 22/1299/196
f 22/1299/196 1431/1298/196 1429/1300/196
f 22/1299/196 1429/1300/196 24/1301/196
f 24/1301/196 1429/1300/196 26/1302/196
f 26/1302/196 1429/1300/196 1427/1303/196
f 26/1302/196 1427/1303/196 28/1304/196
f 28/1304/196 1427/1303/196 30/1305/196
f 30/1305/196 1427/1303/196 1425/1306/196
f 30/1305/196 1425/1306/196 32/1307/196
f 32/1307/196 1425/1306/196 34/1308/196
f 34/1308/196 1425/1306/196 1169/1309/196
f 34/1308/196 1169/1309/196 36/1310/196
f 36/1310/196 1169/1309/196 1941/1311/196
f 1941/1311/196 1169/1309/196 1943/1312/196
f 1943/1312/196 1169/1309/196 1945/1313/196
f 1945/1313/196 1169/1309/196 1947/1314/196
f 1947/1314/196 1169/1309/196 840/1201/196
f 1947/1314/196 840/1201/196 1949/1315/196
f 1949/1315/196 840/1201/196 1951/1316/196
f 1951/1316/196 840/1201/196 1953/1317/196
f 1953/1317/196 840/1201/196 1623/1203/196
f 1953/1317/196 1623/1203/196 384/1318/196
f 291/1294/196 14/1296/196 293/1319/196
f 293/1319/196 14/1296/196 12/1320/196
f 293/1319/196 12/1320/196 10/1321/196
f 293/1319/196 10/1321/196 295/1322/196
f 295/1322/196 10/1321/196 8/1323/196
f 295/1322/196 8/1323/196 6/1324/196
f 295/1322/196 6/1324/196 297/1325/196
f 297/1325/196 6/1324/196 4/1326/196
f 297/1325/196 4/1326/196 1969/1327/196
f 297/1325/196 1969/1327/196 1705/1328/196
f 1705/1328/196 1969/1327/196 1967/1329/196
f 1705/1328/196 1967/1329/196 1965/1330/196
f 1705/1328/196 1965/1330/196 1707/1331/196
f 1707/1331/196 1965/1330/196 1963/1332/196
f 1707/1331/196 1963/1332/196 1961/1333/196
f 1707/1331/196 1961/1333/196 1709/1334/196
f 1709/1334/196 1961/1333/196 1959/1335/196
f 1709/1334/196 1959/1335/196 1957/1336/196
f 1709/1334/196 1957/1336/196 1711/1337/196
f 1711/1337/196 1957/1336/196 1956/1338/196
f 1711/1337/196 1956/1338/196 384/1318/196
f 384/1318/196 1956/1338/196 1953/1317/196
f 1862/1339/196 124/1340/196 264/1341/196
f 264/1341/196 124/1340/196 122/1342/196
f 264/1341/196 122/1342/196 266/1343/196
f 266/1343/196 122/1342/196 120/1344/196
f 266/1343/196 120/1344/196 118/1345/196
f 266/1343/196 118/1345/196 268/1346/196
f 268/1346/196 118/1345/196 116/1347/196
f 268/1346/196 116/1347/196 114/1348/196
f 268/1346/196 114/1348/196 270/1256/196
f 270/1256/196 114/1348/196 112/1349/196
f 270/1256/196 112/1349/196 110/1254/196
f 1731/1225/196 1870/1227/196 1734/1350/196
f 1734/1350/196 1870/1227/196 1868/1351/196
f 1734/1350/196 1868/1351/196 1866/1352/196
f 1734/1350/196 1866/1352/196 1736/1353/196
f 1736/1353/196 1866/1352/196 1864/1354/196
f 1736/1353/196 1864/1354/196 1862/1339/196
f 1736/1353/196 1862/1339/196 264/1341/196
f 274/1259/196 1811/1261/196 276/1355/196
f 276/1355/196 1811/1261/196 1809/1356/196
f 276/1355/196 1809/1356/196 1807/1357/196
f 276/1355/196 1807/1357/196 278/1358/196
f 278/1358/196 1807/1357/196 1805/1359/196
f 278/1358/196 1805/1359/196 1803/1360/196
f 278/1358/196 1803/1360/196 281/1361/196
f 281/1361/196 1803/1360/196 1802/1362/196
f 281/1361/196 1802/1362/196 1798/1363/196
f 281/1361/196 1798/1363/196 282/1364/196
f 283/1364/344 1799/1363/344 1796/1365/344
f 282/1364/196 1795/1365/196 1793/1366/196
f 282/1364/196 1793/1366/196 285/1367/196
f 285/1367/196 1793/1366/196 1791/1368/196
f 285/1367/196 1791/1368/196 1789/1369/196
f 285/1367/196 1789/1369/196 287/1291/196
f 287/1291/196 1789/1369/196 1787/1370/196
f 287/1291/196 1787/1370/196 1785/1289/196
f 1725/1371/196 358/1372/196 1727/1222/196
f 1727/1222/196 358/1372/196 356/1373/196
f 1727/1222/196 356/1373/196 354/1220/196
f 1723/1374/196 362/1375/196 1725/1371/196
f 1725/1371/196 362/1375/196 360/1376/196
f 1725/1371/196 360/1376/196 358/1372/196
f 1720/1377/343 1989/1378/343 1722/1374/343
f 1723/1374/196 1990/1378/196 366/1379/196
f 1723/1374/196 366/1379/196 364/1380/196
f 1717/1381/196 370/1382/196 1721/1377/196
f 1721/1377/196 370/1382/196 369/1383/196
f 1721/1377/196 369/1383/196 1990/1378/196
f 1990/1378/196 369/1383/196 366/1379/196
f 1715/1384/196 374/1385/196 1717/1381/196
f 1717/1381/196 374/1385/196 372/1386/196
f 1717/1381/196 372/1386/196 370/1382/196
f 1713/1387/196 378/1388/196 1715/1384/196
f 1715/1384/196 378/1388/196 376/1389/196
f 1715/1384/196 376/1389/196 374/1385/196
f 1711/1337/196 382/1390/196 1713/1387/196
f 1713/1387/196 382/1390/196 380/1391/196
f 1713/1387/196 380/1391/196 378/1388/196
f 384/1318/196 382/1390/196 1711/1337/196
f 364/1380/196 362/1375/196 1723/1374/196
f 1487/1204/344 1642/1211/344 1988/1205/344
f 1986/1205/343 1640/1211/343 1638/1206/343
f 1635/1207/196 1633/1392/196 836/1199/196
f 836/1199/196 1633/1392/196 1631/1393/196
f 836/1199/196 1631/1393/196 1629/1394/196
f 1629/1394/196 1627/1200/196 836/1199/196
f 1544/972/294 44/1243/294 477/970/294
f 477/970/294 44/1243/294 42/1242/294
f 477/970/294 42/1242/294 39/1240/294
f 1541/974/294 50/1248/294 1544/972/294
f 1544/972/294 50/1248/294 48/1246/294
f 1544/972/294 48/1246/294 46/1245/294
f 1539/976/294 59/1252/294 1541/974/294
f 1541/974/294 59/1252/294 56/1251/294
f 1541/974/294 56/1251/294 53/1249/294
f 1537/978/294 309/1255/294 1539/976/294
f 1539/976/294 309/1255/294 307/1256/294
f 1539/976/294 307/1256/294 60/1254/294
f 60/1254/294 307/1256/294 62/1349/294
f 62/1349/294 307/1256/294 64/1348/294
f 64/1348/294 307/1256/294 305/1346/294
f 64/1348/294 305/1346/294 66/1347/294
f 66/1347/294 305/1346/294 68/1345/294
f 68/1345/294 305/1346/294 303/1343/294
f 68/1345/294 303/1343/294 70/1344/294
f 70/1344/294 303/1343/294 72/1342/294
f 72/1342/294 303/1343/294 300/1341/294
f 72/1342/294 300/1341/294 1/1340/294
f 1/1340/294 300/1341/294 1909/1339/294
f 1909/1339/294 300/1341/294 1703/1353/294
f 1909/1339/294 1703/1353/294 1911/1354/294
f 1911/1354/294 1703/1353/294 1913/1352/294
f 1913/1352/294 1703/1353/294 1701/1350/294
f 1913/1352/294 1701/1350/294 1915/1351/294
f 1915/1351/294 1701/1350/294 1917/1227/294
f 1917/1227/294 1701/1350/294 1698/1225/294
f 1918/1227/295 1699/1225/295 1921/1226/295
f 1920/1226/294 1698/1225/294 1923/1224/294
f 1923/1224/294 1698/1225/294 484/989/294
f 1923/1224/294 484/989/294 1925/1228/294
f 1925/1228/294 484/989/294 482/986/294
f 1925/1228/294 482/986/294 1927/1230/294
f 1927/1230/294 482/986/294 1929/1232/294
f 1929/1232/294 482/986/294 1931/1233/294
f 1931/1233/294 482/986/294 480/968/294
f 1931/1233/294 480/968/294 1933/1235/294
f 1933/1235/294 480/968/294 1935/1236/294
f 1935/1236/294 480/968/294 1937/1238/294
f 1937/1238/294 480/968/294 477/970/294
f 1937/1238/294 477/970/294 1939/1239/294
f 1939/1239/294 477/970/294 39/1240/294
f 309/1255/294 1537/978/294 311/1259/294
f 311/1259/294 1537/978/294 1535/980/294
f 311/1259/294 1535/980/294 1783/1258/294
f 1783/1258/294 1535/980/294 213/1262/294
f 213/1262/294 1535/980/294 1533/982/294
f 213/1262/294 1533/982/294 216/1264/294
f 216/1264/294 1533/982/294 218/1266/294
f 218/1266/294 1533/982/294 220/1267/294
f 220/1267/294 1533/982/294 1531/1038/294
f 220/1267/294 1531/1038/294 222/1269/294
f 222/1269/294 1531/1038/294 224/1270/294
f 224/1270/294 1531/1038/294 226/1272/294
f 226/1272/294 1531/1038/294 1530/1395/294
f 226/1272/294 1530/1395/294 228/1274/294
f 228/1274/294 1530/1395/294 231/1396/294
f 231/1396/294 1530/1395/294 232/1276/294
f 232/1276/294 1530/1395/294 234/1278/294
f 234/1278/294 1530/1395/294 1527/1034/294
f 234/1278/294 1527/1034/294 236/1279/294
f 236/1279/294 1527/1034/294 238/1281/294
f 238/1281/294 1527/1034/294 240/1282/294
f 240/1282/294 1527/1034/294 1525/1032/294
f 240/1282/294 1525/1032/294 242/1284/294
f 242/1284/294 1525/1032/294 244/1286/294
f 244/1286/294 1525/1032/294 175/1287/294
f 175/1287/294 1525/1032/294 1523/1030/294
f 175/1287/294 1523/1030/294 1753/1289/294
f 1753/1289/294 1523/1030/294 323/1291/294
f 1753/1289/294 323/1291/294 1755/1370/294
f 1756/1370/295 324/1291/295 1759/1369/295
f 1758/1369/294 323/1291/294 321/1367/294
f 1758/1369/294 321/1367/294 1761/1368/294
f 1761/1368/294 321/1367/294 1763/1366/294
f 1763/1366/294 321/1367/294 319/1364/294
f 1763/1366/294 319/1364/294 1765/1365/294
f 1765/1365/294 319/1364/294 1767/1363/294
f 1767/1363/294 319/1364/294 318/1397/294
f 1767/1363/294 318/1397/294 1769/1398/294
f 1769/1398/294 318/1397/294 1771/1360/294
f 1771/1360/294 318/1397/294 315/1358/294
f 1771/1360/294 315/1358/294 1773/1359/294
f 1773/1359/294 315/1358/294 1775/1357/294
f 1775/1357/294 315/1358/294 313/1355/294
f 1775/1357/294 313/1355/294 1777/1356/294
f 1777/1356/294 313/1355/294 1779/1261/294
f 1779/1261/294 313/1355/294 311/1259/294
f 1779/1261/294 311/1259/294 1781/1260/294
f 1781/1260/294 311/1259/294 1783/1258/294
f 1523/1030/294 1521/1027/294 323/1291/294
f 323/1291/294 1521/1027/294 326/1290/294
f 326/1290/294 1521/1027/294 1519/1025/294
f 326/1290/294 1519/1025/294 328/1294/294
f 328/1294/294 1519/1025/294 142/1293/294
f 328/1294/294 142/1293/294 140/1295/294
f 142/1293/294 1519/1025/294 145/1297/294
f 145/1297/294 1519/1025/294 1517/1023/294
f 145/1297/294 1517/1023/294 146/1299/294
f 146/1299/294 1517/1023/294 148/1301/294
f 148/1301/294 1517/1023/294 150/1302/294
f 150/1302/294 1517/1023/294 1515/1021/294
f 150/1302/294 1515/1021/294 152/1304/294
f 152/1304/294 1515/1021/294 154/1305/294
f 154/1305/294 1515/1021/294 156/1307/294
f 156/1307/294 1515/1021/294 437/1019/294
f 156/1307/294 437/1019/294 158/1308/294
f 158/1308/294 437/1019/294 89/1310/294
f 89/1310/294 437/1019/294 1832/1311/294
f 1832/1311/294 437/1019/294 1834/1312/294
f 1834/1312/294 437/1019/294 508/1017/294
f 1834/1312/294 508/1017/294 1836/1313/294
f 1836/1313/294 508/1017/294 1838/1314/294
f 1838/1314/294 508/1017/294 1840/1315/294
f 1840/1315/294 508/1017/294 506/1015/294
f 1840/1315/294 506/1015/294 1842/1316/294
f 1842/1316/294 506/1015/294 1844/1317/294
f 1844/1317/294 506/1015/294 1846/1338/294
f 1846/1338/294 506/1015/294 504/1013/294
f 1846/1338/294 504/1013/294 1848/1336/294
f 1848/1336/294 504/1013/294 1677/1334/294
f 1848/1336/294 1677/1334/294 1850/1335/294
f 1850/1335/294 1677/1334/294 1852/1333/294
f 1852/1333/294 1677/1334/294 1675/1331/294
f 1852/1333/294 1675/1331/294 1854/1332/294
f 1854/1332/294 1675/1331/294 1856/1330/294
f 1856/1330/294 1675/1331/294 1673/1328/294
f 1856/1330/294 1673/1328/294 1858/1329/294
f 1858/1329/294 1673/1328/294 1860/1327/294
f 1860/1327/294 1673/1328/294 261/1325/294
f 1860/1327/294 261/1325/294 127/1326/294
f 127/1326/294 261/1325/294 130/1324/294
f 130/1324/294 261/1325/294 332/1322/294
f 130/1324/294 332/1322/294 132/1323/294
f 132/1323/294 332/1322/294 134/1321/294
f 134/1321/294 332/1322/294 330/1319/294
f 134/1321/294 330/1319/294 136/1320/294
f 136/1320/294 330/1319/294 138/1296/294
f 138/1296/294 330/1319/294 328/1294/294
f 138/1296/294 328/1294/294 140/1295/294
f 1677/1334/294 504/1013/294 1679/1337/294
f 1679/1337/294 504/1013/294 502/1010/294
f 1679/1337/294 502/1010/294 1681/1387/294
f 1681/1387/294 502/1010/294 500/1008/294
f 1681/1387/294 500/1008/294 420/1390/294
f 420/1390/294 500/1008/294 349/1318/294
f 349/1318/294 500/1008/294 498/1006/294
f 349/1318/294 498/1006/294 1593/1203/294
f 1593/1203/294 498/1006/294 1595/1202/294
f 1595/1202/294 498/1006/294 1597/1200/294
f 1597/1200/294 498/1006/294 496/1004/294
f 1597/1200/294 496/1004/294 1599/1394/294
f 1599/1394/294 496/1004/294 1601/1393/294
f 1601/1393/294 496/1004/294 1603/1392/294
f 1603/1392/294 496/1004/294 494/1399/294
f 1603/1392/294 494/1399/294 1605/1207/294
f 1605/1207/294 494/1399/294 1607/1400/294
f 1607/1400/294 494/1399/294 1609/1211/294
f 1609/1211/294 494/1399/294 1611/1210/294
f 1611/1210/294 494/1399/294 492/999/294
f 1611/1210/294 492/999/294 1613/1209/294
f 1613/1209/294 492/999/294 1615/1214/294
f 1615/1214/294 492/999/294 1617/1213/294
f 1617/1213/294 492/999/294 490/997/294
f 1617/1213/294 490/997/294 1619/1215/294
f 1619/1215/294 490/997/294 1621/1217/294
f 1621/1217/294 490/997/294 387/1218/294
f 387/1218/294 490/997/294 488/994/294
f 387/1218/294 488/994/294 390/1220/294
f 390/1220/294 488/994/294 1694/1222/294
f 390/1220/294 1694/1222/294 392/1373/294
f 392/1373/294 1694/1222/294 394/1372/294
f 394/1372/294 1694/1222/294 1692/1371/294
f 394/1372/294 1692/1371/294 396/1376/294
f 396/1376/294 1692/1371/294 398/1375/294
f 398/1375/294 1692/1371/294 1690/1374/294
f 398/1375/294 1690/1374/294 400/1380/294
f 400/1380/294 1690/1374/294 402/1379/294
f 402/1379/294 1690/1374/294 1688/1401/294
f 402/1379/294 1688/1401/294 405/1402/294
f 405/1402/294 1688/1401/294 406/1382/294
f 406/1382/294 1688/1401/294 1686/1381/294
f 406/1382/294 1686/1381/294 408/1386/294
f 408/1386/294 1686/1381/294 410/1385/294
f 410/1385/294 1686/1381/294 1684/1384/294
f 410/1385/294 1684/1384/294 412/1389/294
f 412/1389/294 1684/1384/294 414/1388/294
f 414/1388/294 1684/1384/294 1681/1387/294
f 415/1388/294 1682/1387/294 418/1391/294
f 417/1391/296 1681/1387/296 420/1390/296
f 488/994/294 486/993/294 1694/1222/294
f 1694/1222/294 486/993/294 1696/1221/294
f 1696/1221/294 486/993/294 484/989/294
f 1696/1221/294 484/989/294 1698/1225/294
f 60/1254/294 59/1252/294 1539/976/294
f 54/1249/294 51/1248/294 1542/974/294
f 46/1245/294 44/1243/294 1544/972/294
s 1
f 1298/1403/530 1991/1404/531 1303/1405/312
f 1303/1405/312 1991/1404/531 1069/1406/530
f 1303/1405/312 1069/1406/530 1067/1407/312
f 1298/1403/530 1296/1408/532 1991/1404/531
f 1991/1404/531 1296/1408/532 1992/1409/533
f 1991/1404/531 1992/1409/533 1072/1410/534
f 1072/1410/534 1992/1409/533 1075/1411/535
f 1075/1411/535 1992/1409/533 1993/1412/536
f 1075/1411/535 1993/1412/536 1077/1413/537
f 1077/1413/537 1993/1412/536 1994/1414/538
f 1077/1413/537 1994/1414/538 1079/1415/539
f 1079/1415/539 1994/1414/538 1995/1416/540
f 1079/1415/539 1995/1416/540 1081/1417/541
f 1081/1417/541 1995/1416/540 1996/1418/542
f 1081/1417/541 1996/1418/542 1084/1419/543
f 1084/1419/543 1996/1418/542 1997/1420/544
f 1084/1419/543 1997/1420/544 1087/1421/544
f 1087/1421/544 1997/1420/544 1089/1422/545
f 1089/1422/545 1997/1420/544 1998/1423/546
f 1089/1422/545 1998/1423/546 1091/1424/547
f 1091/1424/547 1998/1423/546 1999/1425/548
f 1091/1424/547 1999/1425/548 2000/1426/549
f 2000/1426/549 1999/1425/548 1275/1427/547
f 2000/1426/549 1275/1427/547 1273/1428/550
f 1296/1408/532 1293/1429/551 1992/1409/533
f 1992/1409/533 1293/1429/551 1993/1412/536
f 1293/1429/551 1290/1430/552 1993/1412/536
f 1993/1412/536 1290/1430/552 1994/1414/538
f 1290/1430/552 1287/1431/539 1994/1414/538
f 1994/1414/538 1287/1431/539 1995/1416/540
f 1287/1431/539 1284/1432/553 1995/1416/540
f 1995/1416/540 1284/1432/553 1996/1418/542
f 1284/1432/553 1281/1433/554 1996/1418/542
f 1996/1418/542 1281/1433/554 1997/1420/544
f 1281/1433/554 1279/194/544 1997/1420/544
f 1997/1420/544 1279/194/544 1277/1434/555
f 1997/1420/544 1277/1434/555 1998/1423/546
f 1998/1423/546 1277/1434/555 1275/1427/547
f 1998/1423/546 1275/1427/547 1999/1425/548
f 2000/1426/549 1273/1428/550 2001/1435/556
f 2001/1435/556 1273/1428/550 1271/1436/557
f 2001/1435/556 1271/1436/557 2002/1437/558
f 2002/1437/558 1271/1436/557 1269/1438/559
f 2002/1437/558 1269/1438/559 2003/1439/560
f 2003/1439/560 1269/1438/559 1266/1440/561
f 2003/1439/560 1266/1440/561 2004/1441/562
f 2004/1441/562 1266/1440/561 1263/1442/563
f 2004/1441/562 1263/1442/563 1103/1443/564
f 1103/1443/564 1263/1442/563 1108/1444/565
f 1108/1444/565 1263/1442/563 1261/1445/566
f 1103/1443/564 1101/1446/567 2004/1441/562
f 2004/1441/562 1101/1446/567 2003/1439/560
f 1101/1446/567 1098/1447/568 2003/1439/560
f 2003/1439/560 1098/1447/568 2002/1437/558
f 1098/1447/568 1095/1448/569 2002/1437/558
f 2002/1437/558 1095/1448/569 2001/1435/556
f 1095/1448/569 1093/1449/570 2001/1435/556
f 2001/1435/556 1093/1449/570 2000/1426/549
f 1093/1449/570 1091/1424/547 2000/1426/549
f 1072/1410/534 1069/1406/530 1991/1404/531
s 0
f 1306/1450/571 1302/1451/571 2005/1452/571
f 2005/1452/571 1302/1451/571 1066/1453/571
f 2005/1452/571 1066/1453/571 1062/1454/571
f 1062/1454/571 1306/1450/571 2005/1452/571
s 1
f 1308/1455/572 1058/1456/572 2006/1457/573
f 2006/1457/573 1058/1456/572 1056/1458/573
f 2006/1457/573 1056/1458/573 2007/1459/574
f 2007/1459/574 1056/1458/573 1054/1460/574
f 2007/1459/574 1054/1460/574 2008/1461/575
f 2008/1461/575 1054/1460/574 1052/1462/575
f 2008/1461/575 1052/1462/575 2009/1463/576
f 2009/1463/576 1052/1462/575 1050/1464/576
f 2009/1463/576 1050/1464/576 2010/1465/577
f 2010/1465/577 1050/1464/576 1048/1466/577
f 2010/1465/577 1048/1466/577 2011/1467/578
f 2011/1467/578 1048/1466/577 1046/1468/578
f 2011/1467/578 1046/1468/578 2012/1469/579
f 2012/1469/579 1046/1468/578 1044/1470/580
f 2012/1469/579 1044/1470/580 1041/1471/312
f 1041/1471/312 1325/1472/312 2012/1469/579
f 2012/1469/579 1325/1472/312 1323/1473/581
f 2012/1469/579 1323/1473/581 2011/1467/578
f 2011/1467/578 1323/1473/581 1321/1474/582
f 2011/1467/578 1321/1474/582 2010/1465/577
f 2010/1465/577 1321/1474/582 1319/1475/583
f 2010/1465/577 1319/1475/583 2009/1463/576
f 2009/1463/576 1319/1475/583 1317/1476/576
f 2009/1463/576 1317/1476/576 2008/1461/575
f 2008/1461/575 1317/1476/576 1315/1477/575
f 2008/1461/575 1315/1477/575 2007/1459/574
f 2007/1459/574 1315/1477/575 1313/1478/574
f 2007/1459/574 1313/1478/574 2006/1457/573
f 2006/1457/573 1313/1478/574 1311/1479/584
f 2006/1457/573 1311/1479/584 1308/1455/572
s 0
f 940/1480/571 1326/1481/571 2013/1482/571
f 2013/1482/571 1326/1481/571 1042/1483/571
f 2013/1482/571 1042/1483/571 1039/1484/571
f 1039/1484/571 944/1485/571 2013/1482/571
s 1
f 2014/1482/571 945/1485/571 941/1480/571
s 0
f 1142/1486/303 1138/1487/303 2015/1488/303
f 2015/1488/302 1138/1487/302 1031/1489/302
f 2015/1488/303 1031/1489/303 1029/1490/303
f 1029/1490/302 1142/1486/302 2015/1488/302
s 1
f 923/1491/316 1001/1492/316 925/1493/585
f 925/1493/585 1001/1492/316 2017/1494/586
f 925/1493/585 2017/1494/586 927/1495/587
f 927/1495/587 2017/1494/586 2016/1496/588
f 927/1495/587 2016/1496/588 929/1497/589
f 929/1497/589 2016/1496/588 2018/1498/590
f 929/1497/589 2018/1498/590 933/1499/591
f 933/1499/591 2018/1498/590 1135/1500/591
f 1135/1500/591 2018/1498/590 1137/1501/592
f 1137/1501/592 2018/1498/590 2016/1496/588
f 1137/1501/592 2016/1496/588 991/1502/593
f 991/1502/593 2016/1496/588 2017/1494/586
f 991/1502/593 2017/1494/586 994/1503/594
f 994/1503/594 2017/1494/586 1001/1492/316
f 936/1504/595 931/1505/596 2019/1506/596
s 0
f 2020/1506/597 932/1505/597 1134/1507/597
f 2020/1506/597 1134/1507/597 1131/1508/597
f 1131/1508/597 1234/1509/597 2020/1506/597
f 2020/1506/597 1234/1509/597 937/1504/597
s 1
f 1115/1510/598 1252/1511/598 2021/1512/599
f 2021/1512/599 1252/1511/598 1249/1513/600
f 2021/1512/599 1249/1513/600 2022/1514/601
f 2022/1514/601 1249/1513/600 1247/1515/601
f 2022/1514/601 1247/1515/601 2023/1516/602
f 2023/1516/602 1247/1515/601 1245/1517/602
f 2023/1516/602 1245/1517/602 2024/1420/603
f 2024/1420/603 1245/1517/602 1243/194/603
f 2024/1420/603 1243/194/603 2025/1518/604
f 2025/1518/604 1243/194/603 1241/1519/605
f 2025/1518/604 1241/1519/605 2026/1520/606
f 2026/1520/606 1241/1519/605 1239/1521/607
f 2026/1520/606 1239/1521/607 2027/1522/608
f 2027/1522/608 1239/1521/607 1237/1523/608
f 2027/1522/608 1237/1523/608 1235/1524/609
f 1235/1524/609 1132/1525/609 2027/1522/608
f 2027/1522/608 1132/1525/609 1129/1526/608
f 2027/1522/608 1129/1526/608 2026/1520/606
f 2026/1520/606 1129/1526/608 1127/1527/610
f 2026/1520/606 1127/1527/610 2025/1518/604
f 2025/1518/604 1127/1527/610 1125/1528/605
f 2025/1518/604 1125/1528/605 2024/1420/603
f 2024/1420/603 1125/1528/605 1123/1529/603
f 2024/1420/603 1123/1529/603 2023/1516/602
f 2023/1516/602 1123/1529/603 1121/1530/602
f 2023/1516/602 1121/1530/602 2022/1514/601
f 2022/1514/601 1121/1530/602 1119/1531/601
f 2022/1514/601 1119/1531/601 2021/1512/599
f 2021/1512/599 1119/1531/601 1117/1532/599
f 2021/1512/599 1117/1532/599 1115/1510/598
s 0
f 1061/1533/611 1059/1534/611 2028/1535/611
s 1
f 2028/1535/611 1059/1534/611 1309/1536/611
s 0
f 2028/1535/611 1309/1536/611 1305/1537/611
f 1305/1537/611 1061/1533/611 2028/1535/611
f 1112/1538/565 1107/1539/565 2030/1540/565
f 2030/1540/565 1107/1539/565 1260/1541/565
f 2030/1540/565 1260/1541/565 1256/1542/565
f 1255/1542/612 1111/1538/612 2029/1540/612
f 1254/1543/613 1251/1481/613 2031/1544/613
f 2031/1544/613 1251/1481/613 1114/1483/613
f 2031/1544/613 1114/1483/613 1110/1545/613
f 1110/1545/613 1254/1543/613 2031/1544/613
s 1
f 1181/1546/347 2032/1547/348 976/1548/614
f 976/1548/614 2032/1547/348 1021/1549/615
f 976/1548/614 1021/1549/615 979/1550/616
f 1181/1546/347 1338/1551/348 2032/1547/348
f 2032/1547/348 1338/1551/348 2033/1552/350
f 2032/1547/348 2033/1552/350 1023/1553/350
f 1023/1553/350 2033/1552/350 1025/1554/617
f 1025/1554/617 2033/1552/350 2034/1555/352
f 1025/1554/617 2034/1555/352 1028/1556/354
f 1028/1556/354 2034/1555/352 1144/1557/302
f 1144/1557/302 2034/1555/352 1334/1558/353
f 1334/1558/353 2034/1555/352 1336/1559/351
f 1336/1559/351 2034/1555/352 2033/1552/350
f 1336/1559/351 2033/1552/350 1338/1551/348
f 1023/1553/350 1021/1549/615 2032/1547/348
o leftGripperC4
v -0.012226 -0.010463 -0.135830
v -0.012226 -0.010463 -0.135830
v -0.012260 -0.009670 -0.135930
v -0.012260 -0.009670 -0.135930
v -0.011744 -0.009671 -0.136113
v -0.011744 -0.009671 -0.136113
v -0.011242 -0.009686 -0.136406
v -0.011242 -0.009686 -0.136406
v -0.010789 -0.009717 -0.136806
v -0.010789 -0.009717 -0.136806
v -0.010420 -0.009764 -0.137300
v -0.010420 -0.009764 -0.137300
v -0.010159 -0.009823 -0.137857
v -0.010159 -0.009823 -0.137857
v -0.010021 -0.009890 -0.138442
v -0.010021 -0.009890 -0.138442
v -0.010002 -0.009962 -0.139018
v -0.010002 -0.009962 -0.139018
v -0.010087 -0.010033 -0.139555
v -0.010087 -0.010033 -0.139555
v -0.010268 -0.010106 -0.140067
v -0.010268 -0.010106 -0.140067
v -0.010560 -0.010181 -0.140564
v -0.010560 -0.010181 -0.140564
v -0.010961 -0.010254 -0.141011
v -0.010961 -0.010254 -0.141011
v -0.011456 -0.010321 -0.141376
v -0.011456 -0.010321 -0.141376
v -0.012016 -0.010378 -0.141631
v -0.012016 -0.010378 -0.141631
v -0.012604 -0.010420 -0.141766
v -0.012604 -0.010420 -0.141766
v -0.013184 -0.010447 -0.141782
v -0.013184 -0.010447 -0.141782
v -0.013726 -0.010459 -0.141695
v -0.013726 -0.010459 -0.141695
v -0.013726 -0.010459 -0.141695
v -0.013692 -0.011252 -0.141595
v -0.013692 -0.011252 -0.141595
v -0.013692 -0.011252 -0.141595
v -0.013150 -0.011240 -0.141682
v -0.013150 -0.011240 -0.141682
v -0.012570 -0.011213 -0.141666
v -0.012570 -0.011213 -0.141666
v -0.011982 -0.011171 -0.141531
v -0.011982 -0.011171 -0.141531
v -0.011422 -0.011114 -0.141276
v -0.011422 -0.011114 -0.141276
v -0.010927 -0.011047 -0.140911
v -0.010927 -0.011047 -0.140911
v -0.010526 -0.010974 -0.140464
v -0.010526 -0.010974 -0.140464
v -0.010234 -0.010899 -0.139968
v -0.010234 -0.010899 -0.139968
v -0.010053 -0.010826 -0.139455
v -0.010053 -0.010826 -0.139455
v -0.009968 -0.010755 -0.138918
v -0.009968 -0.010755 -0.138918
v -0.009987 -0.010683 -0.138342
v -0.009987 -0.010683 -0.138342
v -0.010125 -0.010616 -0.137757
v -0.010125 -0.010616 -0.137757
v -0.010386 -0.010557 -0.137200
v -0.010386 -0.010557 -0.137200
v -0.010755 -0.010510 -0.136707
v -0.010755 -0.010510 -0.136707
v -0.010755 -0.010510 -0.136707
v -0.011208 -0.010479 -0.136306
v -0.011208 -0.010479 -0.136306
v -0.011208 -0.010479 -0.136306
v -0.011710 -0.010464 -0.136013
v -0.011710 -0.010464 -0.136013
v -0.011365 -0.010077 -0.136261
v -0.011800 -0.010067 -0.136031
v -0.010958 -0.010099 -0.136572
v -0.010602 -0.010132 -0.136958
v -0.010316 -0.010176 -0.137404
v -0.010115 -0.010228 -0.137890
v -0.010004 -0.010287 -0.138392
v -0.009981 -0.010348 -0.138888
v -0.010070 -0.010430 -0.139505
v -0.010286 -0.010513 -0.140090
v -0.010647 -0.010599 -0.140649
v -0.011146 -0.010681 -0.141130
v -0.011753 -0.010752 -0.141486
v -0.012418 -0.010806 -0.141690
v -0.013086 -0.010840 -0.141736
v -0.014926 -0.010116 -0.138561
v -0.014926 -0.010116 -0.138561
v -0.014926 -0.010116 -0.138561
v -0.014892 -0.010909 -0.138461
v -0.014892 -0.010909 -0.138461
v -0.014892 -0.010909 -0.138461
v -0.014816 -0.010862 -0.138117
v -0.014816 -0.010862 -0.138117
v -0.014667 -0.010812 -0.137773
v -0.014667 -0.010812 -0.137773
v -0.014444 -0.010762 -0.137453
v -0.014444 -0.010762 -0.137453
v -0.014154 -0.010715 -0.137178
v -0.014154 -0.010715 -0.137178
v -0.013814 -0.010675 -0.136969
v -0.013814 -0.010675 -0.136969
v -0.013445 -0.010642 -0.136836
v -0.013445 -0.010642 -0.136836
v -0.013072 -0.010619 -0.136780
v -0.013072 -0.010619 -0.136780
v -0.012717 -0.010605 -0.136794
v -0.012717 -0.010605 -0.136794
v -0.012369 -0.010600 -0.136872
v -0.012369 -0.010600 -0.136872
v -0.012022 -0.010604 -0.137021
v -0.012022 -0.010604 -0.137021
v -0.011698 -0.010618 -0.137244
v -0.011698 -0.010618 -0.137244
v -0.011421 -0.010643 -0.137533
v -0.011421 -0.010643 -0.137533
v -0.011208 -0.010677 -0.137873
v -0.011208 -0.010677 -0.137873
v -0.011072 -0.010717 -0.138240
v -0.011072 -0.010717 -0.138240
v -0.011014 -0.010761 -0.138610
v -0.011014 -0.010761 -0.138610
v -0.011026 -0.010806 -0.138963
v -0.011026 -0.010806 -0.138963
v -0.011026 -0.010806 -0.138963
v -0.011060 -0.010013 -0.139063
v -0.011060 -0.010013 -0.139063
v -0.011060 -0.010013 -0.139063
v -0.011048 -0.009968 -0.138710
v -0.011048 -0.009968 -0.138710
v -0.011106 -0.009924 -0.138340
v -0.011106 -0.009924 -0.138340
v -0.011242 -0.009884 -0.137973
v -0.011242 -0.009884 -0.137973
v -0.011455 -0.009850 -0.137633
v -0.011455 -0.009850 -0.137633
v -0.011732 -0.009825 -0.137344
v -0.011732 -0.009825 -0.137344
v -0.012056 -0.009811 -0.137121
v -0.012056 -0.009811 -0.137121
v -0.012403 -0.009807 -0.136972
v -0.012403 -0.009807 -0.136972
v -0.012751 -0.009812 -0.136894
v -0.012751 -0.009812 -0.136894
v -0.013106 -0.009826 -0.136880
v -0.013106 -0.009826 -0.136880
v -0.013479 -0.009849 -0.136936
v -0.013479 -0.009849 -0.136936
v -0.013848 -0.009882 -0.137069
v -0.013848 -0.009882 -0.137069
v -0.014188 -0.009922 -0.137278
v -0.014188 -0.009922 -0.137278
v -0.014478 -0.009969 -0.137552
v -0.014478 -0.009969 -0.137552
v -0.014701 -0.010019 -0.137873
v -0.014701 -0.010019 -0.137873
v -0.014850 -0.010069 -0.138216
v -0.014850 -0.010069 -0.138216
v -0.014816 -0.010458 -0.138117
v -0.014628 -0.010401 -0.137728
v -0.014345 -0.010345 -0.137378
v -0.013982 -0.010295 -0.137100
v -0.013569 -0.010254 -0.136916
v -0.013142 -0.010225 -0.136834
v -0.012734 -0.010209 -0.136844
v -0.012336 -0.010204 -0.136938
v -0.012039 -0.010208 -0.137071
v -0.011759 -0.010219 -0.137258
v -0.011511 -0.010239 -0.137495
v -0.011307 -0.010265 -0.137772
v -0.011157 -0.010297 -0.138078
v -0.011065 -0.010333 -0.138396
v -0.011029 -0.010371 -0.138712
v -0.014006 -0.009595 -0.138746
v -0.014006 -0.009595 -0.138746
v -0.013950 -0.010884 -0.138584
v -0.013950 -0.010884 -0.138584
v -0.013950 -0.010884 -0.138584
v -0.013956 -0.010907 -0.138765
v -0.013956 -0.010907 -0.138765
v -0.013956 -0.010907 -0.138765
v -0.013926 -0.010929 -0.138955
v -0.013926 -0.010929 -0.138955
v -0.013857 -0.010950 -0.139143
v -0.013857 -0.010950 -0.139143
v -0.013857 -0.010950 -0.139143
v -0.013748 -0.010967 -0.139317
v -0.013748 -0.010967 -0.139317
v -0.013748 -0.010967 -0.139317
v -0.013606 -0.010980 -0.139465
v -0.013606 -0.010980 -0.139465
v -0.013439 -0.010987 -0.139580
v -0.013439 -0.010987 -0.139580
v -0.013262 -0.010989 -0.139656
v -0.013262 -0.010989 -0.139656
v -0.013262 -0.010989 -0.139656
v -0.013083 -0.010987 -0.139696
v -0.013083 -0.010987 -0.139696
v -0.013083 -0.010987 -0.139696
v -0.012901 -0.010980 -0.139703
v -0.012901 -0.010980 -0.139703
v -0.012710 -0.010968 -0.139675
v -0.012710 -0.010968 -0.139675
v -0.012521 -0.010951 -0.139606
v -0.012521 -0.010951 -0.139606
v -0.012346 -0.010930 -0.139499
v -0.012346 -0.010930 -0.139499
v -0.012197 -0.010906 -0.139359
v -0.012197 -0.010906 -0.139359
v -0.012197 -0.010906 -0.139359
v -0.012083 -0.010881 -0.139194
v -0.012083 -0.010881 -0.139194
v -0.012083 -0.010881 -0.139194
v -0.012007 -0.010855 -0.139018
v -0.012007 -0.010855 -0.139018
v -0.011968 -0.010831 -0.138841
v -0.011968 -0.010831 -0.138841
v -0.011968 -0.010831 -0.138841
v -0.012023 -0.009543 -0.139003
v -0.012023 -0.009543 -0.139003
v -0.012023 -0.009543 -0.139003
v -0.012023 -0.009543 -0.139003
v -0.012062 -0.009566 -0.139180
v -0.012062 -0.009566 -0.139180
v -0.012062 -0.009566 -0.139180
v -0.012138 -0.009592 -0.139357
v -0.012138 -0.009592 -0.139357
v -0.012252 -0.009617 -0.139521
v -0.012252 -0.009617 -0.139521
v -0.012401 -0.009642 -0.139661
v -0.012401 -0.009642 -0.139661
v -0.012576 -0.009663 -0.139769
v -0.012576 -0.009663 -0.139769
v -0.012765 -0.009679 -0.139837
v -0.012765 -0.009679 -0.139837
v -0.012956 -0.009691 -0.139865
v -0.012956 -0.009691 -0.139865
v -0.013138 -0.009698 -0.139858
v -0.013138 -0.009698 -0.139858
v -0.013317 -0.009701 -0.139819
v -0.013317 -0.009701 -0.139819
v -0.013495 -0.009699 -0.139742
v -0.013495 -0.009699 -0.139742
v -0.013661 -0.009691 -0.139628
v -0.013661 -0.009691 -0.139628
v -0.013803 -0.009679 -0.139479
v -0.013803 -0.009679 -0.139479
v -0.013912 -0.009661 -0.139305
v -0.013912 -0.009661 -0.139305
v -0.013982 -0.009641 -0.139117
v -0.013982 -0.009641 -0.139117
v -0.014012 -0.009618 -0.138927
v -0.014012 -0.009618 -0.138927
v -0.013967 -0.010279 -0.138981
v -0.013985 -0.010259 -0.138819
v -0.013919 -0.010297 -0.139145
v -0.013842 -0.010314 -0.139301
v -0.013738 -0.010327 -0.139444
v -0.013611 -0.010337 -0.139565
v -0.013467 -0.010343 -0.139661
v -0.013315 -0.010345 -0.139729
v -0.013111 -0.010342 -0.139777
v -0.012901 -0.010334 -0.139783
v -0.012682 -0.010319 -0.139740
v -0.012471 -0.010298 -0.139646
v -0.012285 -0.010272 -0.139503
v -0.012139 -0.010244 -0.139324
v -0.012043 -0.010214 -0.139125
v -0.032283 -0.020531 -0.151278
v -0.032283 -0.020531 -0.151278
v -0.032243 -0.021473 -0.151159
v -0.032243 -0.021473 -0.151159
v -0.032243 -0.021473 -0.151159
v -0.032252 -0.021507 -0.151431
v -0.032252 -0.021507 -0.151431
v -0.032252 -0.021507 -0.151431
v -0.032207 -0.021541 -0.151716
v -0.032207 -0.021541 -0.151716
v -0.032102 -0.021572 -0.151998
v -0.032102 -0.021572 -0.151998
v -0.032102 -0.021572 -0.151998
v -0.031939 -0.021598 -0.152259
v -0.031939 -0.021598 -0.152259
v -0.031939 -0.021598 -0.152259
v -0.031725 -0.021617 -0.152482
v -0.031725 -0.021617 -0.152482
v -0.031476 -0.021628 -0.152653
v -0.031476 -0.021628 -0.152653
v -0.031209 -0.021631 -0.152768
v -0.031209 -0.021631 -0.152768
v -0.030942 -0.021627 -0.152828
v -0.030942 -0.021627 -0.152828
v -0.030668 -0.021617 -0.152839
v -0.030668 -0.021617 -0.152839
v -0.030382 -0.021599 -0.152796
v -0.030382 -0.021599 -0.152796
v -0.030098 -0.021574 -0.152693
v -0.030098 -0.021574 -0.152693
v -0.029836 -0.021543 -0.152532
v -0.029836 -0.021543 -0.152532
v -0.029613 -0.021506 -0.152322
v -0.029613 -0.021506 -0.152322
v -0.029613 -0.021506 -0.152322
v -0.029442 -0.021468 -0.152075
v -0.029442 -0.021468 -0.152075
v -0.029442 -0.021468 -0.152075
v -0.029327 -0.021430 -0.151811
v -0.029327 -0.021430 -0.151811
v -0.029269 -0.021394 -0.151546
v -0.029269 -0.021394 -0.151546
v -0.029269 -0.021394 -0.151546
v -0.029309 -0.020452 -0.151664
v -0.029309 -0.020452 -0.151664
v -0.029309 -0.020452 -0.151664
v -0.029368 -0.020488 -0.151929
v -0.029368 -0.020488 -0.151929
v -0.029482 -0.020526 -0.152194
v -0.029482 -0.020526 -0.152194
v -0.029653 -0.020565 -0.152440
v -0.029653 -0.020565 -0.152440
v -0.029876 -0.020601 -0.152651
v -0.029876 -0.020601 -0.152651
v -0.030138 -0.020632 -0.152812
v -0.030138 -0.020632 -0.152812
v -0.030422 -0.020657 -0.152914
v -0.030422 -0.020657 -0.152914
v -0.030709 -0.020675 -0.152957
v -0.030709 -0.020675 -0.152957
v -0.030982 -0.020685 -0.152947
v -0.030982 -0.020685 -0.152947
v -0.031250 -0.020689 -0.152887
v -0.031250 -0.020689 -0.152887
v -0.031517 -0.020686 -0.152772
v -0.031517 -0.020686 -0.152772
v -0.031766 -0.020675 -0.152601
v -0.031766 -0.020675 -0.152601
v -0.031979 -0.020657 -0.152378
v -0.031979 -0.020657 -0.152378
v -0.032143 -0.020631 -0.152117
v -0.032143 -0.020631 -0.152117
v -0.032247 -0.020600 -0.151835
v -0.032247 -0.020600 -0.151835
v -0.032292 -0.020566 -0.151550
v -0.032292 -0.020566 -0.151550
v -0.032269 -0.021041 -0.151531
v -0.032203 -0.021080 -0.151857
v -0.032059 -0.021113 -0.152173
v -0.031842 -0.021139 -0.152452
v -0.031570 -0.021155 -0.152669
v -0.031268 -0.021160 -0.152815
v -0.030962 -0.021156 -0.152887
v -0.030648 -0.021144 -0.152895
v -0.030402 -0.021128 -0.152855
v -0.030158 -0.021107 -0.152771
v -0.029928 -0.021081 -0.152643
v -0.029723 -0.021051 -0.152477
v -0.029553 -0.021019 -0.152279
v -0.029423 -0.020986 -0.152060
v -0.029336 -0.020954 -0.151832
v -0.032134 -0.024000 -0.150841
v -0.032134 -0.024000 -0.150841
v -0.032049 -0.025983 -0.150591
v -0.032049 -0.025983 -0.150591
v -0.032058 -0.026018 -0.150863
v -0.032058 -0.026018 -0.150863
v -0.032014 -0.026052 -0.151148
v -0.032014 -0.026052 -0.151148
v -0.031909 -0.026083 -0.151430
v -0.031909 -0.026083 -0.151430
v -0.031746 -0.026109 -0.151691
v -0.031746 -0.026109 -0.151691
v -0.031532 -0.026127 -0.151914
v -0.031532 -0.026127 -0.151914
v -0.031283 -0.026138 -0.152086
v -0.031283 -0.026138 -0.152086
v -0.031016 -0.026141 -0.152200
v -0.031016 -0.026141 -0.152200
v -0.030749 -0.026137 -0.152260
v -0.030749 -0.026137 -0.152260
v -0.030749 -0.026137 -0.152260
v -0.030475 -0.026127 -0.152271
v -0.030475 -0.026127 -0.152271
v -0.030475 -0.026127 -0.152271
v -0.030188 -0.026109 -0.152228
v -0.030188 -0.026109 -0.152228
v -0.029905 -0.026084 -0.152125
v -0.029905 -0.026084 -0.152125
v -0.029643 -0.026053 -0.151964
v -0.029643 -0.026053 -0.151964
v -0.029420 -0.026017 -0.151754
v -0.029420 -0.026017 -0.151754
v -0.029248 -0.025978 -0.151507
v -0.029248 -0.025978 -0.151507
v -0.029134 -0.025940 -0.151243
v -0.029134 -0.025940 -0.151243
v -0.029075 -0.025904 -0.150978
v -0.029075 -0.025904 -0.150978
v -0.029075 -0.025904 -0.150978
v -0.029160 -0.023922 -0.151227
v -0.029160 -0.023922 -0.151227
v -0.029160 -0.023922 -0.151227
v -0.029219 -0.023958 -0.151493
v -0.029219 -0.023958 -0.151493
v -0.029333 -0.023996 -0.151757
v -0.029333 -0.023996 -0.151757
v -0.029505 -0.024034 -0.152003
v -0.029505 -0.024034 -0.152003
v -0.029728 -0.024070 -0.152214
v -0.029728 -0.024070 -0.152214
v -0.029990 -0.024102 -0.152375
v -0.029990 -0.024102 -0.152375
v -0.030273 -0.024127 -0.152477
v -0.030273 -0.024127 -0.152477
v -0.030560 -0.024144 -0.152520
v -0.030560 -0.024144 -0.152520
v -0.030834 -0.024155 -0.152510
v -0.030834 -0.024155 -0.152510
v -0.031101 -0.024159 -0.152450
v -0.031101 -0.024159 -0.152450
v -0.031368 -0.024156 -0.152335
v -0.031368 -0.024156 -0.152335
v -0.031617 -0.024145 -0.152164
v -0.031617 -0.024145 -0.152164
v -0.031831 -0.024126 -0.151941
v -0.031831 -0.024126 -0.151941
v -0.031994 -0.024100 -0.151680
v -0.031994 -0.024100 -0.151680
v -0.032099 -0.024069 -0.151398
v -0.032099 -0.024069 -0.151398
v -0.032143 -0.024035 -0.151113
v -0.032143 -0.024035 -0.151113
v -0.032098 -0.025031 -0.151028
v -0.032032 -0.025070 -0.151355
v -0.031888 -0.025103 -0.151671
v -0.031671 -0.025129 -0.151949
v -0.031399 -0.025145 -0.152167
v -0.031097 -0.025150 -0.152312
v -0.030791 -0.025146 -0.152385
v -0.030477 -0.025134 -0.152393
v -0.030231 -0.025118 -0.152352
v -0.029987 -0.025097 -0.152268
v -0.029757 -0.025071 -0.152141
v -0.029552 -0.025041 -0.151974
v -0.029382 -0.025009 -0.151776
v -0.029252 -0.024976 -0.151558
v -0.029165 -0.024944 -0.151330
v -0.011095 -0.008029 -0.139319
v -0.011095 -0.008029 -0.139319
v -0.011032 -0.009516 -0.139132
v -0.011032 -0.009516 -0.139132
v -0.011032 -0.009516 -0.139132
v -0.011032 -0.009516 -0.139132
v -0.011032 -0.009516 -0.139132
v -0.011019 -0.009470 -0.138770
v -0.011019 -0.009470 -0.138770
v -0.011019 -0.009470 -0.138770
v -0.011079 -0.009425 -0.138390
v -0.011079 -0.009425 -0.138390
v -0.011219 -0.009383 -0.138013
v -0.011219 -0.009383 -0.138013
v -0.011436 -0.009349 -0.137665
v -0.011436 -0.009349 -0.137665
v -0.011721 -0.009324 -0.137369
v -0.011721 -0.009324 -0.137369
v -0.012053 -0.009309 -0.137140
v -0.012053 -0.009309 -0.137140
v -0.012409 -0.009305 -0.136987
v -0.012409 -0.009305 -0.136987
v -0.012766 -0.009310 -0.136907
v -0.012766 -0.009310 -0.136907
v -0.013130 -0.009324 -0.136893
v -0.013130 -0.009324 -0.136893
v -0.013513 -0.009348 -0.136950
v -0.013513 -0.009348 -0.136950
v -0.013891 -0.009381 -0.137087
v -0.013891 -0.009381 -0.137087
v -0.014240 -0.009423 -0.137301
v -0.014240 -0.009423 -0.137301
v -0.014240 -0.009423 -0.137301
v -0.014538 -0.009471 -0.137583
v -0.014538 -0.009471 -0.137583
v -0.014766 -0.009522 -0.137911
v -0.014766 -0.009522 -0.137911
v -0.014919 -0.009573 -0.138264
v -0.014919 -0.009573 -0.138264
v -0.014919 -0.009573 -0.138264
v -0.014997 -0.009621 -0.138617
v -0.014997 -0.009621 -0.138617
v -0.014997 -0.009621 -0.138617
v -0.015061 -0.008134 -0.138805
v -0.015061 -0.008134 -0.138805
v -0.015061 -0.008134 -0.138805
v -0.014982 -0.008086 -0.138451
v -0.014982 -0.008086 -0.138451
v -0.014830 -0.008036 -0.138098
v -0.014830 -0.008036 -0.138098
v -0.014601 -0.007984 -0.137770
v -0.014601 -0.007984 -0.137770
v -0.014304 -0.007936 -0.137489
v -0.014304 -0.007936 -0.137489
v -0.013955 -0.007894 -0.137274
v -0.013955 -0.007894 -0.137274
v -0.013577 -0.007861 -0.137138
v -0.013577 -0.007861 -0.137138
v -0.013194 -0.007837 -0.137080
v -0.013194 -0.007837 -0.137080
v -0.012829 -0.007823 -0.137094
v -0.012829 -0.007823 -0.137094
v -0.012473 -0.007818 -0.137174
v -0.012473 -0.007818 -0.137174
v -0.012117 -0.007822 -0.137327
v -0.012117 -0.007822 -0.137327
v -0.011785 -0.007837 -0.137556
v -0.011785 -0.007837 -0.137556
v -0.011500 -0.007862 -0.137853
v -0.011500 -0.007862 -0.137853
v -0.011282 -0.007896 -0.138201
v -0.011282 -0.007896 -0.138201
v -0.011143 -0.007938 -0.138577
v -0.011143 -0.007938 -0.138577
v -0.011083 -0.007983 -0.138957
v -0.011083 -0.007983 -0.138957
v -0.011055 -0.008720 -0.138810
v -0.011143 -0.008669 -0.138375
v -0.011335 -0.008624 -0.137953
v -0.011624 -0.008590 -0.137582
v -0.011987 -0.008569 -0.137291
v -0.012389 -0.008562 -0.137098
v -0.012797 -0.008567 -0.137001
v -0.013216 -0.008584 -0.136990
v -0.013545 -0.008604 -0.137044
v -0.013870 -0.008632 -0.137156
v -0.014177 -0.008667 -0.137326
v -0.014450 -0.008707 -0.137549
v -0.014676 -0.008750 -0.137813
v -0.014849 -0.008794 -0.138104
v -0.014966 -0.008837 -0.138408
v -0.011174 -0.008077 -0.139673
v -0.011174 -0.008077 -0.139673
v -0.011174 -0.008077 -0.139673
v -0.011326 -0.008128 -0.140026
v -0.011326 -0.008128 -0.140026
v -0.011326 -0.008128 -0.140026
v -0.011554 -0.008179 -0.140354
v -0.011554 -0.008179 -0.140354
v -0.011852 -0.008227 -0.140635
v -0.011852 -0.008227 -0.140635
v -0.012201 -0.008269 -0.140850
v -0.012201 -0.008269 -0.140850
v -0.012579 -0.008303 -0.140986
v -0.012579 -0.008303 -0.140986
v -0.012962 -0.008326 -0.141044
v -0.012962 -0.008326 -0.141044
v -0.013327 -0.008340 -0.141030
v -0.013327 -0.008340 -0.141030
v -0.013683 -0.008346 -0.140950
v -0.013683 -0.008346 -0.140950
v -0.014039 -0.008341 -0.140797
v -0.014039 -0.008341 -0.140797
v -0.014371 -0.008327 -0.140568
v -0.014371 -0.008327 -0.140568
v -0.014656 -0.008302 -0.140271
v -0.014656 -0.008302 -0.140271
v -0.014873 -0.008267 -0.139923
v -0.014873 -0.008267 -0.139923
v -0.015013 -0.008226 -0.139547
v -0.015013 -0.008226 -0.139547
v -0.015073 -0.008181 -0.139167
v -0.015073 -0.008181 -0.139167
v -0.015009 -0.009667 -0.138980
v -0.015009 -0.009667 -0.138980
v -0.014949 -0.009713 -0.139360
v -0.014949 -0.009713 -0.139360
v -0.014810 -0.009754 -0.139736
v -0.014810 -0.009754 -0.139736
v -0.014592 -0.009789 -0.140084
v -0.014592 -0.009789 -0.140084
v -0.014307 -0.009814 -0.140381
v -0.014307 -0.009814 -0.140381
v -0.013975 -0.009828 -0.140609
v -0.013975 -0.009828 -0.140609
v -0.013619 -0.009832 -0.140763
v -0.013619 -0.009832 -0.140763
v -0.013263 -0.009827 -0.140842
v -0.013263 -0.009827 -0.140842
v -0.012898 -0.009813 -0.140856
v -0.012898 -0.009813 -0.140856
v -0.012516 -0.009790 -0.140799
v -0.012516 -0.009790 -0.140799
v -0.012137 -0.009756 -0.140662
v -0.012137 -0.009756 -0.140662
v -0.011788 -0.009714 -0.140448
v -0.011788 -0.009714 -0.140448
v -0.011491 -0.009666 -0.140167
v -0.011491 -0.009666 -0.140167
v -0.011262 -0.009615 -0.139838
v -0.011262 -0.009615 -0.139838
v -0.011110 -0.009564 -0.139486
v -0.011110 -0.009564 -0.139486
v -0.011243 -0.008857 -0.139833
v -0.011126 -0.008814 -0.139529
v -0.011416 -0.008901 -0.140124
v -0.011642 -0.008944 -0.140388
v -0.011915 -0.008984 -0.140610
v -0.012222 -0.009018 -0.140780
v -0.012547 -0.009046 -0.140893
v -0.012876 -0.009067 -0.140946
v -0.013295 -0.009084 -0.140936
v -0.013703 -0.009089 -0.140839
v -0.014105 -0.009082 -0.140645
v -0.014468 -0.009061 -0.140355
v -0.014757 -0.009026 -0.139984
v -0.014949 -0.008982 -0.139562
v -0.015037 -0.008931 -0.139127
v -0.012017 -0.009519 -0.138822
v -0.012017 -0.009519 -0.138822
v -0.012017 -0.009519 -0.138822
v -0.012047 -0.009497 -0.138632
v -0.012047 -0.009497 -0.138632
v -0.012047 -0.009497 -0.138632
v -0.012116 -0.009476 -0.138444
v -0.012116 -0.009476 -0.138444
v -0.012225 -0.009459 -0.138270
v -0.012225 -0.009459 -0.138270
v -0.012368 -0.009446 -0.138122
v -0.012368 -0.009446 -0.138122
v -0.012534 -0.009439 -0.138007
v -0.012534 -0.009439 -0.138007
v -0.012712 -0.009437 -0.137931
v -0.012712 -0.009437 -0.137931
v -0.012890 -0.009440 -0.137891
v -0.012890 -0.009440 -0.137891
v -0.013072 -0.009446 -0.137884
v -0.013072 -0.009446 -0.137884
v -0.013263 -0.009458 -0.137913
v -0.013263 -0.009458 -0.137913
v -0.013453 -0.009475 -0.137981
v -0.013453 -0.009475 -0.137981
v -0.013453 -0.009475 -0.137981
v -0.013627 -0.009496 -0.138088
v -0.013627 -0.009496 -0.138088
v -0.013627 -0.009496 -0.138088
v -0.013776 -0.009520 -0.138229
v -0.013776 -0.009520 -0.138229
v -0.013890 -0.009546 -0.138393
v -0.013890 -0.009546 -0.138393
v -0.013890 -0.009546 -0.138393
v -0.013966 -0.009571 -0.138569
v -0.013966 -0.009571 -0.138569
v -0.013966 -0.009571 -0.138569
v -0.031209 -0.024383 -0.154197
v -0.031209 -0.024383 -0.154197
v -0.031209 -0.024383 -0.154197
v -0.031209 -0.024383 -0.154197
v -0.028298 -0.024567 -0.156643
v -0.028298 -0.024567 -0.156643
v -0.028298 -0.024567 -0.156643
v -0.028406 -0.022039 -0.156961
v -0.028406 -0.022039 -0.156961
v -0.028406 -0.022039 -0.156961
v -0.031318 -0.021856 -0.154515
v -0.031318 -0.021856 -0.154515
v -0.031318 -0.021856 -0.154515
v -0.031318 -0.021856 -0.154515
v -0.031318 -0.021856 -0.154515
v -0.029808 -0.023211 -0.155579
v -0.025020 -0.023857 -0.152122
v -0.025020 -0.023857 -0.152122
v -0.025020 -0.023857 -0.152122
v -0.027605 -0.023694 -0.149951
v -0.027605 -0.023694 -0.149951
v -0.027605 -0.023694 -0.149951
v -0.027605 -0.023694 -0.149951
v -0.027605 -0.023694 -0.149951
v -0.027714 -0.021167 -0.150269
v -0.027714 -0.021167 -0.150269
v -0.027714 -0.021167 -0.150269
v -0.027714 -0.021167 -0.150269
v -0.025129 -0.021329 -0.152441
v -0.025129 -0.021329 -0.152441
v -0.025129 -0.021329 -0.152441
v -0.026367 -0.022512 -0.151196
v -0.030085 -0.023539 -0.147871
v -0.030085 -0.023539 -0.147871
v -0.030085 -0.023539 -0.147871
v -0.030085 -0.023539 -0.147871
v -0.030193 -0.021011 -0.148190
v -0.030193 -0.021011 -0.148190
v -0.030193 -0.021011 -0.148190
v -0.030193 -0.021011 -0.148190
v -0.028899 -0.022353 -0.149070
v -0.033127 -0.023805 -0.148955
v -0.033127 -0.023805 -0.148955
v -0.033127 -0.023805 -0.148955
v -0.033127 -0.023805 -0.148955
v -0.033235 -0.021278 -0.149273
v -0.033235 -0.021278 -0.149273
v -0.033235 -0.021278 -0.149273
v -0.031660 -0.022408 -0.148572
v -0.031660 -0.022408 -0.148572
v -0.033689 -0.024228 -0.152117
v -0.033689 -0.024228 -0.152117
v -0.033689 -0.024228 -0.152117
v -0.033797 -0.021700 -0.152436
v -0.033797 -0.021700 -0.152436
v -0.033797 -0.021700 -0.152436
v -0.033797 -0.021700 -0.152436
v -0.033462 -0.022753 -0.150695
v -0.032503 -0.023042 -0.153316
v -0.032184 -0.021437 -0.150894
v -0.032184 -0.021437 -0.150894
v -0.032070 -0.021399 -0.150630
v -0.032070 -0.021399 -0.150630
v -0.031898 -0.021360 -0.150383
v -0.031898 -0.021360 -0.150383
v -0.031675 -0.021324 -0.150172
v -0.031675 -0.021324 -0.150172
v -0.031413 -0.021293 -0.150012
v -0.031413 -0.021293 -0.150012
v -0.031130 -0.021268 -0.149909
v -0.031130 -0.021268 -0.149909
v -0.030843 -0.021250 -0.149866
v -0.030843 -0.021250 -0.149866
v -0.030569 -0.021239 -0.149877
v -0.030569 -0.021239 -0.149877
v -0.030302 -0.021236 -0.149937
v -0.030302 -0.021236 -0.149937
v -0.030035 -0.021239 -0.150051
v -0.030035 -0.021239 -0.150051
v -0.029786 -0.021250 -0.150223
v -0.029786 -0.021250 -0.150223
v -0.029572 -0.021268 -0.150446
v -0.029572 -0.021268 -0.150446
v -0.029409 -0.021294 -0.150707
v -0.029409 -0.021294 -0.150707
v -0.029304 -0.021325 -0.150989
v -0.029304 -0.021325 -0.150989
v -0.029259 -0.021359 -0.151274
v -0.029259 -0.021359 -0.151274
v -0.027338 -0.021773 -0.155209
v -0.027338 -0.021773 -0.155209
v -0.026093 -0.021514 -0.153577
v -0.026093 -0.021514 -0.153577
v -0.026093 -0.021514 -0.153577
v -0.029480 -0.021533 -0.152576
v -0.029480 -0.021533 -0.152576
v -0.029540 -0.021594 -0.153045
v -0.029151 -0.023887 -0.150956
v -0.029151 -0.023887 -0.150956
v -0.029196 -0.023853 -0.150670
v -0.029196 -0.023853 -0.150670
v -0.029301 -0.023822 -0.150388
v -0.029301 -0.023822 -0.150388
v -0.029464 -0.023796 -0.150127
v -0.029464 -0.023796 -0.150127
v -0.029464 -0.023796 -0.150127
v -0.029677 -0.023777 -0.149905
v -0.029677 -0.023777 -0.149905
v -0.029677 -0.023777 -0.149905
v -0.029927 -0.023766 -0.149733
v -0.029927 -0.023766 -0.149733
v -0.030193 -0.023763 -0.149618
v -0.030193 -0.023763 -0.149618
v -0.030461 -0.023767 -0.149558
v -0.030461 -0.023767 -0.149558
v -0.030734 -0.023778 -0.149548
v -0.030734 -0.023778 -0.149548
v -0.031021 -0.023795 -0.149591
v -0.031021 -0.023795 -0.149591
v -0.031305 -0.023820 -0.149693
v -0.031305 -0.023820 -0.149693
v -0.031567 -0.023852 -0.149854
v -0.031567 -0.023852 -0.149854
v -0.031567 -0.023852 -0.149854
v -0.031790 -0.023888 -0.150065
v -0.031790 -0.023888 -0.150065
v -0.031790 -0.023888 -0.150065
v -0.031961 -0.023926 -0.150311
v -0.031961 -0.023926 -0.150311
v -0.032076 -0.023965 -0.150576
v -0.032076 -0.023965 -0.150576
v -0.025985 -0.024041 -0.153259
v -0.025985 -0.024041 -0.153259
v -0.025985 -0.024041 -0.153259
v -0.027230 -0.024300 -0.154891
v -0.027230 -0.024300 -0.154891
v -0.029372 -0.024061 -0.152258
v -0.029431 -0.024122 -0.152726
v -0.025900 -0.026024 -0.153009
v -0.025900 -0.026024 -0.153009
v -0.025900 -0.026024 -0.153009
v -0.027753 -0.026428 -0.155588
v -0.027753 -0.026428 -0.155588
v -0.029167 -0.026847 -0.158431
v -0.029167 -0.026847 -0.158431
v -0.029167 -0.026847 -0.158431
v -0.029401 -0.021395 -0.159117
v -0.029401 -0.021395 -0.159117
v -0.029401 -0.021395 -0.159117
v -0.030497 -0.021923 -0.162939
v -0.030497 -0.021923 -0.162939
v -0.030497 -0.021923 -0.162939
v -0.030922 -0.012010 -0.164187
v -0.030922 -0.012010 -0.164187
v -0.030922 -0.012010 -0.164187
v -0.030302 -0.011669 -0.161691
v -0.030302 -0.011669 -0.161691
v -0.029351 -0.011325 -0.159278
v -0.029351 -0.011325 -0.159278
v -0.028092 -0.010985 -0.157010
v -0.028092 -0.010985 -0.157010
v -0.026558 -0.010659 -0.154944
v -0.026558 -0.010659 -0.154944
v -0.026558 -0.010659 -0.154944
v -0.027763 -0.018668 -0.156043
v -0.029022 -0.019007 -0.158311
v -0.029972 -0.019352 -0.160724
v -0.029066 -0.025870 -0.150706
v -0.029066 -0.025870 -0.150706
v -0.029111 -0.025836 -0.150421
v -0.029111 -0.025836 -0.150421
v -0.029111 -0.025836 -0.150421
v -0.029216 -0.025805 -0.150139
v -0.029216 -0.025805 -0.150139
v -0.029216 -0.025805 -0.150139
v -0.029379 -0.025779 -0.149878
v -0.029379 -0.025779 -0.149878
v -0.029593 -0.025760 -0.149655
v -0.029593 -0.025760 -0.149655
v -0.029842 -0.025749 -0.149483
v -0.029842 -0.025749 -0.149483
v -0.030108 -0.025746 -0.149369
v -0.030108 -0.025746 -0.149369
v -0.030376 -0.025750 -0.149309
v -0.030376 -0.025750 -0.149309
v -0.030650 -0.025760 -0.149298
v -0.030650 -0.025760 -0.149298
v -0.030936 -0.025778 -0.149341
v -0.030936 -0.025778 -0.149341
v -0.031220 -0.025803 -0.149444
v -0.031220 -0.025803 -0.149444
v -0.031482 -0.025834 -0.149604
v -0.031482 -0.025834 -0.149604
v -0.031705 -0.025871 -0.149815
v -0.031705 -0.025871 -0.149815
v -0.031705 -0.025871 -0.149815
v -0.031876 -0.025909 -0.150062
v -0.031876 -0.025909 -0.150062
v -0.031876 -0.025909 -0.150062
v -0.031991 -0.025947 -0.150326
v -0.031991 -0.025947 -0.150326
v -0.031957 -0.024929 -0.150261
v -0.032045 -0.024961 -0.150489
v -0.031828 -0.024896 -0.150042
v -0.031658 -0.024863 -0.149845
v -0.031453 -0.024834 -0.149678
v -0.031223 -0.024808 -0.149550
v -0.030979 -0.024787 -0.149466
v -0.030733 -0.024771 -0.149426
v -0.030418 -0.024759 -0.149434
v -0.030112 -0.024755 -0.149506
v -0.029810 -0.024760 -0.149652
v -0.029538 -0.024776 -0.149870
v -0.029321 -0.024801 -0.150148
v -0.029177 -0.024835 -0.150464
v -0.029112 -0.024873 -0.150790
v -0.032224 -0.020495 -0.151013
v -0.032224 -0.020495 -0.151013
v -0.032110 -0.020457 -0.150748
v -0.032110 -0.020457 -0.150748
v -0.031938 -0.020419 -0.150502
v -0.031938 -0.020419 -0.150502
v -0.031716 -0.020382 -0.150291
v -0.031716 -0.020382 -0.150291
v -0.031454 -0.020351 -0.150130
v -0.031454 -0.020351 -0.150130
v -0.031170 -0.020326 -0.150028
v -0.031170 -0.020326 -0.150028
v -0.030883 -0.020308 -0.149985
v -0.030883 -0.020308 -0.149985
v -0.030609 -0.020298 -0.149995
v -0.030609 -0.020298 -0.149995
v -0.030342 -0.020294 -0.150055
v -0.030342 -0.020294 -0.150055
v -0.030075 -0.020297 -0.150170
v -0.030075 -0.020297 -0.150170
v -0.029826 -0.020308 -0.150342
v -0.029826 -0.020308 -0.150342
v -0.029613 -0.020327 -0.150564
v -0.029613 -0.020327 -0.150564
v -0.029449 -0.020353 -0.150825
v -0.029449 -0.020353 -0.150825
v -0.029345 -0.020384 -0.151107
v -0.029345 -0.020384 -0.151107
v -0.029300 -0.020418 -0.151392
v -0.029300 -0.020418 -0.151392
v -0.032128 -0.020939 -0.150764
v -0.032216 -0.020971 -0.150992
v -0.031999 -0.020906 -0.150545
v -0.031828 -0.020873 -0.150347
v -0.031624 -0.020844 -0.150180
v -0.031394 -0.020818 -0.150053
v -0.031150 -0.020797 -0.149969
v -0.030903 -0.020781 -0.149928
v -0.030589 -0.020769 -0.149936
v -0.030283 -0.020765 -0.150009
v -0.029981 -0.020770 -0.150154
v -0.029709 -0.020786 -0.150372
v -0.029492 -0.020812 -0.150650
v -0.029348 -0.020845 -0.150966
v -0.029283 -0.020884 -0.151293
v -0.030796 -0.020492 -0.151471
v -0.025292 -0.024674 -0.142492
v -0.025292 -0.024674 -0.142492
v -0.025292 -0.024674 -0.142492
v -0.024033 -0.024911 -0.144807
v -0.024033 -0.024911 -0.144807
v -0.022359 -0.025096 -0.146847
v -0.022359 -0.025096 -0.146847
v -0.022359 -0.025096 -0.146847
v -0.022593 -0.019644 -0.147534
v -0.022593 -0.019644 -0.147534
v -0.022593 -0.019644 -0.147534
v -0.024267 -0.019459 -0.145494
v -0.024267 -0.019459 -0.145494
v -0.025526 -0.019222 -0.143179
v -0.025526 -0.019222 -0.143179
v -0.025526 -0.019222 -0.143179
v -0.024150 -0.022185 -0.145150
v -0.037345 -0.026333 -0.151572
v -0.037345 -0.026333 -0.151572
v -0.037345 -0.026333 -0.151572
v -0.037579 -0.020881 -0.152259
v -0.037579 -0.020881 -0.152259
v -0.037579 -0.020881 -0.152259
v -0.033373 -0.023864 -0.155345
v -0.023525 -0.025570 -0.150210
v -0.023525 -0.025570 -0.150210
v -0.023525 -0.025570 -0.150210
v -0.023525 -0.025570 -0.150210
v -0.023006 -0.025455 -0.149472
v -0.023006 -0.025455 -0.149472
v -0.022627 -0.025333 -0.148638
v -0.022627 -0.025333 -0.148638
v -0.022409 -0.025212 -0.147748
v -0.022409 -0.025212 -0.147748
v -0.026018 -0.024671 -0.142228
v -0.026018 -0.024671 -0.142228
v -0.026807 -0.024686 -0.142073
v -0.026807 -0.024686 -0.142073
v -0.027632 -0.024718 -0.142047
v -0.027632 -0.024718 -0.142047
v -0.028461 -0.024767 -0.142159
v -0.028461 -0.024767 -0.142159
v -0.029258 -0.024833 -0.142406
v -0.029258 -0.024833 -0.142406
v -0.029992 -0.024911 -0.142776
v -0.029992 -0.024911 -0.142776
v -0.030638 -0.024998 -0.143248
v -0.030638 -0.024998 -0.143248
v -0.031178 -0.025089 -0.143792
v -0.031178 -0.025089 -0.143792
v -0.031178 -0.025089 -0.143792
v -0.035267 -0.025871 -0.148609
v -0.035267 -0.025871 -0.148609
v -0.035267 -0.025871 -0.148609
v -0.035267 -0.025871 -0.148609
v -0.030095 -0.026122 -0.152361
v -0.030095 -0.026122 -0.152361
v -0.025704 -0.015058 -0.143703
v -0.025704 -0.015058 -0.143703
v -0.025704 -0.015058 -0.143703
v -0.022771 -0.015481 -0.148058
v -0.022771 -0.015481 -0.148058
v -0.022771 -0.015481 -0.148058
v -0.024445 -0.015296 -0.146018
v -0.024445 -0.015296 -0.146018
v -0.024356 -0.017378 -0.145756
v -0.023936 -0.015955 -0.151421
v -0.023936 -0.015955 -0.151421
v -0.023936 -0.015955 -0.151421
v -0.023418 -0.015839 -0.150683
v -0.023418 -0.015839 -0.150683
v -0.023039 -0.015718 -0.149849
v -0.023039 -0.015718 -0.149849
v -0.022821 -0.015597 -0.148959
v -0.022821 -0.015597 -0.148959
v -0.022615 -0.020404 -0.148353
v -0.022833 -0.020526 -0.149244
v -0.023212 -0.020647 -0.150078
v -0.016298 -0.027678 -0.213468
v -0.016298 -0.027678 -0.213468
v -0.016298 -0.027678 -0.213468
v -0.016298 -0.027678 -0.213468
v -0.016298 -0.027678 -0.213468
v -0.016298 -0.027678 -0.213468
v -0.016373 -0.027717 -0.213756
v -0.016373 -0.027717 -0.213756
v -0.016496 -0.027758 -0.214040
v -0.016496 -0.027758 -0.214040
v -0.016496 -0.027758 -0.214040
v -0.016667 -0.027799 -0.214308
v -0.016667 -0.027799 -0.214308
v -0.016667 -0.027799 -0.214308
v -0.016881 -0.027839 -0.214547
v -0.016881 -0.027839 -0.214547
v -0.017132 -0.027875 -0.214749
v -0.017132 -0.027875 -0.214749
v -0.017409 -0.027906 -0.214906
v -0.017409 -0.027906 -0.214906
v -0.017700 -0.027933 -0.215015
v -0.017700 -0.027933 -0.215015
v -0.017700 -0.027933 -0.215015
v -0.017993 -0.027953 -0.215076
v -0.017993 -0.027953 -0.215076
v -0.017993 -0.027953 -0.215076
v -0.018293 -0.027968 -0.215093
v -0.018293 -0.027968 -0.215093
v -0.018603 -0.027977 -0.215063
v -0.018603 -0.027977 -0.215063
v -0.018913 -0.027981 -0.214983
v -0.018913 -0.027981 -0.214983
v -0.019209 -0.027977 -0.214853
v -0.019209 -0.027977 -0.214853
v -0.019481 -0.027966 -0.214677
v -0.019481 -0.027966 -0.214677
v -0.019481 -0.027966 -0.214677
v -0.019719 -0.027950 -0.214463
v -0.019719 -0.027950 -0.214463
v -0.019719 -0.027950 -0.214463
v -0.019914 -0.027928 -0.214221
v -0.019914 -0.027928 -0.214221
v -0.020065 -0.027901 -0.213963
v -0.020065 -0.027901 -0.213963
v -0.020065 -0.027901 -0.213963
v -0.020065 -0.027901 -0.213963
v -0.020065 -0.027901 -0.213963
v -0.020489 -0.017989 -0.215211
v -0.020489 -0.017989 -0.215211
v -0.020489 -0.017989 -0.215211
v -0.020489 -0.017989 -0.215211
v -0.020489 -0.017989 -0.215211
v -0.020339 -0.018015 -0.215470
v -0.020339 -0.018015 -0.215470
v -0.020143 -0.018037 -0.215711
v -0.020143 -0.018037 -0.215711
v -0.020143 -0.018037 -0.215711
v -0.019906 -0.018054 -0.215925
v -0.019906 -0.018054 -0.215925
v -0.019906 -0.018054 -0.215925
v -0.019634 -0.018064 -0.216101
v -0.019634 -0.018064 -0.216101
v -0.019337 -0.018068 -0.216231
v -0.019337 -0.018068 -0.216231
v -0.019028 -0.018065 -0.216311
v -0.019028 -0.018065 -0.216311
v -0.018717 -0.018055 -0.216341
v -0.018717 -0.018055 -0.216341
v -0.018418 -0.018040 -0.216324
v -0.018418 -0.018040 -0.216324
v -0.018418 -0.018040 -0.216324
v -0.018124 -0.018020 -0.216263
v -0.018124 -0.018020 -0.216263
v -0.018124 -0.018020 -0.216263
v -0.017833 -0.017994 -0.216154
v -0.017833 -0.017994 -0.216154
v -0.017833 -0.017994 -0.216154
v -0.017557 -0.017962 -0.215997
v -0.017557 -0.017962 -0.215997
v -0.017557 -0.017962 -0.215997
v -0.017306 -0.017926 -0.215795
v -0.017306 -0.017926 -0.215795
v -0.017091 -0.017887 -0.215556
v -0.017091 -0.017887 -0.215556
v -0.016921 -0.017846 -0.215288
v -0.016921 -0.017846 -0.215288
v -0.016798 -0.017805 -0.215005
v -0.016798 -0.017805 -0.215005
v -0.016723 -0.017765 -0.214716
v -0.016723 -0.017765 -0.214716
v -0.016723 -0.017765 -0.214716
v -0.016723 -0.017765 -0.214716
v -0.016723 -0.017765 -0.214716
v -0.016600 -0.022767 -0.214422
v -0.016752 -0.022814 -0.214743
v -0.016966 -0.022860 -0.215038
v -0.017233 -0.022903 -0.215292
v -0.017540 -0.022942 -0.215490
v -0.017870 -0.022973 -0.215627
v -0.018206 -0.022997 -0.215700
v -0.018549 -0.023013 -0.215716
v -0.018815 -0.023021 -0.215687
v -0.019081 -0.023024 -0.215622
v -0.019339 -0.023022 -0.215519
v -0.019581 -0.023015 -0.215382
v -0.019800 -0.023004 -0.215214
v -0.019991 -0.022987 -0.215021
v -0.020421 -0.027824 -0.213228
v -0.020421 -0.027824 -0.213228
v -0.020421 -0.027824 -0.213228
v -0.020421 -0.027824 -0.213228
v -0.020846 -0.017911 -0.214476
v -0.020846 -0.017911 -0.214476
v -0.020846 -0.017911 -0.214476
v -0.020846 -0.017911 -0.214476
v -0.020455 -0.022906 -0.214219
v -0.020455 -0.022906 -0.214219
v -0.038990 -0.021325 -0.155301
v -0.038990 -0.021325 -0.155301
v -0.039864 -0.021770 -0.158539
v -0.039864 -0.021770 -0.158539
v -0.039864 -0.021770 -0.158539
v -0.043399 -0.024395 -0.178181
v -0.043399 -0.024395 -0.178181
v -0.043399 -0.024395 -0.178181
v -0.043675 -0.024697 -0.180482
v -0.043675 -0.024697 -0.180482
v -0.043675 -0.024995 -0.182851
v -0.043675 -0.024995 -0.182851
v -0.043384 -0.025283 -0.185239
v -0.043384 -0.025283 -0.185239
v -0.042800 -0.025555 -0.187594
v -0.042800 -0.025555 -0.187594
v -0.041931 -0.025803 -0.189862
v -0.041931 -0.025803 -0.189862
v -0.040801 -0.026023 -0.191994
v -0.040801 -0.026023 -0.191994
v -0.039441 -0.026211 -0.193949
v -0.039441 -0.026211 -0.193949
v -0.037894 -0.026365 -0.195693
v -0.037894 -0.026365 -0.195693
v -0.037894 -0.026365 -0.195693
v -0.014748 -0.026527 -0.204853
v -0.014748 -0.026527 -0.204853
v -0.014748 -0.026527 -0.204853
v -0.027145 -0.025491 -0.192413
v -0.027145 -0.025491 -0.192413
v -0.027145 -0.025491 -0.192413
v -0.028692 -0.025338 -0.190668
v -0.028692 -0.025338 -0.190668
v -0.030051 -0.025150 -0.188714
v -0.030051 -0.025150 -0.188714
v -0.031182 -0.024930 -0.186582
v -0.031182 -0.024930 -0.186582
v -0.032051 -0.024681 -0.184314
v -0.032051 -0.024681 -0.184314
v -0.032635 -0.024410 -0.181959
v -0.032635 -0.024410 -0.181959
v -0.032926 -0.024121 -0.179570
v -0.032926 -0.024121 -0.179570
v -0.032926 -0.023823 -0.177201
v -0.032926 -0.023823 -0.177201
v -0.032650 -0.023521 -0.174900
v -0.032650 -0.023521 -0.174900
v -0.032650 -0.023521 -0.174900
v -0.032650 -0.023521 -0.174900
v -0.027570 -0.015578 -0.193661
v -0.027570 -0.015578 -0.193661
v -0.027570 -0.015578 -0.193661
v -0.029117 -0.015425 -0.191916
v -0.029117 -0.015425 -0.191916
v -0.030476 -0.015237 -0.189962
v -0.030476 -0.015237 -0.189962
v -0.031607 -0.015017 -0.187830
v -0.031607 -0.015017 -0.187830
v -0.032475 -0.014768 -0.185562
v -0.032475 -0.014768 -0.185562
v -0.033060 -0.014497 -0.183207
v -0.033060 -0.014497 -0.183207
v -0.033350 -0.014209 -0.180819
v -0.033350 -0.014209 -0.180819
v -0.033350 -0.013910 -0.178449
v -0.033350 -0.013910 -0.178449
v -0.033075 -0.013609 -0.176148
v -0.033075 -0.013609 -0.176148
v -0.033075 -0.013609 -0.176148
v -0.033075 -0.013609 -0.176148
v -0.028905 -0.020381 -0.191292
v -0.030264 -0.020193 -0.189338
v -0.031394 -0.019973 -0.187206
v -0.032263 -0.019725 -0.184938
v -0.032847 -0.019453 -0.182583
v -0.033138 -0.019165 -0.180194
v -0.033138 -0.018867 -0.177825
v -0.031786 -0.017766 -0.169544
v -0.031786 -0.017766 -0.169544
v -0.021427 -0.009678 -0.148898
v -0.021427 -0.009678 -0.148898
v -0.021427 -0.009678 -0.148898
v -0.021180 -0.015428 -0.148174
v -0.021180 -0.015428 -0.148174
v -0.021180 -0.015428 -0.148174
v -0.035925 -0.010507 -0.150544
v -0.035925 -0.010507 -0.150544
v -0.035925 -0.010507 -0.150544
v -0.037458 -0.010832 -0.152611
v -0.037458 -0.010832 -0.152611
v -0.038718 -0.011172 -0.154879
v -0.038718 -0.011172 -0.154879
v -0.039668 -0.011517 -0.157292
v -0.039668 -0.011517 -0.157292
v -0.040288 -0.011857 -0.159788
v -0.040288 -0.011857 -0.159788
v -0.040288 -0.011857 -0.159788
v -0.040288 -0.011857 -0.159788
v -0.039339 -0.019199 -0.156324
v -0.038389 -0.018854 -0.153911
v -0.037129 -0.018515 -0.151643
v -0.043824 -0.014482 -0.179429
v -0.043824 -0.014482 -0.179429
v -0.043824 -0.014482 -0.179429
v -0.043824 -0.014482 -0.179429
v -0.041844 -0.018126 -0.168984
v -0.041844 -0.018126 -0.168984
v -0.044099 -0.014784 -0.181730
v -0.044099 -0.014784 -0.181730
v -0.044100 -0.015082 -0.184099
v -0.044100 -0.015082 -0.184099
v -0.043809 -0.015371 -0.186488
v -0.043809 -0.015371 -0.186488
v -0.043225 -0.015642 -0.188843
v -0.043225 -0.015642 -0.188843
v -0.042356 -0.015891 -0.191111
v -0.042356 -0.015891 -0.191111
v -0.041225 -0.016111 -0.193243
v -0.041225 -0.016111 -0.193243
v -0.039866 -0.016298 -0.195197
v -0.039866 -0.016298 -0.195197
v -0.038319 -0.016452 -0.196942
v -0.038319 -0.016452 -0.196942
v -0.038319 -0.016452 -0.196942
v -0.039654 -0.021255 -0.194573
v -0.041013 -0.021067 -0.192619
v -0.042144 -0.020847 -0.190486
v -0.043012 -0.020598 -0.188218
v -0.043597 -0.020327 -0.185864
v -0.043887 -0.020039 -0.183475
v -0.043887 -0.019740 -0.181106
v -0.031590 -0.015474 -0.145003
v -0.031590 -0.015474 -0.145003
v -0.031590 -0.015474 -0.145003
v -0.025820 -0.014371 -0.138205
v -0.025820 -0.014371 -0.138205
v -0.025820 -0.014371 -0.138205
v -0.025820 -0.014371 -0.138205
v -0.026066 -0.008621 -0.138929
v -0.026066 -0.008621 -0.138929
v -0.026066 -0.008621 -0.138929
v -0.026430 -0.015056 -0.143438
v -0.026430 -0.015056 -0.143438
v -0.027219 -0.015070 -0.143284
v -0.027219 -0.015070 -0.143284
v -0.028044 -0.015102 -0.143258
v -0.028044 -0.015102 -0.143258
v -0.028873 -0.015152 -0.143369
v -0.028873 -0.015152 -0.143369
v -0.029670 -0.015217 -0.143617
v -0.029670 -0.015217 -0.143617
v -0.030404 -0.015295 -0.143987
v -0.030404 -0.015295 -0.143987
v -0.030404 -0.015295 -0.143987
v -0.031050 -0.015382 -0.144459
v -0.031050 -0.015382 -0.144459
v -0.031050 -0.015382 -0.144459
v -0.026224 -0.019864 -0.142833
v -0.027013 -0.019878 -0.142678
v -0.027838 -0.019910 -0.142652
v -0.028667 -0.019960 -0.142764
v -0.029464 -0.020025 -0.143011
v -0.030198 -0.020103 -0.143382
v -0.030844 -0.020190 -0.143853
v -0.015172 -0.016614 -0.206102
v -0.015172 -0.016614 -0.206102
v -0.015172 -0.016614 -0.206102
v -0.015735 -0.022146 -0.209785
v -0.029370 -0.022138 -0.205085
v -0.021159 -0.021052 -0.199257
v -0.019730 -0.009757 -0.150105
v -0.019730 -0.009757 -0.150105
v -0.017777 -0.009794 -0.151061
v -0.017777 -0.009794 -0.151061
v -0.015628 -0.009782 -0.151695
v -0.015628 -0.009782 -0.151695
v -0.013369 -0.009718 -0.151955
v -0.013369 -0.009718 -0.151955
v -0.011101 -0.009604 -0.151820
v -0.011101 -0.009604 -0.151820
v -0.008927 -0.009446 -0.151306
v -0.008927 -0.009446 -0.151306
v -0.006933 -0.009254 -0.150458
v -0.006933 -0.009254 -0.150458
v -0.005184 -0.009039 -0.149346
v -0.005184 -0.009039 -0.149346
v -0.003638 -0.008799 -0.147971
v -0.003638 -0.008799 -0.147971
v -0.002283 -0.008530 -0.146291
v -0.002283 -0.008530 -0.146291
v -0.001203 -0.008239 -0.144350
v -0.001203 -0.008239 -0.144350
v -0.001203 -0.008239 -0.144350
v -0.000468 -0.007939 -0.142218
v -0.000468 -0.007939 -0.142218
v -0.000118 -0.007644 -0.139990
v -0.000118 -0.007644 -0.139990
v -0.000162 -0.007366 -0.137767
v -0.000162 -0.007366 -0.137767
v -0.000572 -0.007116 -0.135646
v -0.000572 -0.007116 -0.135646
v -0.001293 -0.006902 -0.133703
v -0.001293 -0.006902 -0.133703
v -0.002316 -0.006719 -0.131897
v -0.002316 -0.006719 -0.131897
v -0.003679 -0.006564 -0.130210
v -0.003679 -0.006564 -0.130210
v -0.005358 -0.006450 -0.128730
v -0.005358 -0.006450 -0.128730
v -0.007297 -0.006384 -0.127542
v -0.007297 -0.006384 -0.127542
v -0.009413 -0.006369 -0.126707
v -0.009413 -0.006369 -0.126707
v -0.011607 -0.006406 -0.126255
v -0.011607 -0.006406 -0.126255
v -0.013779 -0.006490 -0.126179
v -0.013779 -0.006490 -0.126179
v -0.015842 -0.006611 -0.126445
v -0.015842 -0.006611 -0.126445
v -0.017833 -0.006771 -0.127034
v -0.017833 -0.006771 -0.127034
v -0.019782 -0.006973 -0.127979
v -0.019782 -0.006973 -0.127979
v -0.021592 -0.007214 -0.129277
v -0.021592 -0.007214 -0.129277
v -0.023172 -0.007485 -0.130891
v -0.023172 -0.007485 -0.130891
v -0.024442 -0.007775 -0.132756
v -0.024442 -0.007775 -0.132756
v -0.025353 -0.008069 -0.134782
v -0.025353 -0.008069 -0.134782
v -0.025889 -0.008355 -0.136870
v -0.025889 -0.008355 -0.136870
v -0.025643 -0.014104 -0.136146
v -0.025643 -0.014104 -0.136146
v -0.025107 -0.013818 -0.134058
v -0.025107 -0.013818 -0.134058
v -0.024196 -0.013524 -0.132032
v -0.024196 -0.013524 -0.132032
v -0.022925 -0.013235 -0.130167
v -0.022925 -0.013235 -0.130167
v -0.021346 -0.012964 -0.128553
v -0.021346 -0.012964 -0.128553
v -0.019536 -0.012723 -0.127255
v -0.019536 -0.012723 -0.127255
v -0.017587 -0.012520 -0.126310
v -0.017587 -0.012520 -0.126310
v -0.015595 -0.012361 -0.125721
v -0.015595 -0.012361 -0.125721
v -0.013533 -0.012239 -0.125455
v -0.013533 -0.012239 -0.125455
v -0.011361 -0.012155 -0.125531
v -0.011361 -0.012155 -0.125531
v -0.009167 -0.012118 -0.125983
v -0.009167 -0.012118 -0.125983
v -0.007051 -0.012133 -0.126818
v -0.007051 -0.012133 -0.126818
v -0.005112 -0.012199 -0.128006
v -0.005112 -0.012199 -0.128006
v -0.003433 -0.012314 -0.129486
v -0.003433 -0.012314 -0.129486
v -0.002070 -0.012468 -0.131173
v -0.002070 -0.012468 -0.131173
v -0.001047 -0.012651 -0.132979
v -0.001047 -0.012651 -0.132979
v -0.000326 -0.012865 -0.134922
v -0.000326 -0.012865 -0.134922
v 0.000084 -0.013115 -0.137043
v 0.000084 -0.013115 -0.137043
v 0.000128 -0.013393 -0.139266
v 0.000128 -0.013393 -0.139266
v 0.000128 -0.013393 -0.139266
v -0.000221 -0.013688 -0.141494
v -0.000221 -0.013688 -0.141494
v -0.000957 -0.013988 -0.143626
v -0.000957 -0.013988 -0.143626
v -0.002036 -0.014279 -0.145567
v -0.002036 -0.014279 -0.145567
v -0.003391 -0.014549 -0.147247
v -0.003391 -0.014549 -0.147247
v -0.004938 -0.014788 -0.148622
v -0.004938 -0.014788 -0.148622
v -0.006687 -0.015003 -0.149734
v -0.006687 -0.015003 -0.149734
v -0.008680 -0.015195 -0.150582
v -0.008680 -0.015195 -0.150582
v -0.010855 -0.015353 -0.151096
v -0.010855 -0.015353 -0.151096
v -0.013123 -0.015467 -0.151231
v -0.013123 -0.015467 -0.151231
v -0.015382 -0.015531 -0.150971
v -0.015382 -0.015531 -0.150971
v -0.017531 -0.015544 -0.150337
v -0.017531 -0.015544 -0.150337
v -0.019484 -0.015507 -0.149381
v -0.019484 -0.015507 -0.149381
v -0.017132 -0.012671 -0.150891
v -0.018659 -0.012656 -0.150257
v -0.015505 -0.012657 -0.151333
v -0.013816 -0.012614 -0.151565
v -0.012107 -0.012542 -0.151575
v -0.010422 -0.012443 -0.151364
v -0.008803 -0.012321 -0.150944
v -0.005902 -0.012023 -0.149568
v -0.003515 -0.011674 -0.147609
v -0.002476 -0.011474 -0.146376
v -0.001580 -0.011261 -0.144987
v -0.000861 -0.011039 -0.143469
v -0.000344 -0.010814 -0.141856
v 0.000030 -0.010447 -0.139068
v -0.000201 -0.010111 -0.136326
v -0.000964 -0.009827 -0.133806
v -0.002193 -0.009593 -0.131535
v -0.003948 -0.009406 -0.129455
v -0.006177 -0.009285 -0.127733
v -0.008750 -0.009242 -0.126519
v -0.011484 -0.009281 -0.125893
v -0.014185 -0.009391 -0.125853
v -0.016714 -0.009560 -0.126334
v -0.019181 -0.009794 -0.127347
v -0.021469 -0.010089 -0.128915
v -0.023398 -0.010431 -0.130975
v -0.024821 -0.010797 -0.133393
v -0.025667 -0.011159 -0.135985
v -0.012801 -0.009682 -0.135843
v -0.012801 -0.009682 -0.135843
v -0.013382 -0.009709 -0.135859
v -0.013382 -0.009709 -0.135859
v -0.013970 -0.009751 -0.135993
v -0.013970 -0.009751 -0.135993
v -0.014530 -0.009807 -0.136249
v -0.014530 -0.009807 -0.136249
v -0.015025 -0.009875 -0.136613
v -0.015025 -0.009875 -0.136613
v -0.015426 -0.009948 -0.137061
v -0.015426 -0.009948 -0.137061
v -0.015718 -0.010023 -0.137557
v -0.015718 -0.010023 -0.137557
v -0.015899 -0.010095 -0.138069
v -0.015899 -0.010095 -0.138069
v -0.015984 -0.010167 -0.138606
v -0.015984 -0.010167 -0.138606
v -0.015965 -0.010238 -0.139182
v -0.015965 -0.010238 -0.139182
v -0.015826 -0.010306 -0.139768
v -0.015826 -0.010306 -0.139768
v -0.015566 -0.010365 -0.140325
v -0.015566 -0.010365 -0.140325
v -0.015197 -0.010411 -0.140818
v -0.015197 -0.010411 -0.140818
v -0.014744 -0.010442 -0.141219
v -0.014744 -0.010442 -0.141219
v -0.014242 -0.010458 -0.141511
v -0.014242 -0.010458 -0.141511
v -0.011136 -0.010060 -0.139408
v -0.011136 -0.010060 -0.139408
v -0.011285 -0.010110 -0.139752
v -0.011285 -0.010110 -0.139752
v -0.011508 -0.010159 -0.140072
v -0.011508 -0.010159 -0.140072
v -0.011797 -0.010206 -0.140346
v -0.011797 -0.010206 -0.140346
v -0.012138 -0.010247 -0.140555
v -0.012138 -0.010247 -0.140555
v -0.012507 -0.010280 -0.140688
v -0.012507 -0.010280 -0.140688
v -0.012880 -0.010303 -0.140744
v -0.012880 -0.010303 -0.140744
v -0.013235 -0.010316 -0.140731
v -0.013235 -0.010316 -0.140731
v -0.013583 -0.010321 -0.140653
v -0.013583 -0.010321 -0.140653
v -0.013930 -0.010318 -0.140504
v -0.013930 -0.010318 -0.140504
v -0.014254 -0.010303 -0.140281
v -0.014254 -0.010303 -0.140281
v -0.014531 -0.010279 -0.139991
v -0.014531 -0.010279 -0.139991
v -0.014744 -0.010245 -0.139652
v -0.014744 -0.010245 -0.139652
v -0.014880 -0.010205 -0.139285
v -0.014880 -0.010205 -0.139285
v -0.014938 -0.010161 -0.138915
v -0.014938 -0.010161 -0.138915
v -0.011962 -0.010808 -0.138660
v -0.011962 -0.010808 -0.138660
v -0.011991 -0.010785 -0.138470
v -0.011991 -0.010785 -0.138470
v -0.012061 -0.010765 -0.138282
v -0.012061 -0.010765 -0.138282
v -0.012170 -0.010747 -0.138108
v -0.012170 -0.010747 -0.138108
v -0.012312 -0.010735 -0.137959
v -0.012312 -0.010735 -0.137959
v -0.012478 -0.010728 -0.137845
v -0.012478 -0.010728 -0.137845
v -0.012656 -0.010726 -0.137768
v -0.012656 -0.010726 -0.137768
v -0.012835 -0.010728 -0.137729
v -0.012835 -0.010728 -0.137729
v -0.013017 -0.010735 -0.137722
v -0.013017 -0.010735 -0.137722
v -0.013208 -0.010747 -0.137750
v -0.013208 -0.010747 -0.137750
v -0.013397 -0.010764 -0.137819
v -0.013397 -0.010764 -0.137819
v -0.013572 -0.010785 -0.137926
v -0.013572 -0.010785 -0.137926
v -0.013721 -0.010809 -0.138066
v -0.013721 -0.010809 -0.138066
v -0.013835 -0.010834 -0.138231
v -0.013835 -0.010834 -0.138231
v -0.013911 -0.010860 -0.138407
v -0.013911 -0.010860 -0.138407
v -0.013930 -0.010212 -0.138463
v -0.013834 -0.010183 -0.138263
v -0.013688 -0.010154 -0.138084
v -0.013502 -0.010128 -0.137941
v -0.013291 -0.010107 -0.137847
v -0.013072 -0.010092 -0.137805
v -0.012862 -0.010084 -0.137810
v -0.012658 -0.010081 -0.137858
v -0.012506 -0.010083 -0.137926
v -0.012363 -0.010089 -0.138022
v -0.012235 -0.010099 -0.138143
v -0.012131 -0.010112 -0.138286
v -0.012054 -0.010129 -0.138443
v -0.012007 -0.010147 -0.138606
v -0.011988 -0.010167 -0.138768
v -0.011102 -0.010853 -0.139308
v -0.011102 -0.010853 -0.139308
v -0.011251 -0.010903 -0.139652
v -0.011251 -0.010903 -0.139652
v -0.011251 -0.010903 -0.139652
v -0.011474 -0.010952 -0.139972
v -0.011474 -0.010952 -0.139972
v -0.011763 -0.010999 -0.140246
v -0.011763 -0.010999 -0.140246
v -0.012104 -0.011040 -0.140455
v -0.012104 -0.011040 -0.140455
v -0.012473 -0.011073 -0.140589
v -0.012473 -0.011073 -0.140589
v -0.012846 -0.011096 -0.140644
v -0.012846 -0.011096 -0.140644
v -0.013201 -0.011109 -0.140631
v -0.013201 -0.011109 -0.140631
v -0.013201 -0.011109 -0.140631
v -0.013549 -0.011114 -0.140553
v -0.013549 -0.011114 -0.140553
v -0.013896 -0.011111 -0.140404
v -0.013896 -0.011111 -0.140404
v -0.014220 -0.011096 -0.140181
v -0.014220 -0.011096 -0.140181
v -0.014497 -0.011072 -0.139891
v -0.014497 -0.011072 -0.139891
v -0.014710 -0.011038 -0.139552
v -0.014710 -0.011038 -0.139552
v -0.014710 -0.011038 -0.139552
v -0.014846 -0.010998 -0.139185
v -0.014846 -0.010998 -0.139185
v -0.014904 -0.010954 -0.138815
v -0.014904 -0.010954 -0.138815
v -0.014887 -0.010589 -0.139129
v -0.014923 -0.010551 -0.138813
v -0.014795 -0.010625 -0.139447
v -0.014645 -0.010657 -0.139752
v -0.014441 -0.010683 -0.140030
v -0.014193 -0.010702 -0.140267
v -0.013913 -0.010714 -0.140454
v -0.013616 -0.010718 -0.140586
v -0.013218 -0.010713 -0.140681
v -0.012810 -0.010697 -0.140691
v -0.012383 -0.010668 -0.140608
v -0.011970 -0.010627 -0.140425
v -0.011607 -0.010577 -0.140147
v -0.011324 -0.010520 -0.139797
v -0.011136 -0.010463 -0.139408
v -0.014208 -0.011251 -0.141411
v -0.014208 -0.011251 -0.141411
v -0.014208 -0.011251 -0.141411
v -0.014710 -0.011235 -0.141119
v -0.014710 -0.011235 -0.141119
v -0.014710 -0.011235 -0.141119
v -0.015163 -0.011204 -0.140718
v -0.015163 -0.011204 -0.140718
v -0.015532 -0.011158 -0.140225
v -0.015532 -0.011158 -0.140225
v -0.015792 -0.011099 -0.139668
v -0.015792 -0.011099 -0.139668
v -0.015931 -0.011031 -0.139083
v -0.015931 -0.011031 -0.139083
v -0.015950 -0.010960 -0.138506
v -0.015950 -0.010960 -0.138506
v -0.015865 -0.010888 -0.137969
v -0.015865 -0.010888 -0.137969
v -0.015684 -0.010816 -0.137457
v -0.015684 -0.010816 -0.137457
v -0.015684 -0.010816 -0.137457
v -0.015392 -0.010741 -0.136961
v -0.015392 -0.010741 -0.136961
v -0.015392 -0.010741 -0.136961
v -0.014991 -0.010668 -0.136513
v -0.014991 -0.010668 -0.136513
v -0.014496 -0.010600 -0.136149
v -0.014496 -0.010600 -0.136149
v -0.013936 -0.010544 -0.135893
v -0.013936 -0.010544 -0.135893
v -0.013348 -0.010502 -0.135759
v -0.013348 -0.010502 -0.135759
v -0.012767 -0.010475 -0.135743
v -0.012767 -0.010475 -0.135743
v -0.010174 -0.010469 -0.136578
v -0.010174 -0.010469 -0.136578
v -0.010174 -0.010469 -0.136578
v -0.010174 -0.010469 -0.136578
v -0.009623 -0.009496 -0.129036
v -0.009623 -0.009496 -0.129036
v -0.009623 -0.009496 -0.129036
v -0.009629 -0.009450 -0.128666
v -0.009629 -0.009450 -0.128666
v -0.009707 -0.009405 -0.128283
v -0.009707 -0.009405 -0.128283
v -0.009707 -0.009405 -0.128283
v -0.009863 -0.009364 -0.127907
v -0.009863 -0.009364 -0.127907
v -0.010093 -0.009330 -0.127562
v -0.010093 -0.009330 -0.127562
v -0.010093 -0.009330 -0.127562
v -0.010093 -0.009330 -0.127562
v -0.010388 -0.009306 -0.127268
v -0.010388 -0.009306 -0.127268
v -0.010728 -0.009292 -0.127042
v -0.010728 -0.009292 -0.127042
v -0.010728 -0.009292 -0.127042
v -0.011091 -0.009288 -0.126889
v -0.011091 -0.009288 -0.126889
v -0.011091 -0.009288 -0.126889
v -0.011455 -0.009294 -0.126809
v -0.011455 -0.009294 -0.126809
v -0.011827 -0.009308 -0.126793
v -0.011827 -0.009308 -0.126793
v -0.012216 -0.009332 -0.126848
v -0.012216 -0.009332 -0.126848
v -0.012601 -0.009365 -0.126981
v -0.012601 -0.009365 -0.126981
v -0.012959 -0.009406 -0.127190
v -0.012959 -0.009406 -0.127190
v -0.013269 -0.009454 -0.127465
v -0.013269 -0.009454 -0.127465
v -0.013513 -0.009506 -0.127789
v -0.013513 -0.009506 -0.127789
v -0.013683 -0.009557 -0.128140
v -0.013683 -0.009557 -0.128140
v -0.013781 -0.009606 -0.128496
v -0.013781 -0.009606 -0.128496
v -0.013781 -0.009606 -0.128496
v -0.015123 -0.010600 -0.135935
v -0.015123 -0.010600 -0.135935
v -0.015123 -0.010600 -0.135935
v -0.015123 -0.010600 -0.135935
v -0.022721 -0.010852 -0.135348
v -0.022721 -0.010852 -0.135348
v -0.022721 -0.010852 -0.135348
v -0.023093 -0.010868 -0.135352
v -0.023093 -0.010868 -0.135352
v -0.023478 -0.010894 -0.135427
v -0.023478 -0.010894 -0.135427
v -0.023478 -0.010894 -0.135427
v -0.023856 -0.010930 -0.135580
v -0.023856 -0.010930 -0.135580
v -0.024203 -0.010973 -0.135807
v -0.024203 -0.010973 -0.135807
v -0.024203 -0.010973 -0.135807
v -0.024203 -0.010973 -0.135807
v -0.024497 -0.011022 -0.136098
v -0.024497 -0.011022 -0.136098
v -0.024723 -0.011075 -0.136435
v -0.024723 -0.011075 -0.136435
v -0.024723 -0.011075 -0.136435
v -0.024875 -0.011126 -0.136794
v -0.024875 -0.011126 -0.136794
v -0.024954 -0.011175 -0.137155
v -0.024954 -0.011175 -0.137155
v -0.024967 -0.011222 -0.137525
v -0.024967 -0.011222 -0.137525
v -0.024910 -0.011268 -0.137911
v -0.024910 -0.011268 -0.137911
v -0.024774 -0.011311 -0.138294
v -0.024774 -0.011311 -0.138294
v -0.024562 -0.011347 -0.138651
v -0.024562 -0.011347 -0.138651
v -0.024283 -0.011374 -0.138960
v -0.024283 -0.011374 -0.138960
v -0.023956 -0.011390 -0.139204
v -0.023956 -0.011390 -0.139204
v -0.023601 -0.011397 -0.139375
v -0.023601 -0.011397 -0.139375
v -0.023242 -0.011394 -0.139474
v -0.023242 -0.011394 -0.139474
v -0.023242 -0.011394 -0.139474
v -0.015744 -0.011245 -0.140847
v -0.015744 -0.011245 -0.140847
v -0.015744 -0.011245 -0.140847
v -0.015744 -0.011245 -0.140847
v -0.016295 -0.012219 -0.148389
v -0.016295 -0.012219 -0.148389
v -0.016295 -0.012219 -0.148389
v -0.016289 -0.012265 -0.148758
v -0.016289 -0.012265 -0.148758
v -0.016211 -0.012310 -0.149142
v -0.016211 -0.012310 -0.149142
v -0.016211 -0.012310 -0.149142
v -0.016055 -0.012351 -0.149517
v -0.016055 -0.012351 -0.149517
v -0.015824 -0.012384 -0.149863
v -0.015824 -0.012384 -0.149863
v -0.015824 -0.012384 -0.149863
v -0.015530 -0.012409 -0.150157
v -0.015530 -0.012409 -0.150157
v -0.015190 -0.012423 -0.150383
v -0.015190 -0.012423 -0.150383
v -0.014827 -0.012426 -0.150536
v -0.014827 -0.012426 -0.150536
v -0.014463 -0.012421 -0.150616
v -0.014463 -0.012421 -0.150616
v -0.014091 -0.012407 -0.150632
v -0.014091 -0.012407 -0.150632
v -0.013702 -0.012383 -0.150577
v -0.013702 -0.012383 -0.150577
v -0.013702 -0.012383 -0.150577
v -0.013317 -0.012350 -0.150444
v -0.013317 -0.012350 -0.150444
v -0.013317 -0.012350 -0.150444
v -0.012958 -0.012308 -0.150235
v -0.012958 -0.012308 -0.150235
v -0.012649 -0.012260 -0.149960
v -0.012649 -0.012260 -0.149960
v -0.012649 -0.012260 -0.149960
v -0.012405 -0.012209 -0.149636
v -0.012405 -0.012209 -0.149636
v -0.012405 -0.012209 -0.149636
v -0.012235 -0.012158 -0.149285
v -0.012235 -0.012158 -0.149285
v -0.012235 -0.012158 -0.149285
v -0.012137 -0.012109 -0.148928
v -0.012137 -0.012109 -0.148928
v -0.012137 -0.012109 -0.148928
v -0.010795 -0.011114 -0.141489
v -0.010795 -0.011114 -0.141489
v -0.010795 -0.011114 -0.141489
v -0.003197 -0.010863 -0.142077
v -0.003197 -0.010863 -0.142077
v -0.003197 -0.010863 -0.142077
v -0.003197 -0.010863 -0.142077
v -0.002825 -0.010846 -0.142073
v -0.002825 -0.010846 -0.142073
v -0.002825 -0.010846 -0.142073
v -0.002440 -0.010820 -0.141998
v -0.002440 -0.010820 -0.141998
v -0.002440 -0.010820 -0.141998
v -0.002062 -0.010785 -0.141845
v -0.002062 -0.010785 -0.141845
v -0.001715 -0.010742 -0.141618
v -0.001715 -0.010742 -0.141618
v -0.001715 -0.010742 -0.141618
v -0.001715 -0.010742 -0.141618
v -0.001421 -0.010692 -0.141327
v -0.001421 -0.010692 -0.141327
v -0.001195 -0.010640 -0.140990
v -0.001195 -0.010640 -0.140990
v -0.001195 -0.010640 -0.140990
v -0.001043 -0.010589 -0.140631
v -0.001043 -0.010589 -0.140631
v -0.000964 -0.010540 -0.140270
v -0.000964 -0.010540 -0.140270
v -0.000950 -0.010493 -0.139900
v -0.000950 -0.010493 -0.139900
v -0.001008 -0.010446 -0.139514
v -0.001008 -0.010446 -0.139514
v -0.001144 -0.010404 -0.139130
v -0.001144 -0.010404 -0.139130
v -0.001356 -0.010368 -0.138774
v -0.001356 -0.010368 -0.138774
v -0.001635 -0.010341 -0.138465
v -0.001635 -0.010341 -0.138465
v -0.001962 -0.010324 -0.138221
v -0.001962 -0.010324 -0.138221
v -0.002317 -0.010318 -0.138050
v -0.002317 -0.010318 -0.138050
v -0.002676 -0.010321 -0.137951
v -0.002676 -0.010321 -0.137951
v -0.002676 -0.010321 -0.137951
v -0.012866 -0.010082 -0.135789
v -0.013533 -0.010116 -0.135835
v -0.014199 -0.010170 -0.136038
v -0.014806 -0.010241 -0.136395
v -0.015305 -0.010323 -0.136876
v -0.015666 -0.010409 -0.137435
v -0.015882 -0.010492 -0.138019
v -0.015971 -0.010573 -0.138637
v -0.015948 -0.010635 -0.139133
v -0.015837 -0.010693 -0.139635
v -0.015635 -0.010746 -0.140121
v -0.015350 -0.010790 -0.140567
v -0.014994 -0.010823 -0.140953
v -0.014587 -0.010845 -0.141264
v -0.014152 -0.010855 -0.141494
v -0.010047 -0.013443 -0.136204
v -0.010047 -0.013443 -0.136204
v -0.010047 -0.013443 -0.136204
v -0.009496 -0.012470 -0.128662
v -0.009496 -0.012470 -0.128662
v -0.009496 -0.012470 -0.128662
v -0.009835 -0.011470 -0.132620
v -0.009502 -0.012424 -0.128292
v -0.009502 -0.012424 -0.128292
v -0.009580 -0.012379 -0.127909
v -0.009580 -0.012379 -0.127909
v -0.009735 -0.012338 -0.127533
v -0.009735 -0.012338 -0.127533
v -0.009966 -0.012304 -0.127187
v -0.009966 -0.012304 -0.127187
v -0.010261 -0.012280 -0.126894
v -0.010261 -0.012280 -0.126894
v -0.010601 -0.012266 -0.126667
v -0.010601 -0.012266 -0.126667
v -0.010963 -0.012262 -0.126514
v -0.010963 -0.012262 -0.126514
v -0.011327 -0.012268 -0.126434
v -0.011327 -0.012268 -0.126434
v -0.011700 -0.012282 -0.126419
v -0.011700 -0.012282 -0.126419
v -0.012089 -0.012305 -0.126474
v -0.012089 -0.012305 -0.126474
v -0.012474 -0.012339 -0.126606
v -0.012474 -0.012339 -0.126606
v -0.012832 -0.012380 -0.126815
v -0.012832 -0.012380 -0.126815
v -0.013141 -0.012428 -0.127091
v -0.013141 -0.012428 -0.127091
v -0.013385 -0.012479 -0.127415
v -0.013385 -0.012479 -0.127415
v -0.013556 -0.012531 -0.127766
v -0.013556 -0.012531 -0.127766
v -0.013654 -0.012580 -0.128122
v -0.013654 -0.012580 -0.128122
v -0.013654 -0.012580 -0.128122
v -0.013600 -0.011037 -0.127902
v -0.013387 -0.010978 -0.127506
v -0.013080 -0.010920 -0.127153
v -0.012696 -0.010869 -0.126874
v -0.012264 -0.010827 -0.126691
v -0.011818 -0.010798 -0.126609
v -0.011391 -0.010781 -0.126621
v -0.010975 -0.010775 -0.126719
v -0.010664 -0.010779 -0.126854
v -0.010371 -0.010790 -0.127044
v -0.010108 -0.010809 -0.127285
v -0.009889 -0.010836 -0.127567
v -0.009723 -0.010868 -0.127879
v -0.009613 -0.010904 -0.128206
v -0.009561 -0.010943 -0.128533
v -0.014996 -0.013574 -0.135561
v -0.014996 -0.013574 -0.135561
v -0.014996 -0.013574 -0.135561
v -0.014388 -0.011590 -0.132029
v -0.022593 -0.013826 -0.134973
v -0.022593 -0.013826 -0.134973
v -0.022593 -0.013826 -0.134973
v -0.018858 -0.012213 -0.135454
v -0.022966 -0.013842 -0.134978
v -0.022966 -0.013842 -0.134978
v -0.023351 -0.013868 -0.135053
v -0.023351 -0.013868 -0.135053
v -0.023729 -0.013904 -0.135205
v -0.023729 -0.013904 -0.135205
v -0.023729 -0.013904 -0.135205
v -0.024075 -0.013947 -0.135433
v -0.024075 -0.013947 -0.135433
v -0.024075 -0.013947 -0.135433
v -0.024370 -0.013996 -0.135724
v -0.024370 -0.013996 -0.135724
v -0.024596 -0.014048 -0.136060
v -0.024596 -0.014048 -0.136060
v -0.024748 -0.014100 -0.136420
v -0.024748 -0.014100 -0.136420
v -0.024827 -0.014149 -0.136781
v -0.024827 -0.014149 -0.136781
v -0.024840 -0.014196 -0.137150
v -0.024840 -0.014196 -0.137150
v -0.024783 -0.014242 -0.137537
v -0.024783 -0.014242 -0.137537
v -0.024647 -0.014285 -0.137920
v -0.024647 -0.014285 -0.137920
v -0.024435 -0.014321 -0.138277
v -0.024435 -0.014321 -0.138277
v -0.024156 -0.014347 -0.138585
v -0.024156 -0.014347 -0.138585
v -0.023828 -0.014364 -0.138829
v -0.023828 -0.014364 -0.138829
v -0.023474 -0.014371 -0.139001
v -0.023474 -0.014371 -0.139001
v -0.023115 -0.014368 -0.139100
v -0.023115 -0.014368 -0.139100
v -0.023115 -0.014368 -0.139100
v -0.023589 -0.012883 -0.139168
v -0.023989 -0.012874 -0.138954
v -0.024346 -0.012850 -0.138648
v -0.024629 -0.012814 -0.138265
v -0.024816 -0.012768 -0.137835
v -0.024900 -0.012716 -0.137392
v -0.024890 -0.012662 -0.136968
v -0.024794 -0.012606 -0.136555
v -0.024660 -0.012561 -0.136247
v -0.024470 -0.012517 -0.135957
v -0.024229 -0.012474 -0.135697
v -0.023946 -0.012434 -0.135481
v -0.023633 -0.012400 -0.135318
v -0.023304 -0.012373 -0.135211
v -0.022975 -0.012352 -0.135160
v -0.015616 -0.014219 -0.140472
v -0.015616 -0.014219 -0.140472
v -0.015616 -0.014219 -0.140472
v -0.019429 -0.012807 -0.139973
v -0.016167 -0.015193 -0.148014
v -0.016167 -0.015193 -0.148014
v -0.016167 -0.015193 -0.148014
v -0.015956 -0.013219 -0.144430
v -0.016161 -0.015239 -0.148384
v -0.016161 -0.015239 -0.148384
v -0.016083 -0.015284 -0.148767
v -0.016083 -0.015284 -0.148767
v -0.015928 -0.015325 -0.149143
v -0.015928 -0.015325 -0.149143
v -0.015697 -0.015358 -0.149488
v -0.015697 -0.015358 -0.149488
v -0.015402 -0.015383 -0.149782
v -0.015402 -0.015383 -0.149782
v -0.015062 -0.015396 -0.150009
v -0.015062 -0.015396 -0.150009
v -0.014700 -0.015400 -0.150162
v -0.014700 -0.015400 -0.150162
v -0.014336 -0.015395 -0.150242
v -0.014336 -0.015395 -0.150242
v -0.013964 -0.015381 -0.150257
v -0.013964 -0.015381 -0.150257
v -0.013575 -0.015357 -0.150202
v -0.013575 -0.015357 -0.150202
v -0.013189 -0.015324 -0.150070
v -0.013189 -0.015324 -0.150070
v -0.012831 -0.015282 -0.149861
v -0.012831 -0.015282 -0.149861
v -0.012522 -0.015234 -0.149585
v -0.012522 -0.015234 -0.149585
v -0.012278 -0.015183 -0.149261
v -0.012278 -0.015183 -0.149261
v -0.012107 -0.015132 -0.148910
v -0.012107 -0.015132 -0.148910
v -0.012009 -0.015082 -0.148554
v -0.012009 -0.015082 -0.148554
v -0.012009 -0.015082 -0.148554
v -0.012191 -0.013652 -0.149148
v -0.012404 -0.013711 -0.149545
v -0.012711 -0.013769 -0.149898
v -0.013095 -0.013820 -0.150176
v -0.013527 -0.013862 -0.150359
v -0.013972 -0.013891 -0.150441
v -0.014399 -0.013908 -0.150429
v -0.014816 -0.013913 -0.150331
v -0.015126 -0.013910 -0.150196
v -0.015420 -0.013898 -0.150006
v -0.015682 -0.013879 -0.149766
v -0.015901 -0.013853 -0.149483
v -0.016068 -0.013821 -0.149171
v -0.016177 -0.013784 -0.148845
v -0.016230 -0.013745 -0.148517
v -0.010667 -0.014088 -0.141115
v -0.010667 -0.014088 -0.141115
v -0.010667 -0.014088 -0.141115
v -0.011402 -0.013098 -0.145022
v -0.003070 -0.013837 -0.141702
v -0.003070 -0.013837 -0.141702
v -0.003070 -0.013837 -0.141702
v -0.006932 -0.012476 -0.141596
v -0.002698 -0.013820 -0.141698
v -0.002698 -0.013820 -0.141698
v -0.002312 -0.013794 -0.141623
v -0.002312 -0.013794 -0.141623
v -0.001934 -0.013759 -0.141471
v -0.001934 -0.013759 -0.141471
v -0.001588 -0.013715 -0.141243
v -0.001588 -0.013715 -0.141243
v -0.001294 -0.013666 -0.140952
v -0.001294 -0.013666 -0.140952
v -0.001067 -0.013614 -0.140616
v -0.001067 -0.013614 -0.140616
v -0.000915 -0.013562 -0.140256
v -0.000915 -0.013562 -0.140256
v -0.000915 -0.013562 -0.140256
v -0.000836 -0.013513 -0.139895
v -0.000836 -0.013513 -0.139895
v -0.000836 -0.013513 -0.139895
v -0.000823 -0.013466 -0.139526
v -0.000823 -0.013466 -0.139526
v -0.000881 -0.013420 -0.139139
v -0.000881 -0.013420 -0.139139
v -0.001016 -0.013378 -0.138756
v -0.001016 -0.013378 -0.138756
v -0.001228 -0.013342 -0.138399
v -0.001228 -0.013342 -0.138399
v -0.001507 -0.013315 -0.138090
v -0.001507 -0.013315 -0.138090
v -0.001835 -0.013298 -0.137846
v -0.001835 -0.013298 -0.137846
v -0.002189 -0.013292 -0.137675
v -0.002189 -0.013292 -0.137675
v -0.002549 -0.013295 -0.137576
v -0.002549 -0.013295 -0.137576
v -0.002549 -0.013295 -0.137576
v -0.002202 -0.011805 -0.137882
v -0.001801 -0.011815 -0.138096
v -0.001444 -0.011838 -0.138403
v -0.001162 -0.011874 -0.138786
v -0.000975 -0.011921 -0.139216
v -0.000890 -0.011973 -0.139659
v -0.000900 -0.012027 -0.140083
v -0.000996 -0.012083 -0.140496
v -0.001131 -0.012127 -0.140803
v -0.001321 -0.012172 -0.141094
v -0.001561 -0.012215 -0.141353
v -0.001844 -0.012254 -0.141569
v -0.002158 -0.012288 -0.141733
v -0.002486 -0.012316 -0.141840
v -0.002816 -0.012336 -0.141890
v -0.006361 -0.011882 -0.137077
v -0.024608 -0.013954 -0.135309
v -0.024608 -0.013954 -0.135309
vn -0.4164 -0.1312 -0.8997
vn -0.2441 -0.1314 -0.9608
vn -0.3919 -0.1314 -0.9106
vn -0.2442 -0.1314 -0.9608
vn -0.5370 -0.1280 -0.8338
vn -0.5837 -0.1260 -0.8021
vn -0.6727 -0.1208 -0.7300
vn -0.7345 -0.1157 -0.6687
vn -0.7913 -0.1097 -0.6015
vn -0.8577 -0.1003 -0.5043
vn -0.8866 -0.0950 -0.4528
vn -0.9445 -0.0806 -0.3184
vn -0.9536 -0.0775 -0.2908
vn -0.9907 -0.0580 -0.1234
vn -0.9906 -0.0580 -0.1236
vn -0.9984 -0.0375 0.0419
vn -0.9971 -0.0341 0.0687
vn -0.9688 -0.0103 0.2477
vn -0.9082 0.0138 0.4183
vn -0.8965 0.0173 0.4427
vn -0.8109 0.0388 0.5839
vn -0.7763 0.0460 0.6287
vn -0.6773 0.0633 0.7330
vn -0.6098 0.0733 0.7892
vn -0.5124 0.0852 0.8545
vn -0.4077 0.0969 0.9080
vn -0.3257 0.1044 0.9397
vn -0.1862 0.1149 0.9758
vn -0.1296 0.1185 0.9845
vn 0.0368 0.1264 0.9913
vn 0.0638 0.1274 0.9898
vn 0.2441 0.1314 0.9608
vn 0.2442 0.1314 0.9608
vn -0.9970 -0.0340 0.0690
vn -0.5124 0.0857 0.8544
vn -0.1295 0.1185 0.9845
vn -0.9445 -0.0805 -0.3185
vn -0.9913 -0.0263 0.1288
vn -0.9522 -0.0023 0.3056
vn -0.9436 0.0013 0.3311
vn -0.8759 0.0231 0.4819
vn -0.8471 0.0306 0.5305
vn -0.7617 0.0487 0.6461
vn -0.7016 0.0594 0.7101
vn -0.6131 0.0728 0.7867
vn -0.5163 0.0852 0.8522
vn -0.4384 0.0938 0.8939
vn -0.3042 0.1062 0.9467
vn -0.2493 0.1105 0.9621
vn -0.0853 0.1209 0.9890
vn -0.0581 0.1223 0.9908
vn 0.1243 0.1292 0.9838
vn 0.1243 0.1291 0.9838
vn 0.3026 0.1319 0.9439
vn 0.3282 0.1318 0.9353
vn 0.4805 0.1298 0.8673
vn 0.6239 0.1239 0.7716
vn 0.6465 0.1225 0.7530
vn -0.8760 0.0231 0.4818
vn 0.7513 0.1141 0.6501
vn 0.7889 0.1099 0.6046
vn 0.8557 0.1006 0.5076
vn 0.8978 0.0926 0.4306
vn 0.9327 0.0841 0.3508
vn 0.9675 0.0720 0.2425
vn 0.9800 0.0656 0.1878
vn 0.9974 0.0493 0.0525
vn 0.9986 0.0461 0.0258
vn 0.9913 0.0263 -0.1287
vn 0.9974 0.0494 0.0524
vn 0.9675 0.0720 0.2424
vn 0.8978 0.0927 0.4306
vn 0.9986 0.0461 0.0257
vn 0.9799 0.0657 0.1881
vn 0.9675 0.0721 0.2425
vn 0.9325 0.0841 0.3512
vn 0.8554 0.1006 0.5082
vn 0.7889 0.1100 0.6046
vn 0.7509 0.1141 0.6504
vn 0.6239 0.1239 0.7717
vn 0.3283 0.1318 0.9353
vn 0.3027 0.1318 0.9439
vn -0.0582 0.1223 0.9908
vn -0.0852 0.1209 0.9890
vn -0.7014 0.0594 0.7103
vn -0.8472 0.0306 0.5305
vn -0.9913 -0.0263 0.1287
vn 0.3027 0.1319 0.9439
vn -0.6131 0.0729 0.7866
vn -0.8760 0.0232 0.4818
vn 0.9675 0.0719 0.2424
vn 0.9955 0.0527 0.0793
vn 0.9517 0.0782 0.2969
vn 0.8555 0.1006 0.5080
vn 0.7114 0.1177 0.6929
vn 0.5296 0.1282 0.8385
vn -0.0851 0.1209 0.9890
vn -0.4120 0.0965 0.9061
vn 0.9974 0.0493 0.0524
vn 0.9675 0.0719 0.2425
vn 0.4805 0.1299 0.8673
vn 0.3027 0.1322 0.9439
vn -0.5653 0.0792 0.8210
vn -0.7011 0.0594 0.7105
vn -0.8150 0.0379 0.5782
vn -0.9017 0.0158 0.4321
vn -0.9599 -0.0058 0.2802
vn -0.9913 -0.0262 0.1287
vn -0.9522 -0.0024 0.3056
vn 0.9955 0.0526 0.0793
vn 0.9517 0.0782 0.2968
vn 0.8556 0.1006 0.5077
vn 0.7114 0.1177 0.6928
vn 0.5297 0.1282 0.8384
vn 0.3027 0.1317 0.9439
vn -0.0582 0.1222 0.9908
vn -0.2494 0.1105 0.9621
vn -0.4119 0.0965 0.9061
vn 0.6465 0.1226 0.7530
vn 0.1243 0.1293 0.9838
vn -0.0586 0.1227 0.9907
vn -0.5650 0.0792 0.8213
vn -0.8151 0.0378 0.5781
vn -0.9016 0.0159 0.4324
vn -0.9600 -0.0058 0.2801
vn -0.6131 0.0727 0.7867
vn -0.9974 -0.0493 -0.0524
vn -0.9955 -0.0526 -0.0793
vn -0.9675 -0.0719 -0.2424
vn -0.9517 -0.0782 -0.2969
vn -0.8978 -0.0927 -0.4306
vn -0.8554 -0.1006 -0.5080
vn -0.7889 -0.1099 -0.6046
vn -0.7114 -0.1177 -0.6929
vn -0.6465 -0.1226 -0.7530
vn -0.5297 -0.1282 -0.8384
vn -0.4805 -0.1299 -0.8673
vn -0.3285 -0.1318 -0.9353
vn -0.3027 -0.1319 -0.9439
vn -0.1243 -0.1292 -0.9838
vn 0.0582 -0.1227 -0.9907
vn 0.0851 -0.1209 -0.9890
vn 0.2493 -0.1105 -0.9621
vn 0.2494 -0.1105 -0.9621
vn 0.4119 -0.0965 -0.9061
vn 0.4384 -0.0938 -0.8939
vn -0.6465 -0.1225 -0.7530
vn -0.4805 -0.1298 -0.8673
vn 0.0582 -0.1223 -0.9908
vn 0.5651 -0.0792 -0.8212
vn 0.6131 -0.0728 -0.7867
vn 0.7012 -0.0594 -0.7105
vn 0.7617 -0.0487 -0.6461
vn 0.8151 -0.0378 -0.5781
vn 0.8759 -0.0231 -0.4819
vn 0.9015 -0.0158 -0.4324
vn 0.9522 0.0023 -0.3056
vn 0.9598 0.0058 -0.2805
vn 0.9522 0.0022 -0.3056
vn 0.8760 -0.0232 -0.4818
vn -0.9600 -0.0059 0.2799
vn -0.9015 0.0158 0.4325
vn -0.8149 0.0379 0.5783
vn -0.7018 0.0593 0.7099
vn -0.5653 0.0792 0.8211
vn -0.0582 0.1224 0.9908
vn 0.8554 0.1006 0.5080
vn 0.9516 0.0782 0.2974
vn -0.0583 0.1219 0.9908
vn 0.3027 0.1314 0.9440
vn -0.0425 0.9913 -0.1248
vn -0.0425 0.9913 -0.1249
vn -0.0424 0.9913 -0.1248
vn 0.6426 0.1227 0.7563
vn 0.6428 0.1228 0.7561
vn -0.6428 -0.1228 -0.7561
vn -0.6428 -0.1227 -0.7561
vn -0.6426 -0.1228 -0.7563
vn -0.6422 -0.1228 -0.7566
vn 0.3417 -0.1030 -0.9341
vn 0.9839 0.0198 -0.1775
vn 0.6422 0.1228 0.7566
vn 0.6425 0.1227 0.7564
vn 0.0425 -0.9913 0.1248
vn 0.0425 -0.9913 0.1249
vn 0.0424 -0.9913 0.1248
vn 0.7654 -0.0480 -0.6418
vn 0.8420 -0.0318 -0.5385
vn 0.8276 -0.0351 -0.5602
vn 0.8810 -0.0217 -0.4726
vn 0.9050 -0.0148 -0.4251
vn 0.8811 -0.0217 -0.4725
vn 0.9287 -0.0069 -0.3707
vn 0.8580 -0.0279 -0.5129
vn 0.9525 0.0024 -0.3044
vn 0.9524 0.0024 -0.3047
vn 0.9835 0.0195 -0.1797
vn 0.8422 -0.0317 -0.5383
vn 0.9522 0.0024 -0.3056
vn 0.9599 0.0058 -0.2801
vn 0.9013 -0.0159 -0.4330
vn 0.8151 -0.0378 -0.5780
vn 0.7019 -0.0593 -0.7098
vn 0.6131 -0.0729 -0.7866
vn 0.5650 -0.0792 -0.8213
vn -0.3283 -0.1318 -0.9353
vn -0.5298 -0.1282 -0.8384
vn -0.7115 -0.1177 -0.6928
vn -0.8556 -0.1006 -0.5078
vn -0.8978 -0.0926 -0.4306
vn -0.9515 -0.0782 -0.2974
vn -0.9675 -0.0719 -0.2425
vn -0.9974 -0.0493 -0.0525
vn 0.0583 -0.1224 -0.9908
vn -0.3026 -0.1319 -0.9439
vn 0.9599 0.0058 -0.2803
vn 0.9017 -0.0158 -0.4322
vn 0.8760 -0.0231 -0.4818
vn 0.8150 -0.0379 -0.5782
vn 0.5647 -0.0793 -0.8215
vn 0.4117 -0.0965 -0.9062
vn -0.5297 -0.1282 -0.8385
vn -0.7112 -0.1178 -0.6931
vn -0.8555 -0.1006 -0.5080
vn -0.9675 -0.0720 -0.2425
vn -0.7889 -0.1100 -0.6046
vn 0.9195 0.0876 0.3832
vn 0.8295 0.1046 0.5486
vn 0.7100 0.1178 0.6943
vn 0.0425 -0.9913 0.1250
vn 0.9195 0.0877 0.3832
vn 0.9984 0.0467 0.0307
vn 0.9984 0.0466 0.0306
vn 0.9885 0.0235 -0.1492
vn 0.9885 0.0236 -0.1493
vn 0.9449 -0.0007 -0.3274
vn 0.8690 -0.0250 -0.4942
vn 0.8690 -0.0250 -0.4941
vn 0.9461 -0.0002 -0.3238
vn 0.9388 -0.0032 -0.3444
vn 0.8847 -0.0209 -0.4658
vn 0.8627 -0.0266 -0.5051
vn 0.8846 -0.0206 -0.4658
vn 0.7993 -0.0408 -0.5995
vn 0.7558 -0.0498 -0.6529
vn 0.6921 -0.0605 -0.7192
vn 0.6227 -0.0714 -0.7792
vn 0.5667 -0.0790 -0.8201
vn 0.4690 -0.0905 -0.8785
vn 0.4284 -0.0948 -0.8986
vn 0.3039 -0.1062 -0.9468
vn 0.2828 -0.1079 -0.9531
vn 0.1361 -0.1181 -0.9836
vn 0.1361 -0.1180 -0.9836
vn -0.0137 -0.1255 -0.9920
vn -0.0356 -0.1263 -0.9913
vn -0.1688 -0.1302 -0.9770
vn -0.1687 -0.1303 -0.9770
vn -0.3019 -0.1318 -0.9442
vn -0.1688 -0.1303 -0.9770
vn -0.3235 -0.1320 -0.9370
vn 0.7994 -0.0415 -0.5993
vn 0.6922 -0.0611 -0.7191
vn 0.5668 -0.0792 -0.8201
vn 0.4283 -0.0948 -0.8986
vn 0.2834 -0.1079 -0.9529
vn -0.0136 -0.1255 -0.9920
vn -0.4306 -0.1309 -0.8930
vn -0.4720 -0.1305 -0.8719
vn -0.5514 -0.1274 -0.8245
vn -0.6079 -0.1252 -0.7841
vn -0.6608 -0.1216 -0.7406
vn -0.7262 -0.1170 -0.6774
vn -0.7567 -0.1135 -0.6438
vn -0.8243 -0.1054 -0.5562
vn -0.8242 -0.1052 -0.5564
vn -0.8996 -0.0922 -0.4268
vn -0.8996 -0.0922 -0.4269
vn -0.7266 -0.1164 -0.6771
vn -0.6080 -0.1247 -0.7841
vn -0.4720 -0.1294 -0.8720
vn -0.3236 -0.1317 -0.9370
vn -0.8996 -0.0923 -0.4268
vn -0.8996 -0.0923 -0.4269
vn 0.0425 -0.9913 0.1247
vn 0.0424 -0.9912 0.1250
vn 0.7083 0.1180 0.6959
vn 0.7860 0.1103 0.6083
vn 0.8538 0.1009 0.5107
vn 0.9102 0.0899 0.4042
vn 0.9536 0.0775 0.2910
vn 0.9828 0.0640 0.1735
vn 0.9973 0.0496 0.0543
vn 0.9973 0.0496 0.0540
vn 0.9973 0.0347 -0.0640
vn 0.9973 0.0346 -0.0646
vn 0.9973 0.0495 0.0536
vn 0.9828 0.0639 0.1732
vn 0.7857 0.1103 0.6087
vn 0.9835 0.0195 -0.1796
vn 0.7653 -0.0480 -0.6418
vn -0.9835 -0.0195 0.1797
vn -0.9836 -0.0195 0.1796
vn -0.9525 -0.0024 0.3044
vn -0.9399 0.0027 0.3416
vn -0.9050 0.0147 0.4251
vn -0.8693 0.0249 0.4936
vn -0.8420 0.0317 0.5385
vn -0.8693 0.0249 0.4937
vn -0.7654 0.0480 0.6418
vn -0.8422 0.0317 0.5383
vn -0.9050 0.0148 0.4251
vn -0.9524 -0.0024 0.3047
vn -0.9835 -0.0195 0.1796
vn -0.7083 -0.1180 -0.6959
vn -0.7860 -0.1103 -0.6083
vn -0.8538 -0.1009 -0.5107
vn -0.9102 -0.0899 -0.4042
vn -0.9536 -0.0775 -0.2910
vn -0.9828 -0.0640 -0.1735
vn -0.9828 -0.0639 -0.1735
vn -0.9973 -0.0496 -0.0543
vn -0.9973 -0.0347 0.0640
vn -0.9973 -0.0346 0.0646
vn -0.9973 -0.0494 -0.0534
vn -0.8535 -0.1010 -0.5112
vn 0.4118 0.1312 0.9018
vn 0.2661 0.1316 0.9549
vn 0.4117 0.1312 0.9018
vn 0.2666 0.1316 0.9548
vn 0.2665 0.1317 0.9548
vn 0.1088 0.1287 0.9857
vn -0.0562 0.1223 0.9909
vn -0.0562 0.1224 0.9909
vn -0.2219 0.1125 0.9686
vn -0.2218 0.1125 0.9686
vn -0.3808 0.0994 0.9193
vn -0.3808 0.0995 0.9193
vn -0.5281 0.0838 0.8450
vn -0.6573 0.0664 0.7507
vn -0.6569 0.0665 0.7511
vn -0.6568 0.0665 0.7511
vn -0.5280 0.0838 0.8451
vn -0.3809 0.0994 0.9193
vn -0.0567 0.1224 0.9909
vn -0.7083 -0.1180 -0.6960
vn 0.7083 0.1180 0.6960
vn -0.5118 -0.1289 -0.8494
vn -0.4388 -0.1307 -0.8890
vn -0.3615 -0.1317 -0.9230
vn -0.3213 -0.1318 -0.9378
vn -0.1961 -0.1308 -0.9718
vn -0.1958 -0.1308 -0.9719
vn -0.0663 -0.1274 -0.9896
vn -0.1962 -0.1307 -0.9718
vn -0.0224 -0.1259 -0.9918
vn -0.5117 -0.1289 -0.8494
vn 0.0654 -0.1219 -0.9904
vn 0.1521 -0.1171 -0.9814
vn 0.1950 -0.1144 -0.9741
vn 0.3193 -0.1050 -0.9418
vn 0.3193 -0.1049 -0.9418
vn 0.4727 -0.0901 -0.8766
vn 0.5423 -0.0821 -0.8362
vn 0.6073 -0.0736 -0.7911
vn 0.7261 -0.0552 -0.6854
vn 0.7262 -0.0552 -0.6853
vn 0.8061 -0.0399 -0.5905
vn 0.8304 -0.0345 -0.5561
vn 0.8752 -0.0234 -0.4833
vn 0.9135 -0.0121 -0.4067
vn 0.9302 -0.0064 -0.3669
vn 0.9700 0.0109 -0.2428
vn 0.9700 0.0110 -0.2428
vn 0.9969 0.0337 -0.0713
vn 0.9988 0.0392 -0.0282
vn 0.9935 0.0551 0.0996
vn 0.9811 0.0650 0.1824
vn 0.9620 0.0744 0.2627
vn 0.9224 0.0869 0.3763
vn 0.9065 0.0908 0.4123
vn 0.8278 0.1048 0.5511
vn 0.8278 0.1048 0.5512
vn 0.7230 0.1168 0.6810
vn 0.6930 0.1192 0.7110
vn 0.5938 0.1255 0.7947
vn 0.5213 0.1285 0.8436
vn 0.4447 0.1307 0.8861
vn 0.3234 0.1319 0.9370
vn 0.2819 0.1318 0.9504
vn 0.1131 0.1289 0.9852
vn 0.1136 0.1289 0.9851
vn -0.0539 0.1225 0.9910
vn -0.0945 0.1204 0.9882
vn -0.2126 0.1131 0.9706
vn -0.2892 0.1074 0.9512
vn -0.3659 0.1008 0.9252
vn -0.4789 0.0895 0.8733
vn -0.5157 0.0853 0.8525
vn -0.6550 0.0667 0.7527
vn -0.6551 0.0667 0.7526
vn -0.7764 0.0459 0.6285
vn -0.8033 0.0404 0.5943
vn -0.8742 0.0236 0.4851
vn -0.9128 0.0123 0.4083
vn -0.9442 0.0010 0.3292
vn -0.9778 -0.0156 0.2089
vn -0.9855 -0.0210 0.1686
vn -0.9991 -0.0415 0.0102
vn -0.9855 -0.0209 0.1685
vn -0.8742 0.0236 0.4850
vn -0.6549 0.0667 0.7528
vn -0.3658 0.1008 0.9252
vn 0.1133 0.1289 0.9852
vn 0.2817 0.1317 0.9504
vn 0.7229 0.1168 0.6810
vn 0.8278 0.1049 0.5512
vn 0.9065 0.0907 0.4123
vn 0.9620 0.0742 0.2628
vn 0.9935 0.0550 0.0996
vn 0.9969 0.0337 -0.0714
vn -0.0426 0.9913 -0.1248
vn 0.9436 -0.0013 -0.3311
vn 0.8760 -0.0232 -0.4817
vn 0.8469 -0.0306 -0.5308
vn 0.7014 -0.0594 -0.7102
vn 0.5162 -0.0852 -0.8522
vn 0.3041 -0.1062 -0.9467
vn 0.0852 -0.1209 -0.9890
vn 0.0581 -0.1223 -0.9908
vn -0.1243 -0.1291 -0.9838
vn -0.3027 -0.1317 -0.9439
vn -0.4805 -0.1298 -0.8674
vn -0.6239 -0.1239 -0.7717
vn 0.0582 -0.1224 -0.9908
vn -0.3028 -0.1320 -0.9439
vn -0.7509 -0.1141 -0.6505
vn -0.8553 -0.1007 -0.5083
vn -0.9324 -0.0842 -0.3514
vn -0.9798 -0.0657 -0.1886
vn -0.9986 -0.0460 -0.0256
vn -0.9675 -0.0720 -0.2424
vn -0.9986 -0.0461 -0.0257
vn -0.9801 -0.0656 -0.1876
vn -0.9327 -0.0841 -0.3508
vn -0.8557 -0.1006 -0.5077
vn -0.7513 -0.1141 -0.6500
vn -0.6239 -0.1239 -0.7716
vn -0.3026 -0.1318 -0.9440
vn -0.1243 -0.1293 -0.9838
vn 0.0581 -0.1224 -0.9908
vn 0.0853 -0.1209 -0.9890
vn 0.5156 -0.0853 -0.8525
vn 0.7014 -0.0594 -0.7103
vn 0.8472 -0.0306 -0.5305
vn 0.9913 0.0262 -0.1287
vn -0.3025 -0.1317 -0.9440
vn 0.0425 -0.9912 0.1253
vn 0.0424 -0.9913 0.1250
vn 0.0425 -0.9913 0.1246
vn 0.0425 -0.9912 0.1250
vn 0.0424 -0.9913 0.1244
vn 0.0423 -0.9913 0.1244
vn 0.0424 -0.9913 0.1249
vn 0.0423 -0.9913 0.1245
vn -0.0638 -0.1275 -0.9898
vn -0.0368 -0.1264 -0.9913
vn 0.1295 -0.1185 -0.9845
vn 0.1858 -0.1149 -0.9758
vn 0.3257 -0.1044 -0.9397
vn 0.4077 -0.0969 -0.9080
vn 0.5124 -0.0856 -0.8545
vn 0.6098 -0.0733 -0.7892
vn 0.6773 -0.0633 -0.7330
vn 0.7763 -0.0460 -0.6287
vn 0.8109 -0.0388 -0.5839
vn 0.8965 -0.0173 -0.4427
vn 0.9082 -0.0138 -0.4184
vn 0.9688 0.0103 -0.2476
vn 0.9971 0.0341 -0.0687
vn 0.9984 0.0375 -0.0419
vn 0.9907 0.0580 0.1234
vn 0.9907 0.0580 0.1235
vn 0.9536 0.0775 0.2908
vn 0.9445 0.0806 0.3184
vn -0.0638 -0.1274 -0.9898
vn 0.3257 -0.1043 -0.9397
vn 0.5124 -0.0858 -0.8544
vn 0.9082 -0.0138 -0.4183
vn 0.9970 0.0340 -0.0689
vn 0.8865 0.0950 0.4529
vn 0.8577 0.1003 0.5043
vn 0.7913 0.1096 0.6015
vn 0.7345 0.1157 0.6687
vn 0.6727 0.1208 0.7300
vn 0.5837 0.1260 0.8022
vn 0.5370 0.1280 0.8338
vn 0.4164 0.1312 0.8997
vn 0.3919 0.1314 0.9106
vn 0.2443 0.1314 0.9608
vn 0.8577 0.1002 0.5043
vn 0.9445 0.0805 0.3185
vn -0.9965 -0.0330 0.0771
vn 0.9367 -0.0035 -0.3501
vn 0.9274 -0.0074 -0.3739
vn 0.9835 0.0195 -0.1800
vn 0.9368 -0.0039 -0.3497
vn 0.8556 -0.0285 -0.5168
vn 0.8259 -0.0355 -0.5627
vn 0.8556 -0.0284 -0.5168
vn 0.7395 -0.0528 -0.6711
vn 0.6794 -0.0629 -0.7310
vn 0.5922 -0.0756 -0.8022
vn 0.4974 -0.0874 -0.8631
vn 0.4216 -0.0955 -0.9017
vn 0.2912 -0.1073 -0.9506
vn 0.2382 -0.1113 -0.9648
vn 0.0791 -0.1213 -0.9895
vn 0.0530 -0.1224 -0.9911
vn -0.2977 -0.1318 -0.9455
vn -0.3225 -0.1319 -0.9373
vn -0.4704 -0.1301 -0.8728
vn -0.4703 -0.1301 -0.8729
vn -0.6101 -0.1247 -0.7824
vn -0.4703 -0.1301 -0.8728
vn -0.6322 -0.1235 -0.7649
vn 0.5922 -0.0757 -0.8022
vn 0.0529 -0.1226 -0.9910
vn -0.2976 -0.1319 -0.9455
vn -0.7350 -0.1156 -0.6682
vn -0.7726 -0.1118 -0.6250
vn -0.8395 -0.1032 -0.5335
vn -0.8825 -0.0958 -0.4605
vn -0.9185 -0.0879 -0.3856
vn -0.9565 -0.0765 -0.2815
vn -0.9708 -0.0705 -0.2294
vn -0.9936 -0.0551 -0.0991
vn -0.9960 -0.0519 -0.0732
vn -0.9965 -0.0330 0.0770
vn -0.9936 -0.0550 -0.0991
vn -0.9565 -0.0764 -0.2815
vn -0.6322 -0.1233 -0.7649
vn -0.0723 -0.1277 -0.9892
vn -0.0723 -0.1276 -0.9892
vn 0.3469 0.1316 0.9286
vn 0.3716 0.1316 0.9190
vn 0.1760 0.1304 0.9757
vn 0.3471 0.1317 0.9285
vn 0.1761 0.1304 0.9757
vn 0.5158 0.1287 0.8470
vn 0.5622 0.1270 0.8172
vn 0.5159 0.1288 0.8469
vn 0.6718 0.1208 0.7308
vn 0.7325 0.1159 0.6708
vn 0.8047 0.1080 0.5838
vn 0.8665 0.0987 0.4894
vn 0.9058 0.0911 0.4139
vn 0.9557 0.0767 0.2841
vn 0.9703 0.0707 0.2313
vn 0.9960 0.0519 0.0733
vn 0.9977 0.0488 0.0473
vn 0.9537 0.0031 -0.3007
vn 0.9456 -0.0005 -0.3254
vn 0.8814 -0.0216 -0.4718
vn 0.8814 -0.0216 -0.4719
vn 0.7912 -0.0429 -0.6101
vn 0.8815 -0.0217 -0.4718
vn 0.7736 -0.0464 -0.6320
vn 0.9058 0.0909 0.4139
vn 0.9703 0.0706 0.2314
vn 0.9977 0.0486 0.0473
vn 0.9537 0.0029 -0.3007
vn 0.6768 -0.0634 -0.7335
vn 0.6335 -0.0699 -0.7705
vn 0.5419 -0.0821 -0.8364
vn 0.4684 -0.0906 -0.8789
vn 0.3932 -0.0983 -0.9142
vn 0.2886 -0.1075 -0.9514
vn 0.2369 -0.1114 -0.9651
vn 0.1051 -0.1198 -0.9872
vn 0.0792 -0.1212 -0.9895
vn -0.0722 -0.1277 -0.9892
vn 0.2886 -0.1074 -0.9514
vn 0.6335 -0.0698 -0.7705
vn 0.9965 0.0330 -0.0770
vn 0.9965 0.0330 -0.0771
vn -0.9368 0.0042 0.3498
vn -0.9274 0.0074 0.3740
vn -0.9835 -0.0195 0.1800
vn -0.9368 0.0039 0.3497
vn -0.9835 -0.0195 0.1801
vn -0.8556 0.0283 0.5168
vn -0.8259 0.0355 0.5627
vn -0.8556 0.0285 0.5168
vn -0.7395 0.0528 0.6711
vn -0.6794 0.0629 0.7310
vn -0.5922 0.0757 0.8022
vn -0.4974 0.0874 0.8631
vn -0.4216 0.0956 0.9017
vn -0.2914 0.1073 0.9506
vn -0.2381 0.1114 0.9648
vn -0.0791 0.1213 0.9895
vn -0.0529 0.1226 0.9910
vn 0.2976 0.1318 0.9455
vn 0.3225 0.1319 0.9373
vn 0.4703 0.1301 0.8729
vn 0.4704 0.1301 0.8728
vn 0.6101 0.1247 0.7825
vn 0.6322 0.1234 0.7649
vn -0.5922 0.0756 0.8022
vn -0.4216 0.0954 0.9017
vn -0.2382 0.1112 0.9648
vn 0.2980 0.1315 0.9454
vn 0.7350 0.1156 0.6682
vn 0.7726 0.1118 0.6250
vn 0.8392 0.1032 0.5339
vn 0.8825 0.0957 0.4605
vn 0.9185 0.0879 0.3856
vn 0.9565 0.0764 0.2815
vn 0.9708 0.0705 0.2294
vn 0.9936 0.0550 0.0991
vn 0.9965 0.0330 -0.0769
vn 0.9936 0.0551 0.0991
vn 0.9565 0.0765 0.2815
vn 0.8825 0.0958 0.4605
vn 0.6322 0.1235 0.7649
vn 0.0723 0.1276 0.9892
vn 0.0723 0.1277 0.9892
vn -0.3471 -0.1318 -0.9285
vn -0.3717 -0.1316 -0.9190
vn -0.1761 -0.1304 -0.9757
vn -0.5158 -0.1288 -0.8470
vn -0.5622 -0.1270 -0.8172
vn -0.5158 -0.1287 -0.8470
vn -0.6718 -0.1208 -0.7308
vn -0.7325 -0.1159 -0.6708
vn -0.8047 -0.1080 -0.5838
vn -0.8665 -0.0987 -0.4894
vn -0.9058 -0.0909 -0.4139
vn -0.9557 -0.0767 -0.2841
vn -0.9703 -0.0708 -0.2313
vn -0.9960 -0.0519 -0.0733
vn -0.9977 -0.0486 -0.0473
vn -0.9537 -0.0029 0.3006
vn -0.9456 0.0005 0.3254
vn -0.8814 0.0216 0.4718
vn -0.8815 0.0217 0.4717
vn -0.7912 0.0429 0.6100
vn -0.7736 0.0464 0.6320
vn -0.9703 -0.0707 -0.2314
vn -0.9977 -0.0487 -0.0473
vn -0.9537 -0.0030 0.3008
vn -0.6767 0.0634 0.7335
vn -0.6335 0.0698 0.7705
vn -0.5421 0.0821 0.8363
vn -0.4684 0.0906 0.8789
vn -0.3924 0.0984 0.9145
vn -0.2886 0.1074 0.9514
vn -0.2362 0.1114 0.9653
vn -0.1051 0.1199 0.9872
vn 0.0722 0.1277 0.9892
vn -0.2886 0.1075 0.9514
vn -0.4684 0.0906 0.8788
vn -0.6335 0.0699 0.7705
vn -0.7736 0.0465 0.6320
vn -0.1760 -0.1304 -0.9757
vt -0.000000 0.053034
vt -0.000000 0.000000
vt 0.040000 0.045458
vt 0.080000 0.000000
vt 0.080000 0.053034
vt 0.040000 0.090915
vt 0.080000 0.106068
vt 0.040000 0.136373
vt 0.080000 0.159102
vt 0.040000 0.181831
vt 0.080000 0.212136
vt 0.040000 0.227289
vt 0.080000 0.265170
vt 0.040000 0.272746
vt 0.080000 0.318204
vt 0.040000 0.318204
vt 0.040000 0.363662
vt -0.000000 0.318204
vt -0.000000 0.371238
vt 0.040000 0.424272
vt -0.000000 0.424272
vt 0.000000 0.477306
vt 0.040000 0.484882
vt 0.000000 0.530340
vt 0.040000 0.545493
vt 0.000000 0.583374
vt 0.040000 0.606103
vt 0.000000 0.636408
vt 0.040000 0.666713
vt 0.000000 0.689442
vt 0.040000 0.727323
vt 0.000000 0.742476
vt 0.040000 0.787934
vt 0.000000 0.795510
vt 0.000000 0.848544
vt 0.080000 0.795510
vt 0.080000 0.848544
vt 0.080000 0.371238
vt 0.080000 0.424272
vt 0.080000 0.477306
vt 0.080000 0.530340
vt 0.080000 0.583374
vt 0.080000 0.636408
vt 0.080000 0.689442
vt 0.080000 0.742476
vt -0.000000 0.265170
vt -0.000000 0.212136
vt -0.000000 0.159102
vt -0.000000 0.106068
vt 0.000000 0.000000
vt -0.080000 0.000000
vt -0.000000 -0.034472
vt -0.040000 -0.039397
vt -0.000000 -0.068944
vt -0.040000 -0.078793
vt -0.000000 -0.103416
vt -0.040000 -0.118190
vt -0.000000 -0.137888
vt -0.040000 -0.157587
vt -0.000000 -0.172361
vt -0.040000 -0.196983
vt 0.000000 -0.206833
vt -0.040000 -0.236380
vt 0.000000 -0.241305
vt -0.040000 -0.275777
vt 0.000000 -0.275777
vt 0.000000 -0.310249
vt -0.040000 -0.315174
vt 0.000000 -0.344721
vt -0.040000 -0.344721
vt -0.040000 -0.374269
vt -0.080000 -0.344721
vt -0.080000 -0.379193
vt -0.080000 -0.034472
vt -0.080000 -0.068944
vt -0.080000 -0.103416
vt -0.080000 -0.137888
vt -0.080000 -0.172361
vt -0.080000 -0.206833
vt -0.080000 -0.241305
vt -0.080000 -0.275777
vt -0.080000 -0.310249
vt -0.040000 -0.403816
vt -0.080000 -0.413665
vt -0.040000 -0.433364
vt -0.080000 -0.448137
vt -0.040000 -0.462911
vt -0.080000 -0.482609
vt -0.040000 -0.492459
vt -0.080000 -0.517081
vt -0.040000 -0.522006
vt -0.080000 -0.551553
vt 0.000000 -0.551553
vt 0.000000 -0.517081
vt 0.000000 -0.482609
vt 0.000000 -0.448137
vt 0.000000 -0.413665
vt 0.000000 -0.379193
vt -0.050000 0.017678
vt -0.050000 0.000000
vt 0.015000 0.015153
vt 0.080000 0.017678
vt 0.015000 0.030305
vt 0.080000 0.035356
vt 0.015000 0.045458
vt 0.015000 0.060610
vt 0.080000 0.070712
vt 0.015000 0.075763
vt 0.080000 0.088390
vt 0.015000 0.090915
vt 0.015000 0.106068
vt 0.015000 0.121221
vt -0.050000 0.106068
vt -0.050000 0.123746
vt 0.015000 0.141424
vt -0.050000 0.141424
vt -0.050000 0.159102
vt 0.015000 0.161627
vt -0.050000 0.176780
vt 0.015000 0.181831
vt -0.050000 0.194458
vt 0.015000 0.202034
vt -0.050000 0.212136
vt 0.015000 0.222238
vt -0.050000 0.229814
vt 0.015000 0.242441
vt -0.050000 0.247492
vt 0.015000 0.262645
vt -0.050000 0.265170
vt -0.050000 0.282848
vt 0.080000 0.282848
vt 0.080000 0.123746
vt 0.080000 0.141424
vt 0.080000 0.176780
vt 0.080000 0.194458
vt 0.080000 0.229814
vt 0.080000 0.247492
vt -0.050000 0.088390
vt -0.050000 0.070712
vt -0.050000 0.053034
vt -0.050000 0.035356
vt 1.100000 0.000000
vt 1.005000 0.000000
vt 1.100000 -0.026517
vt 1.052500 -0.030305
vt 1.100000 -0.053034
vt 1.052500 -0.060610
vt 1.100000 -0.079551
vt 1.052500 -0.090915
vt 1.100000 -0.106068
vt 1.052500 -0.121221
vt 1.100000 -0.132585
vt 1.052500 -0.151526
vt 1.100000 -0.159102
vt 1.052500 -0.181831
vt 1.100000 -0.185619
vt 1.052500 -0.212136
vt 1.100000 -0.212136
vt 1.100000 -0.238653
vt 1.052500 -0.242441
vt 1.100000 -0.265170
vt 1.052500 -0.265170
vt 1.052500 -0.287899
vt 1.005000 -0.265170
vt 1.005000 -0.291687
vt 1.005000 -0.026517
vt 1.005000 -0.053034
vt 1.005000 -0.079551
vt 1.005000 -0.106068
vt 1.005000 -0.132585
vt 1.005000 -0.159102
vt 1.005000 -0.185619
vt 1.005000 -0.212136
vt 1.005000 -0.238653
vt 1.052500 -0.310628
vt 1.005000 -0.318204
vt 1.052500 -0.333357
vt 1.005000 -0.344721
vt 1.052500 -0.356085
vt 1.005000 -0.371238
vt 1.052500 -0.378814
vt 1.005000 -0.397755
vt 1.052500 -0.401543
vt 1.005000 -0.424272
vt 1.100000 -0.424272
vt 1.100000 -0.397755
vt 1.100000 -0.371238
vt 1.100000 -0.344721
vt 1.100000 -0.318204
vt 1.100000 -0.291687
vt 0.750000 0.000000
vt 0.550000 0.000000
vt 0.750000 -0.026517
vt 0.650000 -0.030305
vt 0.750000 -0.053034
vt 0.650000 -0.060610
vt 0.750000 -0.079551
vt 0.650000 -0.090915
vt 0.750000 -0.106068
vt 0.650000 -0.121221
vt 0.750000 -0.132585
vt 0.650000 -0.151526
vt 0.750000 -0.159102
vt 0.650000 -0.181831
vt 0.750000 -0.185619
vt 0.650000 -0.212136
vt 0.750000 -0.212136
vt 0.750000 -0.238653
vt 0.650000 -0.242441
vt 0.750000 -0.265170
vt 0.650000 -0.265170
vt 0.650000 -0.287899
vt 0.550000 -0.265170
vt 0.550000 -0.291687
vt 0.550000 -0.026517
vt 0.550000 -0.053034
vt 0.550000 -0.079551
vt 0.550000 -0.106068
vt 0.550000 -0.132585
vt 0.550000 -0.159102
vt 0.550000 -0.185619
vt 0.550000 -0.212136
vt 0.550000 -0.238653
vt 0.650000 -0.310628
vt 0.550000 -0.318204
vt 0.650000 -0.333357
vt 0.550000 -0.344721
vt 0.650000 -0.356085
vt 0.550000 -0.371238
vt 0.650000 -0.378814
vt 0.550000 -0.397755
vt 0.650000 -0.401543
vt 0.550000 -0.424272
vt 0.750000 -0.424272
vt 0.750000 -0.397755
vt 0.750000 -0.371238
vt 0.750000 -0.344721
vt 0.750000 -0.318204
vt 0.750000 -0.291687
vt 0.150000 0.000000
vt -0.000000 0.000000
vt 0.150000 -0.035356
vt 0.075000 -0.040407
vt 0.150000 -0.070712
vt 0.075000 -0.080814
vt 0.150000 -0.106068
vt 0.075000 -0.121221
vt 0.150000 -0.141424
vt 0.075000 -0.161627
vt 0.150000 -0.176780
vt 0.075000 -0.202034
vt 0.150000 -0.212136
vt 0.075000 -0.242441
vt 0.150000 -0.247492
vt 0.075000 -0.282848
vt 0.150000 -0.282848
vt 0.150000 -0.318204
vt 0.075000 -0.323255
vt 0.150000 -0.353560
vt 0.075000 -0.353560
vt 0.075000 -0.383865
vt -0.000000 -0.353560
vt -0.000000 -0.388916
vt -0.000000 -0.035356
vt -0.000000 -0.070712
vt -0.000000 -0.106068
vt -0.000000 -0.141424
vt -0.000000 -0.176780
vt -0.000000 -0.212136
vt -0.000000 -0.247492
vt -0.000000 -0.282848
vt -0.000000 -0.318204
vt 0.075000 -0.414170
vt -0.000000 -0.424272
vt 0.075000 -0.444475
vt -0.000000 -0.459628
vt 0.075000 -0.474781
vt -0.000000 -0.494984
vt 0.075000 -0.505086
vt -0.000000 -0.530340
vt 0.075000 -0.535391
vt -0.000000 -0.565696
vt 0.150000 -0.565696
vt 0.150000 -0.530340
vt 0.150000 -0.494984
vt 0.150000 -0.459628
vt 0.150000 -0.424272
vt 0.150000 -0.388916
vt -0.000000 0.035356
vt -0.000000 0.000000
vt 0.075000 0.030305
vt 0.150000 0.035356
vt 0.075000 0.060610
vt 0.150000 0.070712
vt 0.075000 0.090915
vt 0.150000 0.106068
vt 0.075000 0.121221
vt 0.150000 0.141424
vt 0.075000 0.151526
vt 0.150000 0.176780
vt 0.075000 0.181831
vt 0.150000 0.212136
vt 0.075000 0.212136
vt 0.075000 0.242441
vt -0.000000 0.212136
vt -0.000000 0.247492
vt 0.075000 0.282848
vt -0.000000 0.282848
vt -0.000000 0.318204
vt 0.075000 0.323255
vt -0.000000 0.353560
vt 0.075000 0.363662
vt -0.000000 0.388916
vt 0.075000 0.404069
vt -0.000000 0.424272
vt 0.075000 0.444475
vt -0.000000 0.459628
vt 0.075000 0.484882
vt -0.000000 0.494984
vt 0.075000 0.525289
vt -0.000000 0.530340
vt -0.000000 0.565696
vt 0.150000 0.530340
vt 0.150000 0.565696
vt 0.150000 0.247492
vt 0.150000 0.282848
vt 0.150000 0.318204
vt 0.150000 0.353560
vt 0.150000 0.388916
vt 0.150000 0.424272
vt 0.150000 0.459628
vt 0.150000 0.494984
vt -0.000000 0.176780
vt -0.000000 0.141424
vt -0.000000 0.106068
vt -0.000000 0.070712
vt 0.098331 -0.018196
vt 0.196661 -0.036393
vt 0.100000 0.000000
vt 0.200000 0.000000
vt 0.098331 0.018196
vt 0.196661 0.036393
vt 0.092979 0.036809
vt 0.185958 0.073619
vt 0.083700 0.054721
vt 0.167399 0.109442
vt 0.070711 0.070711
vt 0.141421 0.141421
vt 0.054721 0.083700
vt 0.109442 0.167399
vt 0.036809 0.092979
vt 0.073619 0.185958
vt 0.018196 0.098331
vt 0.036393 0.196661
vt -0.000000 0.100000
vt 0.000000 0.200000
vt -0.036393 0.196661
vt 0.092979 -0.036809
vt 0.185958 -0.073619
vt 0.083700 -0.054721
vt 0.167399 -0.109442
vt 0.070711 -0.070711
vt 0.141421 -0.141421
vt 0.054721 -0.083700
vt 0.109442 -0.167399
vt 0.036809 -0.092979
vt 0.073619 -0.185958
vt 0.018196 -0.098330
vt 0.036393 -0.196661
vt 0.000000 -0.100000
vt -0.000000 -0.200000
vt -0.018196 -0.098330
vt -0.036393 -0.196661
vt -0.073619 -0.185958
vt -0.036809 -0.092979
vt -0.109442 -0.167399
vt -0.054721 -0.083700
vt -0.141421 -0.141421
vt -0.070711 -0.070711
vt -0.167399 -0.109442
vt -0.083700 -0.054721
vt -0.185958 -0.073619
vt -0.092979 -0.036809
vt -0.196661 -0.036393
vt -0.098331 -0.018196
vt -0.200000 0.000000
vt -0.100000 0.000000
vt -0.098331 0.018196
vt -0.196661 0.036393
vt -0.092979 0.036809
vt -0.185958 0.073619
vt -0.083700 0.054721
vt -0.167399 0.109442
vt -0.070711 0.070711
vt -0.141421 0.141421
vt -0.054721 0.083700
vt -0.109442 0.167399
vt -0.036809 0.092979
vt -0.073619 0.185958
vt -0.018196 0.098331
vt -0.380698 0.255000
vt -0.380698 0.000000
vt -0.190349 0.127500
vt -0.000000 0.000000
vt 0.000000 0.255000
vt -0.338000 0.255000
vt -0.338000 0.000000
vt -0.169000 0.127500
vt -0.000000 0.000000
vt -0.000000 0.255000
vt -0.324000 0.255000
vt -0.324000 0.000000
vt -0.162000 0.127500
vt 0.000000 0.000000
vt -0.000000 0.255000
vt -0.000000 0.000000
vt 0.000000 0.255000
vt -0.000000 0.000000
vt 0.000000 0.255000
vt -0.000000 0.000000
vt 0.000000 0.255000
vt -0.289392 0.130687
vt -0.414078 0.279156
vt -0.291896 0.103393
vt -0.430203 -0.044442
vt -0.289392 0.076098
vt -0.281364 0.048178
vt -0.267445 0.021311
vt -0.247962 -0.002673
vt -0.223977 -0.022157
vt -0.158020 -0.220206
vt -0.197110 -0.036076
vt -0.169190 -0.044103
vt -0.141896 -0.046607
vt -0.114601 -0.044103
vt -0.086682 -0.036076
vt 0.000000 -0.050050
vt -0.059814 -0.022157
vt -0.035830 -0.002673
vt 0.000000 -0.002447
vt -0.016346 0.021311
vt -0.002428 0.048178
vt 0.005600 0.076098
vt 0.348742 -0.058512
vt 0.146411 0.251228
vt 0.430203 0.067635
vt -0.281364 0.158607
vt -0.267445 0.185474
vt -0.247962 0.209459
vt -0.223977 0.228942
vt -0.197110 0.242861
vt -0.125771 0.426991
vt -0.169190 0.250888
vt -0.141896 0.253393
vt -0.114601 0.250888
vt -0.086682 0.242861
vt -0.059814 0.228942
vt -0.035830 0.209459
vt -0.016346 0.185474
vt -0.002428 0.158607
vt 0.005600 0.130687
vt 0.008104 0.103393
vt 0.161621 -0.426991
vt 0.245639 -0.237906
vt 0.289392 0.076098
vt 0.430203 -0.044442
vt 0.291896 0.103393
vt 0.414078 0.279156
vt 0.289392 0.130687
vt 0.281364 0.158607
vt 0.267445 0.185474
vt 0.247962 0.209459
vt 0.223977 0.228942
vt 0.197110 0.242861
vt 0.125771 0.426991
vt 0.169190 0.250888
vt 0.141896 0.253393
vt 0.114601 0.250888
vt 0.086682 0.242861
vt 0.059814 0.228942
vt -0.146411 0.251228
vt 0.035830 0.209459
vt 0.016346 0.185474
vt 0.002428 0.158607
vt -0.005600 0.130687
vt -0.008104 0.103393
vt -0.005600 0.076098
vt -0.348742 -0.058512
vt -0.000000 -0.002447
vt -0.000000 -0.050050
vt 0.035830 -0.002673
vt 0.059814 -0.022157
vt 0.086682 -0.036076
vt 0.158020 -0.220206
vt 0.114601 -0.044103
vt 0.141896 -0.046607
vt 0.169190 -0.044103
vt 0.197110 -0.036076
vt 0.223977 -0.022157
vt 0.247962 -0.002673
vt 0.267445 0.021311
vt 0.281364 0.048178
vt 0.016346 0.021311
vt 0.002428 0.048178
vt -0.430203 0.067635
vt -0.245639 -0.237906
vt -0.161621 -0.426991
vt 0.000000 -0.524391
vt 1.095000 -0.524391
vt 0.775000 -0.262195
vt 1.095000 -0.315062
vt 1.095000 -0.107435
vt 0.775000 0.000000
vt 1.350000 -0.107435
vt 1.550000 0.119690
vt 1.550000 -0.201050
vt 1.350000 -0.315062
vt 1.550000 -0.524391
vt 1.350000 -0.524391
vt 1.000000 0.119690
vt 0.775000 0.262195
vt 0.000000 0.262195
vt 0.000000 0.524391
vt 1.000000 0.524391
vt 0.000000 0.000000
vt 0.000000 -0.262195
vt 0.550000 0.026517
vt 0.650000 0.022729
vt 0.750000 0.026517
vt 0.650000 0.045458
vt 0.750000 0.053034
vt 0.650000 0.068187
vt 0.750000 0.079551
vt 0.650000 0.090915
vt 0.750000 0.106068
vt 0.650000 0.113644
vt 0.750000 0.132585
vt 0.650000 0.136373
vt 0.750000 0.159102
vt 0.650000 0.159102
vt 0.650000 0.181831
vt 0.550000 0.159102
vt 0.550000 0.185619
vt 0.650000 0.212136
vt 0.550000 0.212136
vt 0.550000 0.238653
vt 0.650000 0.242441
vt 0.550000 0.265170
vt 0.650000 0.272746
vt 0.550000 0.291687
vt 0.650000 0.303051
vt 0.550000 0.318204
vt 0.650000 0.333357
vt 0.550000 0.344721
vt 0.650000 0.363662
vt 0.550000 0.371238
vt 0.650000 0.393967
vt 0.550000 0.397755
vt 0.550000 0.424272
vt 0.750000 0.397755
vt 0.750000 0.424272
vt 0.750000 0.185619
vt 0.750000 0.212136
vt 0.750000 0.238653
vt 0.750000 0.265170
vt 0.750000 0.291687
vt 0.750000 0.318204
vt 0.750000 0.344721
vt 0.750000 0.371238
vt 0.550000 0.132585
vt 0.550000 0.106068
vt 0.550000 0.079551
vt 0.550000 0.053034
vt 1.005000 0.026517
vt 1.052500 0.022729
vt 1.100000 0.026517
vt 1.052500 0.045458
vt 1.100000 0.053034
vt 1.052500 0.068187
vt 1.100000 0.079551
vt 1.052500 0.090915
vt 1.100000 0.106068
vt 1.052500 0.113644
vt 1.100000 0.132585
vt 1.052500 0.136373
vt 1.100000 0.159102
vt 1.052500 0.159102
vt 1.052500 0.181831
vt 1.005000 0.159102
vt 1.005000 0.185619
vt 1.052500 0.212136
vt 1.005000 0.212136
vt 1.005000 0.238653
vt 1.052500 0.242441
vt 1.005000 0.265170
vt 1.052500 0.272746
vt 1.005000 0.291687
vt 1.052500 0.303051
vt 1.005000 0.318204
vt 1.052500 0.333357
vt 1.005000 0.344721
vt 1.052500 0.363662
vt 1.005000 0.371238
vt 1.052500 0.393967
vt 1.005000 0.397755
vt 1.005000 0.424272
vt 1.100000 0.397755
vt 1.100000 0.424272
vt 1.100000 0.185619
vt 1.100000 0.212136
vt 1.100000 0.238653
vt 1.100000 0.265170
vt 1.100000 0.291687
vt 1.100000 0.318204
vt 1.100000 0.344721
vt 1.100000 0.371238
vt 1.005000 0.132585
vt 1.005000 0.106068
vt 1.005000 0.079551
vt 1.005000 0.053034
vt -0.147496 0.027294
vt -0.150000 0.000000
vt 0.000000 0.000000
vt -0.147496 -0.027294
vt -0.139468 -0.055214
vt -0.125549 -0.082081
vt -0.106066 -0.106066
vt -0.082081 -0.125549
vt -0.055214 -0.139468
vt -0.027294 -0.147496
vt 0.000000 -0.150000
vt 0.027294 -0.147496
vt 0.055214 -0.139468
vt 0.082081 -0.125549
vt 0.106066 -0.106066
vt 0.125549 -0.082081
vt 0.139468 -0.055214
vt 0.147496 -0.027294
vt 0.147496 0.027294
vt 0.139468 0.055214
vt 0.125549 0.082081
vt 0.106066 0.106066
vt 0.082081 0.125549
vt 0.055214 0.139468
vt 0.027294 0.147496
vt -0.000000 0.150000
vt -0.027294 0.147496
vt -0.055214 0.139468
vt -0.082081 0.125549
vt -0.106066 0.106066
vt -0.125549 0.082081
vt -0.139468 0.055214
vt 0.550000 0.531528
vt 0.000000 0.531528
vt 0.275000 0.265764
vt 0.000000 0.265764
vt 0.000000 0.000000
vt 0.550000 0.265764
vt 0.000000 0.550000
vt 0.000000 0.000000
vt 0.534290 0.275000
vt 1.068580 0.000000
vt 1.068580 0.550000
vt 0.093532 -0.059455
vt 0.096036 -0.086750
vt 0.436674 -0.248655
vt 0.093532 -0.114044
vt 0.085504 -0.141964
vt 0.071585 -0.168831
vt 0.285065 -0.530680
vt 0.052102 -0.192816
vt 0.012191 -0.238355
vt 0.028117 -0.212299
vt 0.001250 -0.226218
vt -0.026670 -0.234246
vt -0.053964 -0.236750
vt 0.180405 -0.833285
vt -0.081259 -0.234246
vt -0.109178 -0.226218
vt -0.136046 -0.212299
vt -0.717276 -0.253601
vt -0.160030 -0.192816
vt -0.179514 -0.168831
vt -0.193432 -0.141964
vt -0.201460 -0.114044
vt -0.548118 0.069711
vt -0.203964 -0.086750
vt -0.201460 -0.059455
vt -0.193432 -0.031536
vt -0.179514 -0.004668
vt -0.160030 0.019316
vt -0.202759 0.604525
vt -0.136046 0.038800
vt -0.109178 0.052719
vt -0.081259 0.060746
vt -0.053964 0.063250
vt -0.026670 0.060746
vt -0.155959 0.665995
vt 0.001250 0.052719
vt -0.097822 0.721503
vt -0.029602 0.768085
vt 0.046448 0.803197
vt 0.028117 0.038800
vt 0.127293 0.825121
vt 0.209501 0.833224
vt 0.519069 0.595812
vt 0.289712 0.828010
vt 0.365062 0.810945
vt 0.052102 0.019316
vt 0.071585 -0.004668
vt 0.637310 0.062045
vt 0.085504 -0.031536
vt 0.679479 0.142580
vt 0.706690 0.230946
vt 0.717166 0.322812
vt 0.710800 0.413496
vt 2.825000 3.406101
vt 2.825000 3.671866
vt 2.615000 3.406101
vt 2.405000 3.671866
vt 2.405000 3.406101
vt 2.405000 3.140337
vt 2.825000 3.140337
vt -0.580000 0.045435
vt -1.000000 0.045435
vt -0.580000 -0.047424
vt -1.065000 -0.047424
vt -0.580000 -0.140283
vt -1.065000 -0.140283
vt -0.580000 -0.233142
vt -1.065000 -0.233142
vt -0.580000 -0.326001
vt -1.550000 -0.326001
vt -1.550000 -0.233142
vt -1.550000 -0.140283
vt -1.550000 -0.047424
vt -1.550000 0.045435
vt -1.000000 0.205836
vt -0.500000 0.201636
vt -1.000000 0.235242
vt -0.000000 0.205836
vt -0.000000 0.235242
vt -1.000000 0.176431
vt -0.500000 0.168030
vt -0.000000 0.176431
vt -0.000000 0.147026
vt -0.500000 0.134424
vt -0.000000 0.117621
vt -0.500000 0.100818
vt -0.000000 0.088216
vt -0.500000 0.067212
vt -0.000000 0.058810
vt -0.500000 0.033606
vt -0.000000 0.029405
vt -0.500000 0.000000
vt -0.000000 0.000000
vt -0.000000 -0.029405
vt -0.500000 -0.033606
vt -0.000000 -0.058810
vt -0.500000 -0.058810
vt -0.500000 -0.084015
vt -1.000000 -0.058810
vt -1.000000 -0.088216
vt -1.000000 0.147026
vt -1.000000 0.117621
vt -1.000000 0.088216
vt -1.000000 0.058810
vt -1.000000 0.029405
vt -1.000000 0.000000
vt -1.000000 -0.029405
vt -0.500000 -0.109219
vt -1.000000 -0.117621
vt -0.500000 -0.134424
vt -1.000000 -0.147026
vt -0.500000 -0.159628
vt -1.000000 -0.176431
vt -0.500000 -0.184833
vt -1.000000 -0.205837
vt -0.000000 -0.205837
vt -0.000000 -0.235242
vt -1.000000 -0.235242
vt -0.000000 -0.176431
vt -0.000000 -0.147026
vt -0.000000 -0.117621
vt -0.000000 -0.088216
vt -0.000000 0.000000
vt 0.082052 0.000000
vt 0.041026 0.500000
vt 0.082052 1.000000
vt -0.000000 1.000000
vt -0.411750 1.844517
vt -1.309431 2.424200
vt -0.472644 1.448079
vt -1.411349 2.101604
vt -1.457436 1.766445
vt -0.536319 0.223932
vt -1.561997 -0.243738
vt -0.534803 -0.009754
vt -1.560481 -0.477425
vt -0.505107 -0.246702
vt -1.530785 -0.714372
vt -1.471997 -0.949467
vt -1.384458 -1.177372
vt -1.269803 -1.392913
vt -0.446319 -0.481796
vt -1.130865 -1.591462
vt -0.971452 -1.769264
vt -0.358780 -0.709701
vt -0.796021 -1.923651
vt -0.244124 -0.925242
vt -0.105187 -1.123792
vt 0.054227 -1.301593
vt 0.229658 -1.455981
vt 1.157995 -3.450295
vt 1.616054 -2.539153
vt 1.570194 -3.420815
vt 1.202605 -3.519161
vt 1.298648 -3.597087
vt 1.269445 -3.583038
vt 1.243219 -3.564727
vt 1.220784 -3.543076
vt 1.329737 -3.606235
vt 1.361473 -3.610223
vt 1.392635 -3.609193
vt 1.422155 -3.603630
vt 1.450509 -3.593709
vt 1.478022 -3.579041
vt 1.503527 -3.559738
vt 1.525894 -3.536288
vt 1.544180 -3.509534
vt 1.557758 -3.480573
vt 1.566385 -3.450612
vt 1.000000 0.978380
vt 0.000000 0.978380
vt 0.500000 0.733785
vt 0.000000 0.733785
vt 0.500000 0.489190
vt 0.000000 0.489190
vt 0.500000 0.244595
vt 0.000000 0.244595
vt 0.500000 0.000000
vt 0.000000 0.000000
vt 0.500000 -0.244595
vt 0.000000 -0.244595
vt 0.500000 -0.489190
vt 0.000000 -0.489190
vt 0.500000 -0.733785
vt 0.000000 -0.733785
vt 0.000000 -0.978380
vt 1.000000 -0.978380
vt 1.000000 -0.733785
vt 1.000000 -0.489190
vt 1.000000 -0.244595
vt 1.000000 0.000000
vt 1.000000 0.244595
vt 1.000000 0.489190
vt 1.000000 0.733785
vt 2.266439 1.000000
vt 1.040638 1.000000
vt 1.653538 0.500000
vt 1.040638 0.000000
vt 2.266439 0.000000
vt 0.533561 1.095000
vt 0.533561 0.000000
vt 0.683723 1.095000
vt 0.903411 0.580000
vt 0.903411 1.550000
vt 1.332572 0.000000
vt 1.332572 0.580000
vt 0.683723 1.350000
vt 0.533561 1.550000
vt 0.533561 1.350000
vt 0.000000 0.524391
vt -1.000000 0.524391
vt -0.775000 0.262195
vt -1.000000 0.182827
vt -0.775000 0.000000
vt -1.000000 -0.156097
vt -0.775000 -0.262195
vt -1.550000 -0.156097
vt -1.550000 -0.524391
vt -0.000000 -0.524391
vt -0.000000 -0.262195
vt -0.000000 0.000000
vt -0.000000 0.262195
vt 2.546462 1.000000
vt 0.533561 1.000000
vt 1.540011 0.500000
vt 2.546462 0.000000
vt 0.000000 0.978380
vt -1.000000 0.978380
vt -0.500000 0.733785
vt -1.000000 0.733785
vt -0.500000 0.489190
vt -1.000000 0.489190
vt -0.500000 0.244595
vt -1.000000 0.244595
vt -0.500000 -0.244595
vt -1.000000 -0.244595
vt -0.500000 -0.489190
vt -1.000000 -0.489190
vt -0.500000 -0.733785
vt -1.000000 -0.733785
vt -1.000000 -0.978380
vt -0.000000 -0.978380
vt -0.000000 -0.733785
vt -0.000000 -0.489190
vt -0.000000 -0.244595
vt -0.000000 0.000000
vt -0.000000 0.244595
vt -0.000000 0.489190
vt -0.000000 0.733785
vt 0.000000 0.000000
vt 1.535130 0.000000
vt 0.898499 0.580000
vt 1.535130 1.550000
vt 0.898499 1.550000
vt 0.000000 0.580000
vt -0.580000 0.621693
vt -0.580000 0.705753
vt -1.000000 0.621693
vt -1.065000 0.705753
vt -1.550000 0.621693
vt -1.550000 0.705753
vt -1.065000 0.789814
vt -1.550000 0.789814
vt -1.065000 0.873874
vt -1.550000 0.873874
vt -1.065000 0.957935
vt -1.550000 0.957935
vt -1.065000 1.041995
vt -1.550000 1.041995
vt -1.065000 1.126056
vt -1.550000 1.126056
vt -1.065000 1.210117
vt -1.550000 1.210117
vt -1.550000 1.294177
vt -0.580000 1.294177
vt -0.580000 1.210117
vt -0.580000 1.126056
vt -0.580000 1.041995
vt -0.580000 0.957935
vt -0.580000 0.873874
vt -0.580000 0.789814
vt 1.500000 1.000000
vt 0.617146 1.000000
vt 1.058573 0.500000
vt 0.617146 0.000000
vt 1.500000 0.000000
vt 3.520319 1.000000
vt 2.280478 0.500000
vt 3.520319 0.000000
vt -0.000000 0.000000
vt 1.759362 0.000000
vt 0.879681 0.500000
vt 1.759362 1.000000
vt -0.000000 1.000000
vt -0.300000 -3.252334
vt 0.280000 -3.252334
vt -0.300000 -3.049063
vt -0.010000 -2.947428
vt -0.300000 -2.845792
vt -0.010000 -2.794975
vt -0.300000 -2.642521
vt -0.010000 -2.642521
vt -0.010000 -2.490068
vt 0.280000 -2.642521
vt 0.280000 -2.439250
vt 0.280000 -3.049063
vt 0.280000 -2.845792
vt -0.010000 -2.337615
vt 0.280000 -2.235980
vt -0.010000 -2.185162
vt 0.280000 -2.032709
vt -0.010000 -2.032709
vt 0.280000 -1.829438
vt -0.010000 -1.727802
vt 0.280000 -1.626167
vt -0.010000 -1.422896
vt 0.280000 -1.422896
vt -0.010000 -1.270443
vt 0.280000 -1.219625
vt -0.010000 -1.117990
vt 0.280000 -1.016354
vt -0.010000 -0.965537
vt 0.280000 -0.813083
vt -0.010000 -0.813083
vt 0.280000 -0.609813
vt -0.010000 -0.558995
vt 0.280000 -0.406542
vt -0.010000 -0.304906
vt 0.280000 -0.203271
vt -0.010000 -0.050818
vt 0.280000 0.000000
vt -0.010000 0.203271
vt 0.280000 0.203271
vt 0.280000 0.406542
vt -0.010000 0.457359
vt 0.280000 0.609813
vt -0.010000 0.711448
vt 0.280000 0.813083
vt -0.010000 0.965537
vt 0.280000 1.016354
vt -0.010000 1.219625
vt 0.280000 1.219625
vt 0.280000 1.422896
vt -0.010000 1.473714
vt 0.280000 1.626167
vt -0.010000 1.727802
vt 0.280000 1.829438
vt -0.010000 1.981891
vt 0.280000 2.032709
vt -0.010000 2.235980
vt 0.280000 2.235980
vt 0.280000 2.439250
vt -0.010000 2.490068
vt 0.280000 2.642521
vt -0.010000 2.744157
vt 0.280000 2.845792
vt -0.010000 2.998245
vt 0.280000 3.049063
vt -0.300000 3.252334
vt 0.280000 3.252334
vt -0.300000 3.049063
vt -0.300000 2.845792
vt -0.300000 2.642521
vt -0.300000 2.439250
vt -0.300000 2.235980
vt -0.300000 2.032709
vt -0.300000 1.829438
vt -0.300000 1.626167
vt -0.300000 1.422896
vt -0.300000 1.219625
vt -0.300000 1.016354
vt -0.300000 0.813083
vt -0.300000 0.609813
vt -0.300000 0.406542
vt -0.300000 0.203271
vt -0.300000 0.000000
vt -0.300000 -0.203271
vt -0.300000 -0.406542
vt -0.300000 -0.609813
vt -0.300000 -0.813083
vt -0.300000 -1.016354
vt -0.300000 -1.219625
vt -0.300000 -1.422896
vt -0.300000 -1.626167
vt -0.300000 -1.829438
vt -0.300000 -2.032709
vt -0.300000 -2.235980
vt -0.300000 -2.439250
vt 0.018232 -0.299446
vt -0.000000 -0.195000
vt -0.036561 -0.297764
vt -0.035483 -0.191745
vt -0.090132 -0.286140
vt -0.071778 -0.181309
vt -0.143599 -0.263399
vt -0.106706 -0.163214
vt -0.193541 -0.229221
vt -0.137886 -0.137886
vt -0.236403 -0.184698
vt -0.163214 -0.106706
vt -0.269233 -0.132338
vt -0.181309 -0.071778
vt -0.290315 -0.075611
vt -0.191745 -0.035483
vt -0.299446 -0.018232
vt -0.195000 0.000000
vt -0.297764 0.036561
vt -0.191745 0.035483
vt -0.286140 0.090132
vt -0.181309 0.071778
vt -0.263400 0.143599
vt -0.163214 0.106706
vt -0.229221 0.193541
vt -0.137886 0.137886
vt -0.184698 0.236403
vt -0.106706 0.163214
vt -0.132338 0.269233
vt -0.071778 0.181309
vt -0.075611 0.290315
vt -0.035483 0.191745
vt -0.018232 0.299446
vt -0.000000 0.195000
vt 0.036561 0.297764
vt 0.035483 0.191745
vt 0.090132 0.286140
vt 0.071778 0.181309
vt 0.143599 0.263399
vt 0.106706 0.163214
vt 0.193541 0.229221
vt 0.137886 0.137886
vt 0.236403 0.184698
vt 0.163214 0.106706
vt 0.269233 0.132338
vt 0.181309 0.071778
vt 0.290315 0.075611
vt 0.191745 0.035483
vt 0.299446 0.018232
vt 0.195000 0.000000
vt 0.297764 -0.036561
vt 0.191745 -0.035483
vt 0.286140 -0.090132
vt 0.181309 -0.071778
vt 0.263400 -0.143599
vt 0.163214 -0.106706
vt 0.229221 -0.193541
vt 0.137886 -0.137886
vt 0.184698 -0.236403
vt 0.106706 -0.163214
vt 0.132338 -0.269233
vt 0.071778 -0.181309
vt 0.075611 -0.290315
vt 0.035483 -0.191745
vt 0.705224 -1.092089
vt 0.804332 1.021299
vt 0.622812 1.141098
vt 0.521714 -1.190720
vt 0.315904 -1.261033
vt 0.094688 -1.296547
vt -0.000000 -0.200000
vt -0.132768 -1.293202
vt -0.356157 -1.250261
vt -0.565543 -1.170538
vt -0.752773 -1.059874
vt -0.912414 -0.926013
vt -1.048622 -0.768370
vt -1.162044 -0.582799
vt -1.244855 -0.374615
vt -1.102403 0.688990
vt -0.978185 0.856244
vt -0.821749 1.007337
vt -0.636580 1.133475
vt -0.429254 1.227086
vt -0.208785 1.283125
vt 0.014634 1.299918
vt -0.000000 0.200000
vt 0.231142 1.279286
vt 0.432531 1.225935
vt -0.583195 -7.643073
vt -0.574568 -7.673035
vt -0.587004 -7.613276
vt -0.560990 -7.701996
vt -0.542704 -7.728749
vt -0.520337 -7.752199
vt -0.494831 -7.771502
vt -0.467319 -7.786169
vt -0.438965 -7.796091
vt -0.409445 -7.801654
vt -0.378283 -7.802685
vt -0.632864 -6.731614
vt -0.346547 -7.798697
vt -0.315458 -7.789548
vt -0.286255 -7.775499
vt -0.219415 -7.711622
vt -0.174805 -7.642756
vt -0.260029 -7.757188
vt -0.237594 -7.735537
vt 1.779211 -6.116112
vt 1.954642 -5.961725
vt 0.753532 -5.648442
vt 0.928964 -5.494054
vt 1.088377 -5.316253
vt 1.227314 -5.117703
vt 1.341970 -4.902163
vt 1.429509 -4.674257
vt 1.488297 -4.439163
vt 2.114055 -5.783923
vt 2.252993 -5.585374
vt 1.517993 -4.202215
vt 2.367648 -5.369833
vt 2.455187 -5.141928
vt 2.513975 -4.906833
vt 2.543672 -4.669886
vt 2.545187 -4.436199
vt 1.519509 -3.968529
vt 2.440626 -2.426016
vt 1.455834 -2.744382
vt 2.410377 -2.168371
vt 2.346352 -1.914692
vt 2.249761 -1.671541
vt 2.123463 -1.444948
vt 1.425586 -2.486737
vt 1.361561 -2.233058
vt 1.264969 -1.989908
vt 1.290686 -0.155334
vt 1.138672 -1.763314
vt 1.104240 0.686043
vt 0.967748 0.868023
vt 1.298926 0.052840
vt 1.271939 0.268648
vt 1.206921 0.483056
vt -1.198308 0.504041
vt -1.265568 0.297214
vt -1.291097 -0.151885
vt -1.297806 0.075496
vt 0.080000 -0.017678
vt 0.015000 -0.020203
vt 0.080000 -0.035356
vt 0.015000 -0.040407
vt 0.080000 -0.053034
vt 0.015000 -0.060610
vt 0.080000 -0.070712
vt 0.015000 -0.080814
vt 0.080000 -0.088390
vt 0.015000 -0.101017
vt 0.080000 -0.106068
vt 0.015000 -0.121221
vt 0.080000 -0.123746
vt 0.015000 -0.141424
vt 0.080000 -0.141424
vt 0.080000 -0.159102
vt 0.015000 -0.161627
vt 0.080000 -0.176780
vt 0.015000 -0.176780
vt 0.015000 -0.191933
vt -0.050000 -0.176780
vt -0.050000 -0.194458
vt -0.050000 -0.017678
vt -0.050000 -0.035356
vt -0.050000 -0.053034
vt -0.050000 -0.070712
vt -0.050000 -0.088390
vt -0.050000 -0.106068
vt -0.050000 -0.123746
vt -0.050000 -0.141424
vt -0.050000 -0.159102
vt 0.015000 -0.207085
vt -0.050000 -0.212136
vt 0.015000 -0.222238
vt -0.050000 -0.229814
vt 0.015000 -0.237390
vt -0.050000 -0.247492
vt 0.015000 -0.252543
vt -0.050000 -0.265170
vt 0.015000 -0.267695
vt -0.050000 -0.282848
vt 0.080000 -0.282848
vt 0.080000 -0.265170
vt 0.080000 -0.247492
vt 0.080000 -0.229814
vt 0.080000 -0.212136
vt 0.080000 -0.194458
vt -0.080000 0.034472
vt -0.040000 0.029548
vt -0.000000 0.000000
vt -0.000000 0.034472
vt -0.040000 0.059095
vt -0.000000 0.068944
vt -0.040000 0.088643
vt -0.000000 0.103416
vt -0.040000 0.118190
vt -0.000000 0.137888
vt -0.040000 0.147738
vt -0.000000 0.172360
vt -0.040000 0.177285
vt -0.000000 0.206833
vt -0.040000 0.206833
vt -0.040000 0.236380
vt -0.080000 0.206833
vt -0.080000 0.241305
vt -0.040000 0.275777
vt -0.080000 0.275777
vt -0.080000 0.310249
vt -0.040000 0.315174
vt -0.080000 0.344721
vt -0.040000 0.354570
vt -0.080000 0.379193
vt -0.040000 0.393967
vt -0.080000 0.413665
vt -0.040000 0.433364
vt -0.080000 0.448137
vt -0.040000 0.472760
vt -0.080000 0.482609
vt -0.040000 0.512157
vt -0.080000 0.517081
vt -0.080000 0.551554
vt 0.000000 0.517081
vt 0.000000 0.551554
vt -0.000000 0.241305
vt -0.000000 0.275777
vt 0.000000 0.310249
vt 0.000000 0.344721
vt 0.000000 0.379193
vt 0.000000 0.413665
vt 0.000000 0.448137
vt 0.000000 0.482609
vt -0.080000 0.172360
vt -0.080000 0.137888
vt -0.080000 0.103416
vt -0.080000 0.068944
vt 0.000000 0.100000
vt 0.000000 0.195000
vt -0.000000 -0.100000
vt -0.000000 -0.195000
vt -0.294992 0.054589
vt -1.029012 0.084940
vt -1.161356 0.003043
vt -0.977897 -0.331358
vt -1.015166 -0.330647
vt -1.053725 -0.322760
vt -1.091486 -0.307102
vt -1.126123 -0.283911
vt -1.155497 -0.254335
vt -1.178073 -0.220256
vt -1.193172 -0.183910
vt -1.200981 -0.147462
vt -1.202222 -0.110207
vt -1.196364 -0.071288
vt -1.182703 -0.032760
vt -0.278174 0.217333
vt -0.278936 0.110428
vt -0.251099 0.164163
vt -0.212132 0.212132
vt -0.164163 0.251099
vt -0.331358 0.977897
vt -0.110428 0.278937
vt -0.054589 0.294992
vt 0.000000 0.300000
vt 0.003043 1.161356
vt -0.330648 1.015166
vt -0.322760 1.053725
vt -0.307102 1.091486
vt -0.283911 1.126123
vt -0.254335 1.155497
vt -0.220256 1.178073
vt -0.183910 1.193172
vt -0.147462 1.200981
vt -0.110207 1.202222
vt -0.071288 1.196364
vt -0.032760 1.182703
vt 0.084940 1.029012
vt 0.054589 0.294992
vt 0.217333 0.278174
vt 0.110428 0.278937
vt 0.164163 0.251099
vt 0.212132 0.212132
vt 0.251099 0.164163
vt 0.977897 0.331358
vt 0.278936 0.110428
vt 0.294992 0.054589
vt 0.300000 0.000000
vt 1.161356 -0.003043
vt 1.182703 0.032760
vt 1.029012 -0.084940
vt 0.294992 -0.054589
vt 0.278174 -0.217333
vt 0.278936 -0.110428
vt 0.251099 -0.164163
vt 0.212132 -0.212132
vt 0.164163 -0.251099
vt 0.331358 -0.977897
vt 0.110428 -0.278937
vt 0.054589 -0.294992
vt 0.000000 -0.300000
vt -0.003043 -1.161356
vt 0.330648 -1.015166
vt 0.322760 -1.053725
vt 0.307102 -1.091486
vt 0.283911 -1.126122
vt 0.254335 -1.155497
vt 0.220256 -1.178073
vt 0.183910 -1.193172
vt 0.147462 -1.200981
vt 0.110207 -1.202222
vt 0.071288 -1.196363
vt 0.032760 -1.182703
vt -0.084940 -1.029012
vt -0.054589 -0.294992
vt -0.217333 -0.278174
vt -0.110428 -0.278937
vt -0.164163 -0.251099
vt -0.212132 -0.212132
vt -0.251099 -0.164163
vt -0.278936 -0.110428
vt -0.294992 -0.054589
vt -1.065002 0.075235
vt -1.100508 0.058254
vt -1.133358 0.033925
vt -0.075235 -1.065002
vt -0.058254 -1.100508
vt -0.033925 -1.133358
vt 1.065002 -0.075235
vt 1.100508 -0.058254
vt 1.133358 -0.033925
vt 1.196364 0.071288
vt 1.202222 0.110207
vt 1.200981 0.147462
vt 1.193172 0.183910
vt 1.015166 0.330648
vt 1.178073 0.220256
vt 1.053725 0.322760
vt 1.155497 0.254335
vt 1.091486 0.307102
vt 1.126123 0.283911
vt 0.075235 1.065002
vt 0.058254 1.100508
vt 0.033925 1.133358
vt 0.040000 -0.060610
vt 0.040000 -0.121221
vt 0.040000 -0.181831
vt 0.040000 -0.242441
vt 0.040000 -0.303051
vt 0.080000 -0.318204
vt 0.040000 -0.363662
vt 0.080000 -0.371238
vt 0.040000 -0.424272
vt 0.080000 -0.424272
vt 0.080000 -0.477306
vt 0.040000 -0.484882
vt 0.080000 -0.530340
vt 0.040000 -0.530340
vt 0.040000 -0.575798
vt 0.000000 -0.530340
vt 0.000000 -0.583374
vt -0.000000 -0.053034
vt -0.000000 -0.106068
vt -0.000000 -0.159102
vt -0.000000 -0.212136
vt -0.000000 -0.265170
vt -0.000000 -0.318204
vt -0.000000 -0.371238
vt -0.000000 -0.424272
vt -0.000000 -0.477306
vt 0.040000 -0.621255
vt 0.000000 -0.636408
vt 0.040000 -0.666713
vt 0.000000 -0.689442
vt 0.040000 -0.712171
vt 0.000000 -0.742476
vt 0.040000 -0.757629
vt 0.000000 -0.795510
vt 0.040000 -0.803086
vt 0.000000 -0.848544
vt 0.080000 -0.848544
vt 0.080000 -0.795510
vt 0.080000 -0.742476
vt 0.080000 -0.689442
vt 0.080000 -0.636408
vt 0.080000 -0.583374
vt -0.000000 0.300000
vt 0.000000 0.000000
vt 0.381211 0.150000
vt 0.762421 0.000000
vt 0.762421 0.300000
vt -0.000000 -0.036139
vt 0.150000 -0.041302
vt -0.000000 0.000000
vt 0.300000 -0.036139
vt -0.000000 -0.072278
vt 0.150000 -0.082604
vt 0.300000 -0.072278
vt 0.300000 -0.108418
vt 0.150000 -0.123906
vt 0.300000 -0.144557
vt 0.150000 -0.165208
vt 0.300000 -0.180696
vt 0.150000 -0.206510
vt 0.300000 -0.216836
vt 0.150000 -0.247812
vt 0.300000 -0.252975
vt 0.150000 -0.289114
vt 0.300000 -0.289114
vt 0.300000 -0.325253
vt 0.150000 -0.330416
vt 0.300000 -0.361393
vt 0.150000 -0.361393
vt 0.150000 -0.392369
vt -0.000000 -0.361393
vt -0.000000 -0.397532
vt -0.000000 -0.108418
vt -0.000000 -0.144557
vt -0.000000 -0.180696
vt -0.000000 -0.216836
vt -0.000000 -0.252975
vt -0.000000 -0.289114
vt -0.000000 -0.325253
vt 0.150000 -0.423346
vt -0.000000 -0.433671
vt 0.150000 -0.454322
vt -0.000000 -0.469810
vt 0.150000 -0.485299
vt -0.000000 -0.505950
vt 0.150000 -0.516275
vt -0.000000 -0.542089
vt 0.150000 -0.547252
vt -0.000000 -0.578228
vt 0.300000 -0.578228
vt 0.300000 -0.542089
vt 0.300000 -0.505950
vt 0.300000 -0.469810
vt 0.300000 -0.433671
vt 0.300000 -0.397532
vt 0.000000 0.300000
vt -0.000000 0.000000
vt -0.000000 0.300000
vt 0.000000 0.000000
vt -0.000000 -0.036139
vt -0.000000 0.000000
vt -0.000000 -0.072278
vt 0.000000 -0.361393
vt 0.000000 -0.397532
vt -0.000000 -0.108418
vt -0.000000 -0.144557
vt -0.000000 -0.180696
vt -0.000000 -0.216836
vt -0.000000 -0.252975
vt 0.000000 -0.289114
vt 0.000000 -0.325253
vt 0.000000 -0.433671
vt 0.000000 -0.469810
vt 0.000000 -0.505950
vt 0.000000 -0.542089
vt 0.000000 -0.578228
vt 0.000000 0.300000
vt 0.000000 0.000000
vt 0.000000 0.300000
vt 0.000000 0.000000
vt -0.000000 -0.036139
vt -0.000000 0.000000
vt -0.000000 -0.072278
vt 0.000000 -0.361393
vt 0.000000 -0.397532
vt -0.000000 -0.108418
vt -0.000000 -0.144557
vt -0.000000 -0.180696
vt -0.000000 -0.216836
vt -0.000000 -0.252975
vt -0.000000 -0.289114
vt 0.000000 -0.325253
vt 0.000000 -0.433671
vt 0.000000 -0.469810
vt 0.000000 -0.505950
vt 0.000000 -0.542089
vt 0.000000 -0.578228
vt 0.000000 0.300000
vt 0.000000 0.000000
vt 0.000000 0.300000
vt 0.000000 0.000000
vt 0.000000 -0.036139
vt 0.000000 0.000000
vt 0.000000 -0.072278
vt -0.000000 -0.361393
vt -0.000000 -0.397532
vt 0.000000 -0.108418
vt 0.000000 -0.144557
vt 0.000000 -0.180696
vt 0.000000 -0.216836
vt 0.000000 -0.252975
vt 0.000000 -0.289114
vt 0.000000 -0.325253
vt -0.000000 -0.433671
vt -0.000000 -0.469810
vt -0.000000 -0.505950
vt -0.000000 -0.542089
vt -0.000000 -0.578228
vt 0.000000 0.300000
vt 0.000000 0.000000
vt -0.818204 1.010219
vt -0.969073 0.866544
vt -1.099975 0.692860
vt -0.646321 1.127949
vt -0.449233 1.219914
vt -0.233096 1.278932
vt -0.006593 1.299983
vt 0.220113 1.281230
vt 0.436837 1.224407
vt 0.634848 1.134446
vt 0.807916 1.018466
vt 0.960234 0.876328
vt 1.092891 0.703981
vt 1.197537 0.505871
vt 1.267383 0.289380
vt 1.298422 0.064027
vt 1.290133 -0.159868
vt 1.245426 -0.372713
vt 1.169894 -0.566875
vt 1.040726 -0.936424
vt 0.845966 -1.115501
vt 0.311471 -1.262136
vt 0.838211 -1.192369
vt 0.105854 -1.295683
vt -0.001839 -1.216038
vt -0.111635 -1.295198
vt -0.332368 -1.256794
vt -0.546356 -1.179616
vt -0.743614 -1.066320
vt -0.915663 -0.922801
vt -1.056691 -0.757234
vt -1.164085 -0.578711
vt -1.241581 -0.385325
vt -1.288445 -0.172945
vt -1.299005 0.050855
vt -1.270253 0.276511
vt -1.202606 0.493699
vt 1.120047 -1.653933
vt 1.053331 -1.614973
vt 0.991152 -1.564034
vt 0.936604 -1.502000
vt 0.892485 -1.430796
vt 0.860872 -1.353225
vt 0.842810 -1.272618
vt 1.198317 -0.723903
vt 1.287549 -0.706533
vt 1.380007 -0.705735
vt 1.471031 -0.721975
vt 1.556105 -0.754014
s 1
usemtl Plastic_-_Matte_(Black).019
f 2106/1560/618 2036/1561/619 2108/1562/620
f 2108/1562/620 2036/1561/619 2038/1563/621
f 2108/1562/620 2038/1563/621 2040/1564/618
f 2108/1562/620 2040/1564/618 2107/1565/622
f 2107/1565/622 2040/1564/618 2042/1566/623
f 2107/1565/622 2042/1566/623 2109/1567/624
f 2109/1567/624 2042/1566/623 2044/1568/625
f 2109/1567/624 2044/1568/625 2110/1569/626
f 2110/1569/626 2044/1568/625 2046/1570/627
f 2110/1569/626 2046/1570/627 2111/1571/628
f 2111/1571/628 2046/1570/627 2048/1572/629
f 2111/1571/628 2048/1572/629 2112/1573/630
f 2112/1573/630 2048/1572/629 2050/1574/631
f 2112/1573/630 2050/1574/631 2113/1575/632
f 2113/1575/632 2050/1574/631 2114/1576/633
f 2113/1575/632 2114/1576/633 2094/1577/631
f 2094/1577/631 2114/1576/633 2092/1578/634
f 2092/1578/634 2114/1576/633 2115/1579/635
f 2092/1578/634 2115/1579/635 2090/1580/635
f 2090/1580/635 2115/1579/635 2088/1581/636
f 2088/1581/636 2115/1579/635 2116/1582/637
f 2088/1581/636 2116/1582/637 2086/1583/638
f 2086/1583/638 2116/1582/637 2117/1584/639
f 2086/1583/638 2117/1584/639 2084/1585/640
f 2084/1585/640 2117/1584/639 2118/1586/641
f 2084/1585/640 2118/1586/641 2082/1587/642
f 2082/1587/642 2118/1586/641 2119/1588/643
f 2082/1587/642 2119/1588/643 2080/1589/644
f 2080/1589/644 2119/1588/643 2120/1590/645
f 2080/1589/644 2120/1590/645 2078/1591/646
f 2078/1591/646 2120/1590/645 2121/1592/647
f 2078/1591/646 2121/1592/647 2076/1593/648
f 2076/1593/648 2121/1592/647 2073/1594/649
f 2073/1594/649 2121/1592/647 2068/1595/648
f 2073/1594/649 2068/1595/648 2070/1596/650
f 2050/1574/631 2052/1597/651 2114/1576/633
f 2114/1576/633 2052/1597/651 2115/1579/635
f 2052/1597/651 2054/1598/635 2115/1579/635
f 2115/1579/635 2054/1598/635 2056/1599/636
f 2115/1579/635 2056/1599/636 2116/1582/637
f 2116/1582/637 2056/1599/636 2058/1600/638
f 2116/1582/637 2058/1600/638 2117/1584/639
f 2117/1584/639 2058/1600/638 2060/1601/640
f 2117/1584/639 2060/1601/640 2118/1586/641
f 2118/1586/641 2060/1601/640 2062/1602/652
f 2118/1586/641 2062/1602/652 2119/1588/643
f 2119/1588/643 2062/1602/652 2064/1603/644
f 2119/1588/643 2064/1603/644 2120/1590/645
f 2120/1590/645 2064/1603/644 2066/1604/653
f 2120/1590/645 2066/1604/653 2121/1592/647
f 2121/1592/647 2066/1604/653 2068/1595/648
f 2113/1575/632 2094/1577/631 2112/1573/630
f 2112/1573/630 2094/1577/631 2096/1605/654
f 2112/1573/630 2096/1605/654 2111/1571/628
f 2111/1571/628 2096/1605/654 2098/1606/627
f 2111/1571/628 2098/1606/627 2110/1569/626
f 2110/1569/626 2098/1606/627 2101/1607/625
f 2110/1569/626 2101/1607/625 2109/1567/624
f 2109/1567/624 2101/1607/625 2104/1608/623
f 2109/1567/624 2104/1608/623 2107/1565/622
f 2107/1565/622 2104/1608/623 2106/1560/618
f 2107/1565/622 2106/1560/618 2108/1562/620
f 2123/1609/655 2127/1610/655 2193/1611/656
f 2193/1611/656 2127/1610/655 2194/1612/657
f 2193/1611/656 2194/1612/657 2191/1613/658
f 2191/1613/658 2194/1612/657 2195/1614/659
f 2191/1613/658 2195/1614/659 2189/1615/660
f 2189/1615/660 2195/1614/659 2196/1616/661
f 2189/1615/660 2196/1616/661 2187/1617/662
f 2187/1617/662 2196/1616/661 2197/1618/663
f 2187/1617/662 2197/1618/663 2185/1619/664
f 2185/1619/664 2197/1618/663 2198/1620/665
f 2185/1619/664 2198/1620/665 2183/1621/666
f 2183/1621/666 2198/1620/665 2199/1622/667
f 2183/1621/666 2199/1622/667 2181/1623/668
f 2181/1623/668 2199/1622/667 2200/1624/669
f 2181/1623/668 2200/1624/669 2178/1625/670
f 2178/1625/670 2200/1624/669 2177/1626/671
f 2177/1626/671 2200/1624/669 2201/1627/672
f 2177/1626/671 2201/1627/672 2175/1628/673
f 2175/1628/673 2201/1627/672 2202/1629/673
f 2175/1628/673 2202/1629/673 2203/1630/674
f 2203/1630/674 2202/1629/673 2147/1631/673
f 2203/1630/674 2147/1631/673 2149/1632/675
f 2127/1610/655 2129/1633/656 2194/1612/657
f 2194/1612/657 2129/1633/656 2131/1634/676
f 2194/1612/657 2131/1634/676 2195/1614/659
f 2195/1614/659 2131/1634/676 2133/1635/660
f 2195/1614/659 2133/1635/660 2196/1616/661
f 2196/1616/661 2133/1635/660 2135/1636/662
f 2196/1616/661 2135/1636/662 2197/1618/663
f 2197/1618/663 2135/1636/662 2137/1637/664
f 2197/1618/663 2137/1637/664 2198/1620/665
f 2198/1620/665 2137/1637/664 2139/1638/666
f 2198/1620/665 2139/1638/666 2199/1622/667
f 2199/1622/667 2139/1638/666 2141/1639/668
f 2199/1622/667 2141/1639/668 2200/1624/669
f 2200/1624/669 2141/1639/668 2142/1640/670
f 2200/1624/669 2142/1640/670 2145/1641/671
f 2200/1624/669 2145/1641/671 2201/1627/672
f 2201/1627/672 2145/1641/671 2147/1631/673
f 2201/1627/672 2147/1631/673 2202/1629/673
f 2203/1630/674 2149/1632/675 2204/1642/677
f 2204/1642/677 2149/1632/675 2151/1643/678
f 2204/1642/677 2151/1643/678 2205/1644/679
f 2205/1644/679 2151/1643/678 2153/1645/680
f 2205/1644/679 2153/1645/680 2206/1646/681
f 2206/1646/681 2153/1645/680 2155/1647/682
f 2206/1646/681 2155/1647/682 2207/1648/683
f 2207/1648/683 2155/1647/682 2157/1649/684
f 2207/1648/683 2157/1649/684 2208/1650/685
f 2208/1650/685 2157/1649/684 2160/1651/686
f 2208/1650/685 2160/1651/686 2163/1652/686
f 2163/1652/686 2165/1653/687 2208/1650/685
f 2208/1650/685 2165/1653/687 2207/1648/683
f 2165/1653/687 2167/1654/688 2207/1648/683
f 2207/1648/683 2167/1654/688 2206/1646/681
f 2167/1654/688 2169/1655/689 2206/1646/681
f 2206/1646/681 2169/1655/689 2205/1644/679
f 2169/1655/689 2171/1656/678 2205/1644/679
f 2205/1644/679 2171/1656/678 2204/1642/677
f 2171/1656/678 2173/1657/675 2204/1642/677
f 2204/1642/677 2173/1657/675 2203/1630/674
f 2173/1657/675 2175/1628/673 2203/1630/674
f 2288/1658/684 2210/1659/686 2290/1660/690
f 2290/1660/690 2210/1659/686 2213/1563/686
f 2290/1660/690 2213/1563/686 2216/1661/684
f 2290/1660/690 2216/1661/684 2289/1662/691
f 2289/1662/691 2216/1661/684 2218/1663/692
f 2289/1662/691 2218/1663/692 2291/1664/693
f 2291/1664/693 2218/1663/692 2221/1564/689
f 2291/1664/693 2221/1564/689 2292/1665/694
f 2292/1665/694 2221/1564/689 2224/1666/695
f 2292/1665/694 2224/1666/695 2293/1667/696
f 2293/1667/696 2224/1666/695 2226/1668/675
f 2293/1667/696 2226/1668/675 2294/1669/697
f 2294/1669/697 2226/1668/675 2228/1566/673
f 2294/1669/697 2228/1566/673 2295/1670/673
f 2295/1670/673 2228/1566/673 2296/1671/698
f 2295/1670/673 2296/1671/698 2278/1672/673
f 2278/1672/673 2296/1671/698 2276/1673/699
f 2276/1673/699 2296/1671/698 2297/1674/669
f 2276/1673/699 2297/1674/669 2274/1675/669
f 2274/1675/669 2297/1674/669 2272/1676/700
f 2272/1676/700 2297/1674/669 2298/1677/701
f 2272/1676/700 2298/1677/701 2270/1678/666
f 2270/1678/666 2298/1677/701 2299/1679/665
f 2270/1678/666 2299/1679/665 2268/1680/664
f 2268/1680/664 2299/1679/665 2300/1681/663
f 2268/1680/664 2300/1681/663 2266/1682/662
f 2266/1682/662 2300/1681/663 2301/1683/702
f 2266/1682/662 2301/1683/702 2264/1684/660
f 2264/1684/660 2301/1683/702 2302/1685/703
f 2264/1684/660 2302/1685/703 2262/1686/658
f 2262/1686/658 2302/1685/703 2303/1687/657
f 2262/1686/658 2303/1687/657 2260/1688/656
f 2260/1688/656 2303/1687/657 2256/1689/704
f 2256/1689/704 2303/1687/657 2250/1572/656
f 2256/1689/704 2250/1572/656 2252/1690/704
f 2228/1566/673 2231/1691/705 2296/1671/698
f 2296/1671/698 2231/1691/705 2297/1674/669
f 2231/1691/705 2232/1692/669 2297/1674/669
f 2297/1674/669 2232/1692/669 2236/1568/700
f 2297/1674/669 2236/1568/700 2298/1677/701
f 2298/1677/701 2236/1568/700 2238/1693/666
f 2298/1677/701 2238/1693/666 2299/1679/665
f 2299/1679/665 2238/1693/666 2240/1694/664
f 2299/1679/665 2240/1694/664 2300/1681/663
f 2300/1681/663 2240/1694/664 2242/1570/706
f 2300/1681/663 2242/1570/706 2301/1683/702
f 2301/1683/702 2242/1570/706 2245/1695/660
f 2301/1683/702 2245/1695/660 2302/1685/703
f 2302/1685/703 2245/1695/660 2248/1696/707
f 2302/1685/703 2248/1696/707 2303/1687/657
f 2303/1687/657 2248/1696/707 2250/1572/656
f 2295/1670/673 2278/1672/673 2294/1669/697
f 2294/1669/697 2278/1672/673 2280/1697/675
f 2294/1669/697 2280/1697/675 2293/1667/696
f 2293/1667/696 2280/1697/675 2282/1698/678
f 2293/1667/696 2282/1698/678 2292/1665/694
f 2292/1665/694 2282/1698/678 2284/1699/689
f 2292/1665/694 2284/1699/689 2291/1664/693
f 2291/1664/693 2284/1699/689 2286/1700/708
f 2291/1664/693 2286/1700/708 2289/1662/691
f 2289/1662/691 2286/1700/708 2288/1658/684
f 2289/1662/691 2288/1658/684 2290/1660/690
f 2305/1701/686 2308/1702/686 2379/1703/684
f 2379/1703/684 2308/1702/686 2380/1704/709
f 2379/1703/684 2380/1704/709 2377/1705/708
f 2377/1705/708 2380/1704/709 2381/1706/710
f 2377/1705/708 2381/1706/710 2375/1707/689
f 2375/1707/689 2381/1706/710 2382/1708/711
f 2375/1707/689 2382/1708/711 2373/1709/678
f 2373/1709/678 2382/1708/711 2383/1710/712
f 2373/1709/678 2383/1710/712 2371/1711/675
f 2371/1711/675 2383/1710/712 2384/1712/713
f 2371/1711/675 2384/1712/713 2369/1713/673
f 2369/1713/673 2384/1712/713 2385/1714/698
f 2369/1713/673 2385/1714/698 2367/1715/699
f 2367/1715/699 2385/1714/698 2386/1716/669
f 2367/1715/699 2386/1716/669 2364/1717/669
f 2364/1717/669 2386/1716/669 2363/1718/700
f 2363/1718/700 2386/1716/669 2387/1719/714
f 2363/1718/700 2387/1719/714 2361/1720/666
f 2361/1720/666 2387/1719/714 2388/1721/666
f 2361/1720/666 2388/1721/666 2389/1722/715
f 2389/1722/715 2388/1721/666 2331/1723/666
f 2389/1722/715 2331/1723/666 2333/1724/664
f 2308/1702/686 2311/1725/716 2380/1704/709
f 2380/1704/709 2311/1725/716 2313/1726/717
f 2380/1704/709 2313/1726/717 2381/1706/710
f 2381/1706/710 2313/1726/717 2316/1727/689
f 2381/1706/710 2316/1727/689 2382/1708/711
f 2382/1708/711 2316/1727/689 2319/1728/695
f 2382/1708/711 2319/1728/695 2383/1710/712
f 2383/1710/712 2319/1728/695 2321/1729/675
f 2383/1710/712 2321/1729/675 2384/1712/713
f 2384/1712/713 2321/1729/675 2323/1730/718
f 2384/1712/713 2323/1730/718 2385/1714/698
f 2385/1714/698 2323/1730/718 2325/1731/719
f 2385/1714/698 2325/1731/719 2386/1716/669
f 2386/1716/669 2325/1731/719 2326/1732/669
f 2386/1716/669 2326/1732/669 2329/1733/700
f 2386/1716/669 2329/1733/700 2387/1719/714
f 2387/1719/714 2329/1733/700 2331/1723/666
f 2387/1719/714 2331/1723/666 2388/1721/666
f 2389/1722/715 2333/1724/664 2390/1734/720
f 2390/1734/720 2333/1724/664 2335/1735/662
f 2390/1734/720 2335/1735/662 2391/1736/721
f 2391/1736/721 2335/1735/662 2338/1737/660
f 2391/1736/721 2338/1737/660 2392/1738/722
f 2392/1738/722 2338/1737/660 2341/1739/658
f 2392/1738/722 2341/1739/658 2393/1740/723
f 2393/1740/723 2341/1739/658 2343/1741/656
f 2393/1740/723 2343/1741/656 2394/1742/724
f 2394/1742/724 2343/1741/656 2346/1743/725
f 2394/1742/724 2346/1743/725 2349/1744/704
f 2349/1744/704 2351/1745/726 2394/1742/724
f 2394/1742/724 2351/1745/726 2393/1740/723
f 2351/1745/726 2353/1746/658 2393/1740/723
f 2393/1740/723 2353/1746/658 2392/1738/722
f 2353/1746/658 2355/1747/660 2392/1738/722
f 2392/1738/722 2355/1747/660 2391/1736/721
f 2355/1747/660 2357/1748/662 2391/1736/721
f 2391/1736/721 2357/1748/662 2390/1734/720
f 2357/1748/662 2359/1749/664 2390/1734/720
f 2390/1734/720 2359/1749/664 2389/1722/715
f 2359/1749/664 2361/1720/666 2389/1722/715
f 2396/1750/686 2398/1751/686 2466/1752/716
f 2466/1752/716 2398/1751/686 2467/1753/727
f 2466/1752/716 2467/1753/727 2464/1754/688
f 2464/1754/688 2467/1753/727 2468/1755/728
f 2464/1754/688 2468/1755/728 2462/1756/680
f 2462/1756/680 2468/1755/728 2469/1757/729
f 2462/1756/680 2469/1757/729 2460/1758/678
f 2460/1758/678 2469/1757/729 2470/1759/730
f 2460/1758/678 2470/1759/730 2458/1760/675
f 2458/1760/675 2470/1759/730 2471/1761/731
f 2458/1760/675 2471/1761/731 2456/1762/673
f 2456/1762/673 2471/1761/731 2472/1763/698
f 2456/1762/673 2472/1763/698 2454/1764/732
f 2454/1764/732 2472/1763/698 2473/1765/669
f 2454/1764/732 2473/1765/669 2452/1766/669
f 2452/1766/669 2473/1765/669 2450/1767/733
f 2450/1767/733 2473/1765/669 2474/1768/714
f 2450/1767/733 2474/1768/714 2448/1769/666
f 2448/1769/666 2474/1768/714 2475/1770/734
f 2448/1769/666 2475/1770/734 2476/1771/735
f 2476/1771/735 2475/1770/734 2420/1772/666
f 2476/1771/735 2420/1772/666 2422/1773/664
f 2398/1751/686 2400/1774/687 2467/1753/727
f 2467/1753/727 2400/1774/687 2402/1775/708
f 2467/1753/727 2402/1775/708 2468/1755/728
f 2468/1755/728 2402/1775/708 2404/1776/689
f 2468/1755/728 2404/1776/689 2469/1757/729
f 2469/1757/729 2404/1776/689 2406/1777/695
f 2469/1757/729 2406/1777/695 2470/1759/730
f 2470/1759/730 2406/1777/695 2408/1778/736
f 2470/1759/730 2408/1778/736 2471/1761/731
f 2471/1761/731 2408/1778/736 2410/1779/673
f 2471/1761/731 2410/1779/673 2472/1763/698
f 2472/1763/698 2410/1779/673 2412/1780/705
f 2472/1763/698 2412/1780/705 2473/1765/669
f 2473/1765/669 2412/1780/705 2413/1781/737
f 2473/1765/669 2413/1781/737 2418/1782/738
f 2473/1765/669 2418/1782/738 2474/1768/714
f 2474/1768/714 2418/1782/738 2420/1772/666
f 2474/1768/714 2420/1772/666 2475/1770/734
f 2476/1771/735 2422/1773/664 2477/1783/739
f 2477/1783/739 2422/1773/664 2424/1784/662
f 2477/1783/739 2424/1784/662 2478/1785/661
f 2478/1785/661 2424/1784/662 2426/1786/660
f 2478/1785/661 2426/1786/660 2479/1787/740
f 2479/1787/740 2426/1786/660 2428/1788/676
f 2479/1787/740 2428/1788/676 2480/1789/741
f 2480/1789/741 2428/1788/676 2430/1790/656
f 2480/1789/741 2430/1790/656 2481/1791/742
f 2481/1791/742 2430/1790/656 2433/1792/704
f 2481/1791/742 2433/1792/704 2436/1793/704
f 2436/1793/704 2438/1794/656 2481/1791/742
f 2481/1791/742 2438/1794/656 2480/1789/741
f 2438/1794/656 2440/1795/658 2480/1789/741
f 2480/1789/741 2440/1795/658 2479/1787/740
f 2440/1795/658 2442/1796/660 2479/1787/740
f 2479/1787/740 2442/1796/660 2478/1785/661
f 2442/1796/660 2444/1797/743 2478/1785/661
f 2478/1785/661 2444/1797/743 2477/1783/739
f 2444/1797/743 2446/1798/664 2477/1783/739
f 2477/1783/739 2446/1798/664 2476/1771/735
f 2446/1798/664 2448/1769/666 2476/1771/735
f 2483/1799/704 2487/1800/704 2557/1801/744
f 2557/1801/744 2487/1800/704 2558/1802/745
f 2557/1801/744 2558/1802/745 2555/1803/746
f 2555/1803/746 2558/1802/745 2559/1804/747
f 2555/1803/746 2559/1804/747 2553/1805/748
f 2553/1805/748 2559/1804/747 2560/1806/749
f 2553/1805/748 2560/1806/749 2551/1807/750
f 2551/1807/750 2560/1806/749 2561/1808/751
f 2551/1807/750 2561/1808/751 2549/1809/752
f 2549/1809/752 2561/1808/751 2562/1810/753
f 2549/1809/752 2562/1810/753 2547/1811/754
f 2547/1811/754 2562/1810/753 2563/1812/755
f 2547/1811/754 2563/1812/755 2545/1813/756
f 2545/1813/756 2563/1812/755 2564/1814/757
f 2545/1813/756 2564/1814/757 2542/1815/757
f 2542/1815/757 2564/1814/757 2541/1816/758
f 2541/1816/758 2564/1814/757 2565/1817/759
f 2541/1816/758 2565/1817/759 2539/1818/760
f 2539/1818/760 2565/1817/759 2566/1819/761
f 2539/1818/760 2566/1819/761 2567/1820/762
f 2567/1820/762 2566/1819/761 2509/1821/760
f 2567/1820/762 2509/1821/760 2511/1822/763
f 2487/1800/704 2491/1823/744 2558/1802/745
f 2558/1802/745 2491/1823/744 2493/1824/746
f 2558/1802/745 2493/1824/746 2559/1804/747
f 2559/1804/747 2493/1824/746 2495/1825/748
f 2559/1804/747 2495/1825/748 2560/1806/749
f 2560/1806/749 2495/1825/748 2497/1826/750
f 2560/1806/749 2497/1826/750 2561/1808/751
f 2561/1808/751 2497/1826/750 2499/1827/764
f 2561/1808/751 2499/1827/764 2562/1810/753
f 2562/1810/753 2499/1827/764 2501/1828/765
f 2562/1810/753 2501/1828/765 2563/1812/755
f 2563/1812/755 2501/1828/765 2503/1829/756
f 2563/1812/755 2503/1829/756 2564/1814/757
f 2564/1814/757 2503/1829/756 2504/1830/757
f 2564/1814/757 2504/1830/757 2507/1831/766
f 2564/1814/757 2507/1831/766 2565/1817/759
f 2565/1817/759 2507/1831/766 2509/1821/760
f 2565/1817/759 2509/1821/760 2566/1819/761
f 2567/1820/762 2511/1822/763 2568/1832/767
f 2568/1832/767 2511/1822/763 2514/1833/768
f 2568/1832/767 2514/1833/768 2569/1834/769
f 2569/1834/769 2514/1833/768 2516/1835/770
f 2569/1834/769 2516/1835/770 2570/1836/771
f 2570/1836/771 2516/1835/770 2518/1837/772
f 2570/1836/771 2518/1837/772 2571/1838/773
f 2571/1838/773 2518/1837/772 2521/1839/774
f 2571/1838/773 2521/1839/774 2572/1840/775
f 2572/1840/775 2521/1839/774 2524/1841/686
f 2572/1840/775 2524/1841/686 2527/1842/686
f 2527/1842/686 2529/1843/776 2572/1840/775
f 2572/1840/775 2529/1843/776 2571/1838/773
f 2529/1843/776 2531/1844/777 2571/1838/773
f 2571/1838/773 2531/1844/777 2570/1836/771
f 2531/1844/777 2533/1845/770 2570/1836/771
f 2570/1836/771 2533/1845/770 2569/1834/769
f 2533/1845/770 2535/1846/768 2569/1834/769
f 2569/1834/769 2535/1846/768 2568/1832/767
f 2535/1846/768 2537/1847/763 2568/1832/767
f 2568/1832/767 2537/1847/763 2567/1820/762
f 2537/1847/763 2539/1818/760 2567/1820/762
f 2634/1848/656 2488/1849/725 2636/1850/778
f 2636/1850/778 2488/1849/725 2483/1799/704
f 2636/1850/778 2483/1799/704 2575/1851/656
f 2636/1850/778 2575/1851/656 2635/1852/779
f 2635/1852/779 2575/1851/656 2578/1853/658
f 2635/1852/779 2578/1853/658 2637/1854/780
f 2637/1854/780 2578/1853/658 2580/1855/660
f 2637/1854/780 2580/1855/660 2638/1856/781
f 2638/1856/781 2580/1855/660 2582/1857/662
f 2638/1856/781 2582/1857/662 2639/1858/782
f 2639/1858/782 2582/1857/662 2584/1859/664
f 2639/1858/782 2584/1859/664 2640/1860/735
f 2640/1860/735 2584/1859/664 2586/1861/666
f 2640/1860/735 2586/1861/666 2641/1862/734
f 2641/1862/734 2586/1861/666 2642/1863/714
f 2641/1862/734 2642/1863/714 2624/1864/666
f 2624/1864/666 2642/1863/714 2622/1865/783
f 2622/1865/783 2642/1863/714 2643/1866/669
f 2622/1865/783 2643/1866/669 2620/1867/669
f 2620/1867/669 2643/1866/669 2618/1868/719
f 2618/1868/719 2643/1866/669 2644/1869/698
f 2618/1868/719 2644/1869/698 2616/1870/673
f 2616/1870/673 2644/1869/698 2645/1871/713
f 2616/1870/673 2645/1871/713 2614/1872/675
f 2614/1872/675 2645/1871/713 2646/1873/712
f 2614/1872/675 2646/1873/712 2612/1874/695
f 2612/1874/695 2646/1873/712 2647/1875/784
f 2612/1874/695 2647/1875/784 2610/1876/689
f 2610/1876/689 2647/1875/784 2648/1877/785
f 2610/1876/689 2648/1877/785 2608/1878/692
f 2608/1878/692 2648/1877/785 2649/1879/709
f 2608/1878/692 2649/1879/709 2606/1880/684
f 2606/1880/684 2649/1879/709 2523/1881/686
f 2523/1881/686 2649/1879/709 2604/1882/684
f 2523/1881/686 2604/1882/684 2526/1883/686
f 2586/1861/666 2588/1884/786 2642/1863/714
f 2642/1863/714 2588/1884/786 2643/1866/669
f 2588/1884/786 2590/1885/669 2643/1866/669
f 2643/1866/669 2590/1885/669 2592/1886/787
f 2643/1866/669 2592/1886/787 2644/1869/698
f 2644/1869/698 2592/1886/787 2594/1887/673
f 2644/1869/698 2594/1887/673 2645/1871/713
f 2645/1871/713 2594/1887/673 2596/1888/675
f 2645/1871/713 2596/1888/675 2646/1873/712
f 2646/1873/712 2596/1888/675 2598/1889/678
f 2646/1873/712 2598/1889/678 2647/1875/784
f 2647/1875/784 2598/1889/678 2600/1890/689
f 2647/1875/784 2600/1890/689 2648/1877/785
f 2648/1877/785 2600/1890/689 2602/1891/717
f 2648/1877/785 2602/1891/717 2649/1879/709
f 2649/1879/709 2602/1891/717 2604/1882/684
f 2641/1862/734 2624/1864/666 2640/1860/735
f 2640/1860/735 2624/1864/666 2626/1892/664
f 2640/1860/735 2626/1892/664 2639/1858/782
f 2639/1858/782 2626/1892/664 2628/1893/662
f 2639/1858/782 2628/1893/662 2638/1856/781
f 2638/1856/781 2628/1893/662 2630/1894/660
f 2638/1856/781 2630/1894/660 2637/1854/780
f 2637/1854/780 2630/1894/660 2632/1895/707
f 2637/1854/780 2632/1895/707 2635/1852/779
f 2635/1852/779 2632/1895/707 2634/1848/656
f 2635/1852/779 2634/1848/656 2636/1850/778
s 0
f 2287/1896/788 2605/1897/788 2209/1898/788
f 2209/1898/788 2605/1897/788 2522/1899/788
s 1
f 2209/1898/788 2522/1899/788 2683/1900/788
s 0
f 2683/1900/788 2522/1899/788 2519/1901/788
f 2684/1900/789 2520/1901/789 2681/1902/789
f 2680/1902/788 2519/1901/788 2517/1903/788
f 2680/1902/788 2517/1903/788 2678/1904/788
f 2678/1904/788 2517/1903/788 2515/1905/788
f 2678/1904/788 2515/1905/788 2675/1906/788
f 2675/1906/788 2515/1905/788 2512/1907/788
f 2676/1906/789 2513/1907/789 2673/1908/789
f 2672/1908/788 2512/1907/788 2510/1909/788
f 2672/1908/790 2510/1909/790 2670/1910/790
f 2670/1910/788 2510/1909/788 2508/1911/788
f 2670/1910/788 2508/1911/788 2668/1912/788
f 2668/1912/788 2508/1911/788 2506/1913/788
f 2668/1912/788 2506/1913/788 2667/1914/788
f 2667/1914/788 2506/1913/788 2505/1915/788
f 2667/1914/788 2505/1915/788 2502/1916/788
f 2287/1896/788 2285/1917/788 2605/1897/788
f 2605/1897/788 2285/1917/788 2607/1918/788
f 2607/1918/788 2285/1917/788 2283/1919/788
f 2607/1918/788 2283/1919/788 2609/1920/788
f 2609/1920/788 2283/1919/788 2281/1921/788
f 2609/1920/788 2281/1921/788 2611/1922/788
f 2611/1922/788 2281/1921/788 2279/1923/788
f 2611/1922/788 2279/1923/788 2613/1924/788
f 2613/1924/788 2279/1923/788 2277/1925/788
f 2613/1924/788 2277/1925/788 2615/1926/788
f 2615/1926/788 2277/1925/788 2275/1927/788
f 2615/1926/788 2275/1927/788 2617/1928/788
f 2617/1928/788 2275/1927/788 2273/1929/788
f 2617/1928/788 2273/1929/788 2619/1930/788
f 2619/1930/790 2273/1929/790 2271/1931/790
f 2619/1930/788 2271/1931/788 2621/1932/788
f 2621/1932/788 2271/1931/788 2623/1933/788
f 2623/1933/788 2271/1931/788 2269/1934/788
f 2623/1933/788 2269/1934/788 2625/1935/788
f 2625/1935/788 2269/1934/788 2267/1936/788
f 2625/1935/788 2267/1936/788 2627/1937/788
f 2627/1937/788 2267/1936/788 2265/1938/788
f 2627/1937/788 2265/1938/788 2629/1939/788
f 2629/1939/788 2265/1938/788 2263/1940/788
f 2629/1939/788 2263/1940/788 2631/1941/788
f 2631/1941/788 2263/1940/788 2261/1942/788
f 2631/1941/788 2261/1942/788 2633/1943/788
f 2633/1943/788 2261/1942/788 2258/1944/788
f 2633/1943/788 2258/1944/788 2484/1945/788
f 2485/1945/789 2259/1944/789 2254/1946/789
f 2486/1945/789 2255/1946/789 2651/1947/789
f 2484/1945/788 2650/1947/788 2489/1948/788
f 2490/1948/789 2651/1947/789 2654/1949/789
f 2489/1948/788 2653/1949/788 2492/1950/788
f 2492/1950/788 2653/1949/788 2656/1951/788
f 2492/1950/788 2656/1951/788 2494/1952/788
f 2494/1952/788 2656/1951/788 2658/1953/788
f 2494/1952/788 2658/1953/788 2496/1954/788
f 2496/1954/788 2658/1953/788 2660/1955/788
f 2496/1954/788 2660/1955/788 2498/1956/788
f 2498/1956/788 2660/1955/788 2662/1957/788
f 2498/1956/790 2662/1957/790 2500/1958/790
f 2500/1958/788 2662/1957/788 2664/1959/788
f 2500/1958/788 2664/1959/788 2502/1916/788
f 2502/1916/790 2664/1959/790 2667/1914/790
f 2699/1960/791 2688/1961/791 2701/1962/792
f 2701/1962/792 2689/1961/792 2691/1963/792
f 2701/1962/792 2691/1963/792 2694/1964/792
f 2694/1964/792 2700/1960/792 2701/1962/792
f 2715/1965/793 2703/1966/793 2717/1967/793
f 2717/1967/794 2703/1966/794 2708/1968/794
f 2717/1967/793 2707/1968/793 2711/1969/793
f 2712/1969/795 2715/1965/793 2717/1967/793
f 2713/1970/796 2709/1971/796 2726/1972/796
f 2726/1972/796 2709/1971/796 2719/1973/796
f 2726/1972/796 2719/1973/796 2723/1974/796
f 2723/1974/796 2713/1970/796 2726/1972/796
f 2724/1970/797 2720/1971/797 2734/1972/797
f 2735/1972/797 2721/1971/797 2729/1975/797
f 2735/1972/797 2729/1975/797 2732/1976/797
f 2732/1976/797 2725/1970/797 2735/1972/797
f 2733/1970/798 2730/1971/798 2743/1972/798
f 2743/1972/798 2730/1971/798 2738/1977/798
f 2743/1972/798 2738/1977/798 2742/1978/798
f 2742/1978/798 2733/1970/798 2743/1972/798
f 2741/1970/799 2737/1971/799 2744/1972/799
f 2744/1972/799 2737/1971/799 2687/1979/800
f 2744/1972/799 2687/1979/800 2698/1980/800
f 2697/1980/799 2741/1970/799 2744/1972/799
f 2745/1981/801 2731/1982/801 2306/1983/801
f 2306/1983/801 2731/1982/801 2739/1984/801
f 2307/1983/802 2740/1984/802 2310/1985/802
f 2309/1985/801 2739/1984/801 2312/1986/801
f 2312/1986/801 2739/1984/801 2314/1987/801
f 2315/1987/802 2740/1984/802 2318/1988/802
f 2317/1988/801 2739/1984/801 2320/1989/801
f 2320/1989/801 2739/1984/801 2696/1990/801
f 2320/1989/801 2696/1990/801 2322/1991/801
f 2322/1991/801 2696/1990/801 2324/1992/801
f 2324/1992/801 2696/1990/801 2327/1993/801
f 2327/1993/801 2696/1990/801 2328/1994/801
f 2328/1994/801 2696/1990/801 2330/1995/801
f 2330/1995/801 2696/1990/801 2782/1996/801
f 2330/1995/801 2782/1996/801 2332/1997/801
f 2332/1997/801 2782/1996/801 2334/1998/801
f 2334/1998/801 2782/1996/801 2780/1999/801
f 2334/1998/801 2780/1999/801 2336/2000/801
f 2337/2000/801 2781/1999/801 2340/2001/801
f 2339/2001/801 2780/1999/801 2342/2002/801
f 2342/2002/801 2780/1999/801 2777/2003/801
f 2342/2002/801 2777/2003/801 2710/2004/801
f 2710/2004/801 2777/2003/801 2714/2005/801
f 2745/1981/801 2747/2006/801 2731/1982/801
f 2731/1982/801 2747/2006/801 2749/2007/801
f 2731/1982/801 2749/2007/801 2751/2008/801
f 2751/2008/801 2753/2009/801 2731/1982/801
f 2731/1982/801 2753/2009/801 2755/2010/801
f 2731/1982/801 2755/2010/801 2722/2011/801
f 2722/2011/801 2755/2010/801 2757/2012/801
f 2722/2011/801 2757/2012/801 2760/2013/801
f 2760/2013/801 2761/2014/801 2722/2011/801
f 2722/2011/801 2761/2014/801 2763/2015/801
f 2722/2011/803 2763/2015/803 2765/2016/803
f 2722/2011/801 2765/2016/801 2710/2004/801
f 2710/2004/801 2765/2016/801 2767/2017/801
f 2710/2004/801 2767/2017/801 2769/2018/801
f 2769/2018/801 2771/2019/801 2710/2004/801
f 2710/2004/801 2771/2019/801 2773/2020/801
f 2710/2004/801 2773/2020/801 2344/2021/801
f 2344/2021/803 2342/2002/803 2710/2004/803
f 2693/2022/801 2775/2023/801 2696/1990/801
f 2696/1990/801 2775/2023/801 2782/1996/801
f 2775/2023/801 2777/2003/801 2782/1996/801
f 2782/1996/801 2777/2003/801 2780/1999/801
f 2465/2024/788 2736/2025/788 2395/2026/788
f 2395/2026/788 2736/2025/788 2727/2027/788
f 2395/2026/788 2727/2027/788 2815/2028/788
f 2815/2028/788 2727/2027/788 2813/2029/788
f 2813/2029/788 2727/2027/788 2810/2030/788
f 2811/2030/789 2728/2027/789 2808/2031/789
f 2807/2031/788 2727/2027/788 2805/2032/788
f 2805/2032/788 2727/2027/788 2803/2033/788
f 2803/2033/788 2727/2027/788 2718/2034/788
f 2803/2033/788 2718/2034/788 2801/2035/788
f 2801/2035/788 2718/2034/788 2800/2036/788
f 2800/2036/788 2718/2034/788 2797/2037/788
f 2797/2037/788 2718/2034/788 2795/2038/788
f 2795/2038/788 2718/2034/788 2792/2039/788
f 2792/2039/788 2718/2034/788 2705/2040/788
f 2793/2039/789 2706/2040/789 2790/2041/789
f 2789/2041/788 2705/2040/788 2787/2042/788
f 2787/2042/788 2705/2040/788 2785/2043/788
f 2785/2043/788 2705/2040/788 2783/2044/788
f 2783/2044/788 2705/2040/788 2434/2045/788
f 2434/2045/788 2705/2040/788 2437/2046/788
f 2437/2046/788 2705/2040/788 2817/2047/788
f 2437/2046/788 2817/2047/788 2822/2048/788
f 2822/2048/788 2817/2047/788 2823/2049/788
f 2822/2048/788 2823/2049/788 2443/2050/788
f 2443/2050/788 2823/2049/788 2445/2051/788
f 2445/2051/788 2823/2049/788 2447/2052/788
f 2447/2052/788 2823/2049/788 2686/2053/788
f 2447/2052/788 2686/2053/788 2449/2054/788
f 2449/2054/788 2686/2053/788 2451/2055/788
f 2451/2055/788 2686/2053/788 2453/2056/788
f 2453/2056/788 2686/2053/788 2455/2057/788
f 2455/2057/788 2686/2053/788 2457/2058/788
f 2457/2058/788 2686/2053/788 2736/2025/788
f 2457/2058/788 2736/2025/788 2459/2059/788
f 2459/2059/788 2736/2025/788 2461/2060/788
f 2461/2060/788 2736/2025/788 2463/2061/788
f 2463/2061/788 2736/2025/788 2465/2024/788
f 2443/2050/788 2441/2062/788 2822/2048/788
f 2822/2048/788 2441/2062/788 2439/2063/788
f 2822/2048/788 2439/2063/788 2437/2046/788
f 2705/2040/788 2702/2064/788 2817/2047/788
f 2817/2047/788 2820/2065/788 2823/2049/788
f 2823/2049/788 2820/2065/788 2686/2053/788
f 2820/2065/788 2690/2066/788 2686/2053/788
s 1
f 2848/2067/804 2779/2068/804 2850/2069/805
f 2850/2069/805 2779/2068/804 2776/2070/806
f 2850/2069/805 2776/2070/806 2695/2071/807
f 2850/2069/805 2695/2071/807 2851/2072/808
f 2851/2072/808 2695/2071/807 2692/2073/809
f 2851/2072/808 2692/2073/809 2831/2074/810
f 2831/2074/810 2692/2073/809 2828/2075/811
f 2828/2075/811 2692/2073/809 2821/2076/806
f 2828/2075/811 2821/2076/806 2826/2077/804
f 2826/2077/804 2821/2076/806 2819/2078/804
f 2831/2074/810 2834/2079/810 2851/2072/808
f 2851/2072/808 2834/2079/810 2852/2080/812
f 2851/2072/808 2852/2080/812 2842/2081/813
f 2842/2081/813 2852/2080/812 2839/2082/814
f 2839/2082/814 2852/2080/812 2836/2083/814
f 2836/2083/814 2852/2080/812 2834/2079/810
f 2842/2081/813 2844/2084/808 2851/2072/808
f 2851/2072/808 2844/2084/808 2850/2069/805
f 2844/2084/808 2846/2085/815 2850/2069/805
f 2850/2069/805 2846/2085/815 2848/2067/804
f 2886/2086/816 2398/1751/686 2888/2087/817
f 2888/2087/817 2398/1751/686 2396/1750/686
f 2888/2087/817 2396/1750/686 2816/2088/774
f 2888/2087/817 2816/2088/774 2887/2089/818
f 2887/2089/818 2816/2088/774 2814/2090/777
f 2887/2089/818 2814/2090/777 2889/2091/819
f 2889/2091/819 2814/2090/777 2812/2092/770
f 2889/2091/819 2812/2092/770 2890/2093/820
f 2890/2093/820 2812/2092/770 2809/2094/821
f 2890/2093/820 2809/2094/821 2891/2095/822
f 2891/2095/822 2809/2094/821 2806/2096/763
f 2891/2095/822 2806/2096/763 2892/2097/762
f 2892/2097/762 2806/2096/763 2804/2098/760
f 2892/2097/762 2804/2098/760 2893/2099/760
f 2893/2099/760 2804/2098/760 2894/2100/759
f 2893/2099/760 2894/2100/759 2874/2101/760
f 2874/2101/760 2894/2100/759 2872/2102/766
f 2872/2102/766 2894/2100/759 2895/2103/757
f 2872/2102/766 2895/2103/757 2869/2104/757
f 2869/2104/757 2895/2103/757 2868/2105/756
f 2868/2105/756 2895/2103/757 2896/2106/823
f 2868/2105/756 2896/2106/823 2866/2107/765
f 2866/2107/765 2896/2106/823 2897/2108/824
f 2866/2107/765 2897/2108/824 2864/2109/764
f 2864/2109/764 2897/2108/824 2898/2110/825
f 2864/2109/764 2898/2110/825 2862/2111/750
f 2862/2111/750 2898/2110/825 2899/2112/826
f 2862/2111/750 2899/2112/826 2860/2113/827
f 2860/2113/827 2899/2112/826 2900/2114/828
f 2860/2113/827 2900/2114/828 2857/2115/829
f 2857/2115/829 2900/2114/828 2901/2116/745
f 2857/2115/829 2901/2116/745 2854/2117/830
f 2854/2117/830 2901/2116/745 2432/2118/704
f 2432/2118/704 2901/2116/745 2784/2119/830
f 2432/2118/704 2784/2119/830 2435/2120/704
f 2804/2098/760 2802/2121/831 2894/2100/759
f 2894/2100/759 2802/2121/831 2895/2103/757
f 2802/2121/831 2799/2122/757 2895/2103/757
f 2895/2103/757 2799/2122/757 2798/2123/832
f 2895/2103/757 2798/2123/832 2896/2106/823
f 2896/2106/823 2798/2123/832 2796/2124/765
f 2896/2106/823 2796/2124/765 2897/2108/824
f 2897/2108/824 2796/2124/765 2794/2125/764
f 2897/2108/824 2794/2125/764 2898/2110/825
f 2898/2110/825 2794/2125/764 2791/2126/750
f 2898/2110/825 2791/2126/750 2899/2112/826
f 2899/2112/826 2791/2126/750 2788/2127/748
f 2899/2112/826 2788/2127/748 2900/2114/828
f 2900/2114/828 2788/2127/748 2786/2128/746
f 2900/2114/828 2786/2128/746 2901/2116/745
f 2901/2116/745 2786/2128/746 2784/2119/830
f 2893/2099/760 2874/2101/760 2892/2097/762
f 2892/2097/762 2874/2101/760 2876/2129/763
f 2892/2097/762 2876/2129/763 2891/2095/822
f 2891/2095/822 2876/2129/763 2878/2130/768
f 2891/2095/822 2878/2130/768 2890/2093/820
f 2890/2093/820 2878/2130/768 2881/2131/770
f 2890/2093/820 2881/2131/770 2889/2091/819
f 2889/2091/819 2881/2131/770 2884/2132/772
f 2889/2091/819 2884/2132/772 2887/2089/818
f 2887/2089/818 2884/2132/772 2886/2086/816
f 2887/2089/818 2886/2086/816 2888/2087/817
f 2746/2133/774 2308/1702/686 2933/2134/833
f 2933/2134/833 2308/1702/686 2305/1701/686
f 2933/2134/833 2305/1701/686 2903/2135/774
f 2933/2134/833 2903/2135/774 2932/2136/834
f 2932/2136/834 2903/2135/774 2905/2137/835
f 2932/2136/834 2905/2137/835 2934/2138/836
f 2934/2138/836 2905/2137/835 2907/2139/770
f 2934/2138/836 2907/2139/770 2935/2140/820
f 2935/2140/820 2907/2139/770 2909/2141/768
f 2935/2140/820 2909/2141/768 2936/2142/837
f 2936/2142/837 2909/2141/768 2911/2143/763
f 2936/2142/837 2911/2143/763 2937/2144/838
f 2937/2144/838 2911/2143/763 2913/2145/760
f 2937/2144/838 2913/2145/760 2938/2146/760
f 2938/2146/760 2913/2145/760 2939/2147/759
f 2938/2146/760 2939/2147/759 2756/2148/760
f 2756/2148/760 2939/2147/759 2758/2149/766
f 2758/2149/766 2939/2147/759 2940/2150/757
f 2758/2149/766 2940/2150/757 2759/2151/757
f 2759/2151/757 2940/2150/757 2762/2152/756
f 2762/2152/756 2940/2150/757 2941/2153/755
f 2762/2152/756 2941/2153/755 2764/2154/765
f 2764/2154/765 2941/2153/755 2942/2155/839
f 2764/2154/765 2942/2155/839 2766/2156/764
f 2766/2156/764 2942/2155/839 2943/2157/840
f 2766/2156/764 2943/2157/840 2768/2158/750
f 2768/2158/750 2943/2157/840 2944/2159/841
f 2768/2158/750 2944/2159/841 2770/2160/748
f 2770/2160/748 2944/2159/841 2945/2161/747
f 2770/2160/748 2945/2161/747 2772/2162/842
f 2772/2162/842 2945/2161/747 2946/2163/745
f 2772/2162/842 2946/2163/745 2774/2164/830
f 2774/2164/830 2946/2163/745 2345/2165/704
f 2345/2165/704 2946/2163/745 2931/2166/744
f 2345/2165/704 2931/2166/744 2348/2167/704
f 2913/2145/760 2915/2168/766 2939/2147/759
f 2939/2147/759 2915/2168/766 2940/2150/757
f 2915/2168/766 2916/2169/757 2940/2150/757
f 2940/2150/757 2916/2169/757 2919/2170/756
f 2940/2150/757 2919/2170/756 2941/2153/755
f 2941/2153/755 2919/2170/756 2921/2171/765
f 2941/2153/755 2921/2171/765 2942/2155/839
f 2942/2155/839 2921/2171/765 2923/2172/764
f 2942/2155/839 2923/2172/764 2943/2157/840
f 2943/2157/840 2923/2172/764 2925/2173/843
f 2943/2157/840 2925/2173/843 2944/2159/841
f 2944/2159/841 2925/2173/843 2927/2174/748
f 2944/2159/841 2927/2174/748 2945/2161/747
f 2945/2161/747 2927/2174/748 2929/2175/829
f 2945/2161/747 2929/2175/829 2946/2163/745
f 2946/2163/745 2929/2175/829 2931/2166/744
f 2938/2146/760 2756/2148/760 2937/2144/838
f 2937/2144/838 2756/2148/760 2754/2176/763
f 2937/2144/838 2754/2176/763 2936/2142/837
f 2936/2142/837 2754/2176/763 2752/2177/768
f 2936/2142/837 2752/2177/768 2935/2140/820
f 2935/2140/820 2752/2177/768 2750/2178/770
f 2935/2140/820 2750/2178/770 2934/2138/836
f 2934/2138/836 2750/2178/770 2748/2179/772
f 2934/2138/836 2748/2179/772 2932/2136/834
f 2932/2136/834 2748/2179/772 2746/2133/774
f 2932/2136/834 2746/2133/774 2933/2134/833
s 0
f 2902/2180/801 2304/2181/801 2947/2182/801
f 2947/2182/801 2304/2181/801 2378/2183/801
f 2947/2182/801 2378/2183/801 2376/2184/801
f 2376/2184/801 2374/2185/801 2947/2182/801
f 2947/2182/801 2374/2185/801 2372/2186/801
f 2947/2182/801 2372/2186/801 2370/2187/801
f 2370/2187/801 2368/2188/801 2947/2182/801
f 2947/2182/801 2368/2188/801 2366/2189/801
f 2947/2182/801 2366/2189/801 2365/2190/801
f 2365/2190/801 2362/2191/801 2947/2182/801
f 2947/2182/801 2362/2191/801 2360/2192/801
f 2947/2182/803 2360/2192/803 2358/2193/803
f 2358/2193/801 2356/2194/801 2947/2182/801
f 2947/2182/801 2356/2194/801 2354/2195/801
f 2947/2182/801 2354/2195/801 2352/2196/801
f 2352/2196/801 2350/2197/801 2947/2182/801
f 2947/2182/801 2350/2197/801 2347/1799/801
f 2947/2182/801 2347/1799/801 2930/2198/801
f 2930/2198/801 2928/2199/801 2947/2182/801
f 2947/2182/801 2928/2199/801 2926/2200/801
f 2947/2182/801 2926/2200/801 2924/2201/801
f 2924/2201/801 2922/2202/801 2947/2182/801
f 2947/2182/803 2922/2202/803 2920/2203/803
f 2947/2182/801 2920/2203/801 2918/2204/801
f 2918/2204/801 2917/2205/801 2947/2182/801
f 2947/2182/801 2917/2205/801 2914/2206/801
f 2947/2182/803 2914/2206/803 2912/2207/803
f 2912/2207/801 2910/2208/801 2947/2182/801
f 2947/2182/801 2910/2208/801 2908/2209/801
f 2947/2182/801 2908/2209/801 2906/2210/801
f 2906/2210/801 2904/2211/801 2947/2182/801
f 2947/2182/801 2904/2211/801 2902/2180/801
s 1
f 2962/2212/844 2950/2213/844 2964/2214/845
f 2964/2214/845 2950/2213/844 2952/2215/845
f 2964/2214/845 2952/2215/845 2954/2216/846
f 2954/2216/846 2956/1751/846 2964/2214/845
f 2964/2214/845 2956/1751/846 2959/2217/845
f 2964/2214/845 2959/2217/845 2962/2212/844
s 0
f 2833/2218/796 2830/2219/796 2971/2220/796
f 2971/2220/796 2830/2219/796 2966/2221/796
f 2971/2220/796 2966/2221/796 2969/2222/796
f 2969/2222/796 2833/2218/796 2971/2220/796
f 2853/2223/801 2431/2224/801 2824/2225/801
f 2824/2225/801 2431/2224/801 2429/2226/801
f 2824/2225/801 2429/2226/801 2427/2227/801
f 2427/2227/801 2425/2228/801 2824/2225/801
f 2824/2225/801 2425/2228/801 2827/2229/801
f 2827/2229/801 2425/2228/801 2423/2230/801
f 2827/2229/801 2423/2230/801 3003/2231/801
f 3003/2231/801 2423/2230/801 2421/2232/801
f 3003/2231/801 2421/2232/801 2419/2233/801
f 2419/2233/801 2416/2234/801 3003/2231/801
f 3004/2231/847 2417/2234/847 2415/2235/847
f 3003/2231/801 2414/2235/801 2829/2236/801
f 2829/2236/801 2414/2235/801 2411/2237/801
f 2829/2236/801 2411/2237/801 2409/2238/801
f 2409/2238/801 2407/2239/801 2829/2236/801
f 2829/2236/801 2407/2239/801 2965/2240/801
f 2965/2240/801 2407/2239/801 2405/2241/801
f 2965/2240/801 2405/2241/801 2403/2242/801
f 2403/2242/801 2401/2243/801 2965/2240/801
f 2965/2240/801 2401/2243/801 2399/2244/801
f 2965/2240/801 2399/2244/801 2999/2245/801
f 2999/2245/801 2399/2244/801 2397/2246/801
f 2999/2245/801 2397/2246/801 2885/2247/801
f 2885/2247/801 2882/2248/801 2999/2245/801
f 3000/2245/801 2883/2248/801 2880/2249/801
f 2999/2245/801 2879/2249/801 2877/2250/801
f 2999/2245/801 2877/2250/801 2996/2251/801
f 2996/2251/801 2877/2250/801 2875/2252/801
f 2996/2251/801 2875/2252/801 2873/2253/801
f 2873/2253/801 2871/2254/801 2996/2251/801
f 2996/2251/801 2871/2254/801 2870/2255/801
f 2996/2251/801 2870/2255/801 2867/2256/801
f 2996/2251/801 2867/2256/801 2994/2257/801
f 2994/2257/801 2867/2256/801 2865/2258/801
f 2994/2257/801 2865/2258/801 2992/2259/801
f 2992/2259/801 2865/2258/801 2990/2260/801
f 2990/2260/801 2865/2258/801 2988/2261/801
f 2988/2261/803 2865/2258/803 2863/2262/803
f 2988/2261/801 2863/2262/801 2986/2263/801
f 2986/2263/801 2863/2262/801 2984/2264/801
f 2984/2264/801 2863/2262/801 2951/2265/801
f 2984/2264/801 2951/2265/801 2982/2266/801
f 2982/2266/801 2951/2265/801 2948/2267/801
f 2863/2262/801 2861/2268/801 2951/2265/801
f 2951/2265/801 2861/2268/801 2858/2269/801
f 2951/2265/801 2858/2269/801 2972/2270/801
f 2973/2270/802 2859/2269/802 2856/2271/802
f 2972/2270/801 2855/2271/801 2824/2225/801
f 2824/2225/801 2855/2271/801 2853/2223/801
f 2829/2236/801 2827/2229/801 3003/2231/801
f 2972/2270/801 2976/2272/801 2951/2265/801
f 2951/2265/801 2976/2272/801 2978/2273/801
f 2951/2265/801 2978/2273/801 2980/2274/801
f 2980/2274/801 2953/2275/801 2951/2265/801
s 1
f 3012/2276/845 3007/2277/844 3013/2278/845
f 3013/2278/845 3007/2277/844 2963/2279/848
f 3013/2278/845 2963/2279/848 2960/2280/845
f 2960/2280/845 2957/2281/846 3013/2278/845
f 3013/2278/845 2957/2281/846 3009/2282/846
f 3013/2278/845 3009/2282/846 3012/2276/845
f 3010/2283/849 2958/2284/850 3022/2285/851
f 3022/2285/851 2958/2284/850 3023/2286/852
f 3022/2285/851 3023/2286/852 3020/2287/853
f 3020/2287/853 3023/2286/852 3024/2288/853
f 3020/2287/853 3024/2288/853 3018/2289/854
f 3018/2289/854 3024/2288/853 3025/2290/854
f 3018/2289/854 3025/2290/854 3016/2291/804
f 3016/2291/804 3025/2290/854 2975/2292/804
f 2975/2292/804 3025/2290/854 2977/2293/855
f 2977/2293/855 3025/2290/854 2979/2294/853
f 2979/2294/853 3025/2290/854 3024/2288/853
f 2979/2294/853 3024/2288/853 2981/2295/851
f 2981/2295/851 3024/2288/853 3023/2286/852
f 2981/2295/851 3023/2286/852 2955/2296/849
f 2955/2296/849 3023/2286/852 2958/2284/850
f 3033/2297/856 3119/2298/857 3031/2299/814
f 3031/2299/814 3119/2298/857 3113/2300/856
f 3031/2299/814 3113/2300/856 3118/2301/814
f 3033/2297/856 3036/2302/858 3119/2298/857
f 3119/2298/857 3036/2302/858 3120/2303/859
f 3119/2298/857 3120/2303/859 3111/2304/860
f 3111/2304/860 3120/2303/859 3109/2305/861
f 3109/2305/861 3120/2303/859 3121/2306/862
f 3109/2305/861 3121/2306/862 3107/2307/863
f 3107/2307/863 3121/2306/862 3122/2308/864
f 3107/2307/863 3122/2308/864 3105/2309/865
f 3105/2309/865 3122/2308/864 3123/2310/866
f 3105/2309/865 3123/2310/866 3102/2311/867
f 3102/2311/867 3123/2310/866 3124/2312/868
f 3102/2311/867 3124/2312/868 3099/2313/869
f 3099/2313/869 3124/2312/868 3125/2314/870
f 3099/2313/869 3125/2314/870 3096/2315/871
f 3096/2315/871 3125/2314/870 3093/2316/872
f 3093/2316/872 3125/2314/870 3126/2317/873
f 3093/2316/872 3126/2317/873 3091/2318/874
f 3091/2318/874 3126/2317/873 3127/2319/875
f 3091/2318/874 3127/2319/875 3128/2320/876
f 3128/2320/876 3127/2319/875 3055/2321/877
f 3128/2320/876 3055/2321/877 3057/2322/878
f 3036/2302/858 3039/2323/879 3120/2303/859
f 3120/2303/859 3039/2323/879 3121/2306/862
f 3039/2323/879 3041/2324/880 3121/2306/862
f 3121/2306/862 3041/2324/880 3122/2308/864
f 3041/2324/880 3043/2325/881 3122/2308/864
f 3122/2308/864 3043/2325/881 3123/2310/866
f 3043/2325/881 3045/2326/882 3123/2310/866
f 3123/2310/866 3045/2326/882 3124/2312/868
f 3045/2326/882 3048/2327/883 3124/2312/868
f 3124/2312/868 3048/2327/883 3125/2314/870
f 3048/2327/883 3051/2328/871 3125/2314/870
f 3125/2314/870 3051/2328/871 3053/2329/884
f 3125/2314/870 3053/2329/884 3126/2317/873
f 3126/2317/873 3053/2329/884 3055/2321/877
f 3126/2317/873 3055/2321/877 3127/2319/875
f 3128/2320/876 3057/2322/878 3129/2330/885
f 3129/2330/885 3057/2322/878 3059/2331/886
f 3129/2330/885 3059/2331/886 3130/2332/887
f 3130/2332/887 3059/2331/886 3062/2333/888
f 3130/2332/887 3062/2333/888 3131/2334/889
f 3131/2334/889 3062/2333/888 3065/2335/890
f 3131/2334/889 3065/2335/890 3132/2336/891
f 3132/2336/891 3065/2335/890 3066/2337/892
f 3132/2336/891 3066/2337/892 3079/2338/893
f 3079/2338/893 3066/2337/892 3077/2339/894
f 3077/2339/894 3066/2337/892 3072/2340/895
f 3079/2338/893 3082/2341/896 3132/2336/891
f 3132/2336/891 3082/2341/896 3131/2334/889
f 3082/2341/896 3085/2342/897 3131/2334/889
f 3131/2334/889 3085/2342/897 3130/2332/887
f 3085/2342/897 3087/2343/898 3130/2332/887
f 3130/2332/887 3087/2343/898 3129/2330/885
f 3087/2343/898 3089/2344/899 3129/2330/885
f 3129/2330/885 3089/2344/899 3128/2320/876
f 3089/2344/899 3091/2318/874 3128/2320/876
f 3111/2304/860 3113/2300/856 3119/2298/857
s 0
f 3140/2345/900 3076/2346/900 3142/2347/900
f 3142/2347/900 3076/2346/900 3071/2348/900
f 3142/2347/900 3071/2348/900 3136/2349/900
f 3135/2349/901 3139/2345/901 3141/2347/901
f 2832/2350/801 2968/2351/801 2835/2352/801
f 2835/2352/801 2968/2351/801 3143/2353/801
f 2835/2352/801 3143/2353/801 3145/2354/801
f 2835/2352/801 3145/2354/801 3188/2355/801
f 3188/2355/801 3145/2354/801 3148/2356/801
f 3188/2355/801 3148/2356/801 3186/2357/801
f 3186/2357/801 3148/2356/801 3151/2358/801
f 3186/2357/801 3151/2358/801 3184/2359/801
f 3184/2359/801 3151/2358/801 3153/2360/801
f 3184/2359/801 3153/2360/801 3155/2361/801
f 3155/2361/801 3157/2362/801 3184/2359/801
f 3184/2359/801 3157/2362/801 3159/2363/801
f 3184/2359/801 3159/2363/801 3182/2364/801
f 3182/2364/801 3159/2363/801 3161/2365/801
f 3182/2364/801 3161/2365/801 3163/2366/801
f 3182/2364/801 3163/2366/801 3180/2367/801
f 3180/2367/801 3163/2366/801 3165/2368/801
f 3180/2367/801 3165/2368/801 3178/2369/801
f 3178/2369/801 3165/2368/801 3176/2370/801
f 3176/2370/801 3165/2368/801 3174/2371/801
f 3174/2371/801 3165/2368/801 3171/2372/801
f 3171/2372/801 3165/2368/801 3133/2373/801
f 3171/2372/801 3133/2373/801 3168/2374/801
f 3168/2374/801 3133/2373/801 3026/2375/801
f 3026/2375/801 3133/2373/801 3068/2376/801
f 3026/2375/801 3068/2376/801 3058/2377/801
f 3058/2377/803 3068/2376/803 3060/2378/803
f 3061/2378/802 3069/2376/802 3063/2379/802
f 3064/2379/902 3070/2376/902 3067/2380/902
f 3058/2377/801 3056/2381/801 3026/2375/801
f 3026/2375/801 3056/2381/801 3054/2382/801
f 3026/2375/803 3054/2382/803 3052/2383/803
f 3052/2383/801 3049/2384/801 3026/2375/801
f 3027/2375/802 3050/2384/802 3047/2385/802
f 3026/2375/801 3046/2385/801 3044/2386/801
f 3044/2386/801 3042/2387/801 3026/2375/801
f 3026/2375/801 3042/2387/801 3040/2388/801
f 3026/2375/803 3040/2388/803 3037/2389/803
f 3038/2389/802 3035/2390/802 3029/2375/802
f 3028/2375/903 3034/2390/903 3032/2391/903
s 1
f 3172/2392/904 3193/2393/904 3213/2394/905
f 3213/2394/905 3193/2393/904 3196/2395/905
f 3213/2394/905 3196/2395/905 3214/2396/906
f 3214/2396/906 3196/2395/905 3198/2397/906
f 3214/2396/906 3198/2397/906 3215/2398/907
f 3215/2398/907 3198/2397/906 3200/2399/907
f 3215/2398/907 3200/2399/907 3216/2400/908
f 3216/2400/908 3200/2399/907 3202/2401/908
f 3216/2400/908 3202/2401/908 3217/2402/909
f 3217/2402/909 3202/2401/908 3204/2403/909
f 3217/2402/909 3204/2403/909 3218/2404/910
f 3218/2404/910 3204/2403/909 3206/2405/911
f 3218/2404/910 3206/2405/911 3219/2406/912
f 3219/2406/912 3206/2405/911 3208/2407/913
f 3219/2406/912 3208/2407/913 3210/2408/814
f 3210/2408/814 3189/2409/814 3219/2406/912
f 3219/2406/912 3189/2409/814 3187/2410/912
f 3219/2406/912 3187/2410/912 3218/2404/910
f 3218/2404/910 3187/2410/912 3185/2411/914
f 3218/2404/910 3185/2411/914 3217/2402/909
f 3217/2402/909 3185/2411/914 3183/2412/915
f 3217/2402/909 3183/2412/915 3216/2400/908
f 3216/2400/908 3183/2412/915 3181/2413/908
f 3216/2400/908 3181/2413/908 3215/2398/907
f 3215/2398/907 3181/2413/908 3179/2414/907
f 3215/2398/907 3179/2414/907 3214/2396/906
f 3214/2396/906 3179/2414/907 3177/2415/906
f 3214/2396/906 3177/2415/906 3213/2394/905
f 3213/2394/905 3177/2415/906 3175/2416/916
f 3213/2394/905 3175/2416/916 3172/2392/904
s 0
f 2837/2417/917 3190/2418/917 3220/2419/917
f 3221/2419/917 3191/2418/917 3212/2420/917
f 3220/2419/917 3211/2420/917 2840/2421/917
f 2840/2421/917 2837/2417/917 3220/2419/917
f 2778/2422/918 2849/2423/918 2716/2424/918
f 2716/2424/918 2849/2423/918 3015/2425/918
f 2716/2424/918 3015/2425/918 2974/2426/918
f 2849/2423/804 3224/2427/804 3015/2425/804
f 3015/2425/804 3224/2427/804 3227/2428/804
f 2716/2424/804 2974/2426/804 2704/2429/804
f 2704/2429/918 2974/2426/918 2825/2430/918
f 2704/2429/804 2825/2430/804 2818/2431/804
s 1
f 3238/2432/919 3147/2433/920 3241/2434/921
f 3241/2434/921 3147/2433/920 3144/2435/922
f 3241/2434/921 3144/2435/922 3242/2436/923
f 3242/2436/923 3144/2435/922 2970/2437/924
f 3242/2436/923 2970/2437/924 3243/2438/925
f 3243/2438/925 2970/2437/924 2967/2439/926
f 3243/2438/925 2967/2439/926 3002/2440/927
f 3002/2440/927 3230/2441/927 3243/2438/925
f 3243/2438/925 3230/2441/927 3232/2442/928
f 3243/2438/925 3232/2442/928 3242/2436/923
f 3242/2436/923 3232/2442/928 3234/2443/929
f 3242/2436/923 3234/2443/929 3241/2434/921
f 3241/2434/921 3234/2443/929 3236/2444/930
f 3241/2434/921 3236/2444/930 3238/2432/919
s 0
f 3149/2445/931 3146/2446/931 3248/2447/931
f 3248/2447/931 3146/2446/931 3239/2423/931
f 3249/2447/931 3240/2423/931 3246/2448/931
f 3245/2448/931 3149/2445/931 3248/2447/931
s 1
f 3265/2449/932 3167/2450/932 3267/2451/933
f 3267/2451/933 3167/2450/932 3164/2452/933
f 3267/2451/933 3164/2452/933 3268/2453/934
f 3268/2453/934 3164/2452/933 3162/2454/934
f 3268/2453/934 3162/2454/934 3269/2455/935
f 3269/2455/935 3162/2454/934 3160/2456/935
f 3269/2455/935 3160/2456/935 3270/2314/936
f 3270/2314/936 3160/2456/935 3158/2328/936
f 3270/2314/936 3158/2328/936 3271/2457/937
f 3271/2457/937 3158/2328/936 3156/2458/938
f 3271/2457/937 3156/2458/938 3272/2459/939
f 3272/2459/939 3156/2458/938 3154/2460/939
f 3272/2459/939 3154/2460/939 3273/2461/940
f 3273/2461/940 3154/2460/939 3152/2462/941
f 3273/2461/940 3152/2462/941 3150/2463/920
f 3150/2463/920 3247/2464/920 3273/2461/940
f 3273/2461/940 3247/2464/920 3251/2465/940
f 3273/2461/940 3251/2465/940 3272/2459/939
f 3272/2459/939 3251/2465/940 3253/2466/942
f 3272/2459/939 3253/2466/942 3271/2457/937
f 3271/2457/937 3253/2466/942 3255/2467/937
f 3271/2457/937 3255/2467/937 3270/2314/936
f 3270/2314/936 3255/2467/937 3257/2468/936
f 3270/2314/936 3257/2468/936 3269/2455/935
f 3269/2455/935 3257/2468/936 3259/2469/935
f 3269/2455/935 3259/2469/935 3268/2453/934
f 3268/2453/934 3259/2469/935 3261/2470/943
f 3268/2453/934 3261/2470/943 3267/2451/933
f 3267/2451/933 3261/2470/943 3263/2471/933
f 3267/2451/933 3263/2471/933 3265/2449/932
s 0
f 3282/2472/927 3229/2473/927 3275/2474/927
f 3275/2474/927 3229/2473/927 3001/2475/927
f 3275/2474/927 3001/2475/927 2997/2476/927
f 3275/2474/927 3279/2477/927 3282/2472/927
s 1
f 3006/2478/944 3285/2479/945 2961/2480/946
f 2961/2480/946 3285/2479/945 3300/2481/947
f 2961/2480/946 3300/2481/947 2949/2482/946
f 2949/2482/946 3300/2481/947 2983/2483/948
f 2983/2483/948 3300/2481/947 3301/2484/949
f 2983/2483/948 3301/2484/949 2985/2485/949
f 2985/2485/949 3301/2484/949 3302/2486/950
f 2985/2485/949 3302/2486/950 2987/2487/951
f 2987/2487/951 3302/2486/950 3303/2488/952
f 2987/2487/951 3303/2488/952 2989/2489/953
f 2989/2489/953 3303/2488/952 3304/2490/954
f 2989/2489/953 3304/2490/954 2991/2491/955
f 2991/2491/955 3304/2490/954 3305/2492/956
f 2991/2491/955 3305/2492/956 2993/2493/956
f 2993/2493/956 3305/2492/956 3306/2494/957
f 2993/2493/956 3306/2494/957 2995/2495/958
f 2995/2495/958 3306/2494/957 2998/2496/927
f 2998/2496/927 3306/2494/957 3276/2497/927
f 3276/2497/927 3306/2494/957 3299/2498/959
f 3299/2498/959 3306/2494/957 3305/2492/956
f 3299/2498/959 3305/2492/956 3296/2499/960
f 3296/2499/960 3305/2492/956 3304/2490/954
f 3296/2499/960 3304/2490/954 3293/2500/961
f 3293/2500/961 3304/2490/954 3303/2488/952
f 3293/2500/961 3303/2488/952 3291/2501/952
f 3291/2501/952 3303/2488/952 3302/2486/950
f 3291/2501/952 3302/2486/950 3289/2502/962
f 3289/2502/962 3302/2486/950 3301/2484/949
f 3289/2502/962 3301/2484/949 3287/2503/949
f 3287/2503/949 3301/2484/949 3300/2481/947
f 3287/2503/949 3300/2481/947 3285/2479/945
s 0
f 3170/2504/917 3030/2505/917 3310/2506/917
f 3310/2506/917 3030/2505/917 3117/2507/917
f 3310/2506/917 3117/2507/917 3309/2508/917
f 3309/2508/917 3170/2504/917 3310/2506/917
f 3134/2509/963 3166/2418/963 3311/2510/963
f 3311/2510/963 3166/2418/963 3266/2420/963
f 3311/2510/963 3266/2420/963 3138/2511/963
f 3138/2511/963 3134/2509/963 3311/2510/963
f 3308/2512/964 3194/2513/964 3312/2514/964
f 3312/2514/964 3194/2513/964 3173/2515/964
f 3312/2514/964 3173/2515/964 3169/2516/964
f 3169/2516/964 3308/2512/964 3312/2514/964
s 1
f 3226/2517/796 3223/2518/796 3438/2519/965
f 3438/2519/965 3223/2518/796 3440/2520/966
f 3438/2519/965 3440/2520/966 3436/2521/967
f 3436/2521/967 3440/2520/966 3439/2522/968
f 3436/2521/967 3439/2522/968 3434/2523/969
f 3434/2523/969 3439/2522/968 3441/2524/970
f 3434/2523/969 3441/2524/970 3442/2525/971
f 3442/2525/971 3441/2524/970 3318/2526/972
f 3442/2525/971 3318/2526/972 3320/2527/973
f 3223/2518/796 3314/2528/974 3440/2520/966
f 3440/2520/966 3314/2528/974 3316/2529/967
f 3440/2520/966 3316/2529/967 3439/2522/968
f 3439/2522/968 3316/2529/967 3318/2526/972
f 3439/2522/968 3318/2526/972 3441/2524/970
f 3442/2525/971 3320/2527/973 3443/2530/975
f 3443/2530/975 3320/2527/973 3322/2531/976
f 3443/2530/975 3322/2531/976 3444/2532/977
f 3444/2532/977 3322/2531/976 3324/2533/978
f 3444/2532/977 3324/2533/978 3445/2534/979
f 3445/2534/979 3324/2533/978 3326/2535/980
f 3445/2534/979 3326/2535/980 3446/2536/981
f 3446/2536/981 3326/2535/980 3328/2537/982
f 3446/2536/981 3328/2537/982 3447/2538/983
f 3447/2538/983 3328/2537/982 3330/2539/984
f 3447/2538/983 3330/2539/984 3448/2540/985
f 3448/2540/985 3330/2539/984 3332/2541/986
f 3448/2540/985 3332/2541/986 3449/2542/987
f 3449/2542/987 3332/2541/986 3335/2543/988
f 3449/2542/987 3335/2543/988 3450/2544/989
f 3450/2544/989 3335/2543/988 3337/2545/990
f 3450/2544/989 3337/2545/990 3451/2546/991
f 3451/2546/991 3337/2545/990 3339/2547/992
f 3451/2546/991 3339/2547/992 3452/2548/993
f 3452/2548/993 3339/2547/992 3341/2549/994
f 3452/2548/993 3341/2549/994 3453/2550/995
f 3453/2550/995 3341/2549/994 3343/2551/996
f 3453/2550/995 3343/2551/996 3454/2552/997
f 3454/2552/997 3343/2551/996 3345/2553/998
f 3454/2552/997 3345/2553/998 3455/2554/999
f 3455/2554/999 3345/2553/998 3347/2555/1000
f 3455/2554/999 3347/2555/1000 3349/2556/1001
f 3455/2554/999 3349/2556/1001 3456/2557/1002
f 3456/2557/1002 3349/2556/1001 3351/2558/1003
f 3456/2557/1002 3351/2558/1003 3457/2559/1004
f 3457/2559/1004 3351/2558/1003 3353/2560/1005
f 3457/2559/1004 3353/2560/1005 3458/2561/1006
f 3458/2561/1006 3353/2560/1005 3355/2562/1007
f 3458/2561/1006 3355/2562/1007 3459/2563/1008
f 3459/2563/1008 3355/2562/1007 3357/2564/1009
f 3459/2563/1008 3357/2564/1009 3359/2565/1010
f 3459/2563/1008 3359/2565/1010 3460/2566/1011
f 3460/2566/1011 3359/2565/1010 3361/2567/1012
f 3460/2566/1011 3361/2567/1012 3461/2568/1013
f 3461/2568/1013 3361/2567/1012 3363/2569/1014
f 3461/2568/1013 3363/2569/1014 3462/2570/1015
f 3462/2570/1015 3363/2569/1014 3365/2571/1016
f 3462/2570/1015 3365/2571/1016 3463/2572/1017
f 3463/2572/1017 3365/2571/1016 3367/2573/1018
f 3463/2572/1017 3367/2573/1018 3369/2574/1019
f 3463/2572/1017 3369/2574/1019 3464/2575/1020
f 3464/2575/1020 3369/2574/1019 3371/2576/1021
f 3464/2575/1020 3371/2576/1021 3465/2577/1022
f 3465/2577/1022 3371/2576/1021 3373/2578/1023
f 3465/2577/1022 3373/2578/1023 3466/2579/1024
f 3466/2579/1024 3373/2578/1023 3375/2580/1025
f 3466/2579/1024 3375/2580/1025 3280/2581/1026
f 3280/2581/1026 3375/2580/1025 3283/2582/1026
f 3280/2581/1026 3377/2583/1027 3466/2579/1024
f 3466/2579/1024 3377/2583/1027 3379/2584/1023
f 3466/2579/1024 3379/2584/1023 3465/2577/1022
f 3465/2577/1022 3379/2584/1023 3381/2585/1028
f 3465/2577/1022 3381/2585/1028 3464/2575/1020
f 3464/2575/1020 3381/2585/1028 3383/2586/1019
f 3464/2575/1020 3383/2586/1019 3463/2572/1017
f 3463/2572/1017 3383/2586/1019 3385/2587/1029
f 3463/2572/1017 3385/2587/1029 3387/2588/1016
f 3463/2572/1017 3387/2588/1016 3462/2570/1015
f 3462/2570/1015 3387/2588/1016 3389/2589/1030
f 3462/2570/1015 3389/2589/1030 3461/2568/1013
f 3461/2568/1013 3389/2589/1030 3391/2590/1012
f 3461/2568/1013 3391/2590/1012 3460/2566/1011
f 3460/2566/1011 3391/2590/1012 3393/2591/1010
f 3460/2566/1011 3393/2591/1010 3459/2563/1008
f 3459/2563/1008 3393/2591/1010 3395/2592/1031
f 3459/2563/1008 3395/2592/1031 3397/2593/1032
f 3459/2563/1008 3397/2593/1032 3458/2561/1006
f 3458/2561/1006 3397/2593/1032 3399/2594/1005
f 3458/2561/1006 3399/2594/1005 3457/2559/1004
f 3457/2559/1004 3399/2594/1005 3401/2595/1003
f 3457/2559/1004 3401/2595/1003 3456/2557/1002
f 3456/2557/1002 3401/2595/1003 3403/2596/1033
f 3456/2557/1002 3403/2596/1033 3455/2554/999
f 3455/2554/999 3403/2596/1033 3405/2597/1034
f 3455/2554/999 3405/2597/1034 3407/2598/1035
f 3455/2554/999 3407/2598/1035 3454/2552/997
f 3454/2552/997 3407/2598/1035 3409/2599/1036
f 3454/2552/997 3409/2599/1036 3453/2550/995
f 3453/2550/995 3409/2599/1036 3411/2600/1037
f 3453/2550/995 3411/2600/1037 3452/2548/993
f 3452/2548/993 3411/2600/1037 3414/2601/1038
f 3452/2548/993 3414/2601/1038 3451/2546/991
f 3451/2546/991 3414/2601/1038 3416/2602/990
f 3451/2546/991 3416/2602/990 3450/2544/989
f 3450/2544/989 3416/2602/990 3418/2603/988
f 3450/2544/989 3418/2603/988 3449/2542/987
f 3449/2542/987 3418/2603/988 3420/2604/986
f 3449/2542/987 3420/2604/986 3448/2540/985
f 3448/2540/985 3420/2604/986 3422/2605/984
f 3448/2540/985 3422/2605/984 3447/2538/983
f 3447/2538/983 3422/2605/984 3424/2606/982
f 3447/2538/983 3424/2606/982 3446/2536/981
f 3446/2536/981 3424/2606/982 3426/2607/980
f 3446/2536/981 3426/2607/980 3445/2534/979
f 3445/2534/979 3426/2607/980 3428/2608/978
f 3445/2534/979 3428/2608/978 3444/2532/977
f 3444/2532/977 3428/2608/978 3430/2609/976
f 3444/2532/977 3430/2609/976 3443/2530/975
f 3443/2530/975 3430/2609/976 3432/2610/973
f 3443/2530/975 3432/2610/973 3442/2525/971
f 3442/2525/971 3432/2610/973 3434/2523/969
s 0
f 2067/2611/801 3512/2612/801 2069/2613/801
f 2069/2613/801 3512/2612/801 3513/2614/801
f 2069/2613/801 3513/2614/801 3495/2615/801
f 3495/2615/801 3513/2614/801 3515/2616/801
f 3495/2615/801 3515/2616/801 3493/2617/801
f 3493/2617/801 3515/2616/801 3517/2618/801
f 3493/2617/801 3517/2618/801 3491/2619/801
f 3491/2619/801 3517/2618/801 3519/2620/801
f 3491/2619/801 3519/2620/801 3489/2621/801
f 3489/2621/801 3519/2620/801 3521/2622/801
f 3489/2621/801 3521/2622/801 3487/2623/801
f 3487/2623/801 3521/2622/801 3523/2624/801
f 3487/2623/801 3523/2624/801 3485/2625/801
f 3485/2625/801 3523/2624/801 3525/2626/801
f 3485/2625/801 3525/2626/801 3483/2627/801
f 3483/2627/801 3525/2626/801 2122/2628/801
f 3483/2627/801 2122/2628/801 3481/2629/801
f 3481/2629/801 2122/2628/801 2192/2630/801
f 3481/2629/801 2192/2630/801 3479/2631/801
f 3479/2631/801 2192/2630/801 2190/2632/801
f 3479/2631/801 2190/2632/801 3477/2633/801
f 3477/2633/801 2190/2632/801 2188/2634/801
f 3477/2633/801 2188/2634/801 3475/2635/801
f 3475/2635/801 2188/2634/801 2186/2636/801
f 3475/2635/801 2186/2636/801 3473/2637/801
f 3473/2637/801 2186/2636/801 2184/2638/801
f 3473/2637/801 2184/2638/801 3471/2639/801
f 3471/2639/801 2184/2638/801 2182/2640/801
f 3471/2639/801 2182/2640/801 3469/2641/801
f 3469/2641/801 2182/2640/801 2180/2642/801
f 3469/2641/801 2180/2642/801 3467/2643/801
f 3467/2643/801 2180/2642/801 2179/2644/801
f 3467/2643/801 2179/2644/801 2037/2645/801
f 2037/2645/801 2179/2644/801 2176/2646/801
f 2037/2645/801 2176/2646/801 2039/2647/801
f 2039/2647/801 2176/2646/801 2174/2648/801
f 2039/2647/801 2174/2648/801 2041/2649/801
f 2041/2649/801 2174/2648/801 2172/2650/801
f 2041/2649/801 2172/2650/801 2043/2651/801
f 2043/2651/801 2172/2650/801 2170/2652/801
f 2043/2651/801 2170/2652/801 2045/2653/801
f 2045/2653/801 2170/2652/801 2168/2654/801
f 2045/2653/801 2168/2654/801 2047/2655/801
f 2047/2655/801 2168/2654/801 2166/2656/801
f 2047/2655/801 2166/2656/801 2049/2657/801
f 2049/2657/801 2166/2656/801 2164/2658/801
f 2049/2657/801 2164/2658/801 2051/2659/801
f 2051/2659/801 2164/2658/801 2161/2660/801
f 2051/2659/801 2161/2660/801 2053/2661/801
f 2053/2661/801 2161/2660/801 3497/2662/801
f 2053/2661/801 3497/2662/801 2055/2663/801
f 2055/2663/801 3497/2662/801 3499/2664/801
f 2055/2663/801 3499/2664/801 2057/2665/801
f 2057/2665/801 3499/2664/801 3501/2666/801
f 2057/2665/801 3501/2666/801 2059/2667/801
f 2059/2667/801 3501/2666/801 3503/2668/801
f 2059/2667/801 3503/2668/801 2061/2669/801
f 2061/2669/801 3503/2668/801 3505/2670/801
f 2061/2669/801 3505/2670/801 2063/2671/801
f 2063/2671/801 3505/2670/801 3507/2672/801
f 2063/2671/801 3507/2672/801 2065/2673/801
f 2065/2673/801 3507/2672/801 3509/2674/801
f 2065/2673/801 3509/2674/801 2067/2611/801
f 2067/2611/801 3509/2674/801 3512/2612/801
f 2603/1897/788 3222/2675/788 2525/1899/788
f 2525/1899/788 3222/2675/788 3364/2676/788
f 2525/1899/788 3364/2676/788 3362/2677/788
f 3222/2675/788 2603/1897/788 3313/2678/788
f 3313/2678/788 2603/1897/788 2601/1918/788
f 3313/2678/788 2601/1918/788 3315/2679/788
f 3315/2679/788 2601/1918/788 2599/1920/788
f 3315/2679/788 2599/1920/788 2597/1922/788
f 2597/1922/788 2595/1924/788 3315/2679/788
f 3315/2679/788 2595/1924/788 3317/2680/788
f 3317/2680/788 2595/1924/788 2593/1926/788
f 3317/2680/788 2593/1926/788 2591/1928/788
f 2591/1928/788 2589/2681/788 3317/2680/788
f 3317/2680/788 2589/2681/788 3319/2682/788
f 3319/2682/788 2589/2681/788 3321/2683/788
f 3321/2683/788 2589/2681/788 3323/2684/788
f 3323/2684/788 2589/2681/788 3325/2685/788
f 3325/2685/788 2589/2681/788 3327/2686/788
f 3327/2686/788 2589/2681/788 3329/2687/788
f 3329/2687/788 2589/2681/788 3331/2688/788
f 3331/2688/788 2589/2681/788 3333/2689/788
f 3333/2689/788 2589/2681/788 2587/1932/788
f 3333/2689/788 2587/1932/788 2585/1933/788
f 2585/1933/788 2583/1935/788 3333/2689/788
f 3333/2689/788 2583/1935/788 2581/1937/788
f 3333/2689/788 2581/1937/788 2579/1939/788
f 2579/1939/788 2576/1941/788 3333/2689/788
f 3334/2689/789 2577/1941/789 2574/1943/789
f 3333/2689/788 2573/1943/788 2482/1945/788
f 3333/2689/788 2482/1945/788 3344/2690/788
f 3344/2690/788 2482/1945/788 2556/1948/788
f 3344/2690/788 2556/1948/788 2554/1950/788
f 3344/2690/788 2554/1950/788 3346/2691/788
f 3346/2691/788 2554/1950/788 2552/1952/788
f 3346/2691/788 2552/1952/788 2550/1954/788
f 2550/1954/788 2548/1956/788 3346/2691/788
f 3346/2691/788 2548/1956/788 2546/1958/788
f 3346/2691/788 2546/1958/788 3348/2692/788
f 3348/2692/788 2546/1958/788 3350/2693/788
f 3350/2693/788 2546/1958/788 3352/2694/788
f 3352/2694/788 2546/1958/788 3354/2695/788
f 3354/2695/788 2546/1958/788 3356/2696/788
f 3356/2696/788 2546/1958/788 2544/1916/788
f 3356/2696/788 2544/1916/788 2543/2697/788
f 2543/2697/790 2540/1913/790 3356/2696/790
f 3356/2696/788 2540/1913/788 2538/1911/788
f 3356/2696/788 2538/1911/788 3358/2698/788
f 3358/2698/788 2538/1911/788 2536/1909/788
f 3358/2698/788 2536/1909/788 2534/1907/788
f 2534/1907/788 2532/1905/788 3358/2698/788
f 3358/2698/788 2532/1905/788 3360/2699/788
f 3360/2699/788 2532/1905/788 2530/1903/788
f 3360/2699/788 2530/1903/788 2528/1901/788
f 3360/2699/788 2528/1901/788 3362/2677/788
f 3362/2677/788 2528/1901/788 2525/1899/788
f 3112/2700/788 3110/2701/788 3114/2702/788
f 3114/2702/788 3110/2701/788 3108/2703/788
f 3114/2702/790 3108/2703/790 3106/2704/790
f 3106/2704/788 3103/2705/788 3114/2702/788
f 3116/2702/788 3104/2705/788 3101/2706/788
f 3114/2702/790 3100/2706/790 3097/2707/790
f 3098/2707/789 3095/2708/789 3115/2702/789
f 3114/2702/788 3094/2708/788 3092/2709/788
f 3114/2702/790 3092/2709/790 3090/2710/790
f 3114/2702/788 3090/2710/788 3307/2711/788
f 3307/2711/788 3090/2710/788 3088/2712/788
f 3307/2711/788 3088/2712/788 3086/2713/788
f 3086/2713/788 3083/2714/788 3307/2711/788
f 3307/2711/788 3083/2714/788 3073/2715/788
f 3307/2711/788 3073/2715/788 3137/2716/788
f 3084/2714/789 3080/2717/789 3074/2715/789
f 3075/2715/1039 3081/2717/1039 3078/2718/1039
f 3137/2716/788 3264/2719/788 3307/2711/788
f 3307/2711/788 3264/2719/788 3262/2720/788
f 3307/2711/788 3262/2720/788 3192/2721/788
f 3192/2721/788 3262/2720/788 3195/2722/788
f 3195/2722/788 3262/2720/788 3197/2723/788
f 3197/2723/788 3262/2720/788 3199/2724/788
f 3199/2724/788 3262/2720/788 3201/2725/788
f 3201/2725/788 3262/2720/788 3203/2726/788
f 3203/2726/788 3262/2720/788 3205/2727/788
f 3205/2727/788 3262/2720/788 3260/2728/788
f 3205/2727/788 3260/2728/788 3258/2729/788
f 3205/2727/788 3258/2729/788 3207/2730/788
f 3207/2730/788 3258/2729/788 3256/2731/788
f 3207/2730/788 3256/2731/788 3254/2732/788
f 3254/2732/788 3252/2733/788 3207/2730/788
f 3207/2730/788 3252/2733/788 3250/2734/788
f 3207/2730/788 3250/2734/788 3244/2735/788
f 3207/2730/788 3244/2735/788 3209/2736/788
f 3209/2736/788 3244/2735/788 3237/2737/788
f 3209/2736/788 3237/2737/788 2838/2738/788
f 2838/2738/788 3237/2737/788 3235/2739/788
f 2838/2738/788 3235/2739/788 3233/2740/788
f 3233/2740/788 3231/2741/788 2838/2738/788
f 2838/2738/788 3231/2741/788 3228/2742/788
f 2838/2738/788 3228/2742/788 2841/2743/788
f 2841/2743/788 3228/2742/788 2843/2744/788
f 2843/2744/788 3228/2742/788 2845/2745/788
f 2845/2745/788 3228/2742/788 3281/2746/788
f 2845/2745/788 3281/2746/788 2847/2747/788
f 2847/2747/788 3281/2746/788 3222/2675/788
f 3222/2675/788 3281/2746/788 3368/2748/788
f 3222/2675/788 3368/2748/788 3366/2749/788
f 3374/2750/790 3372/2751/790 3281/2746/790
f 3281/2746/788 3372/2751/788 3370/2752/788
f 3281/2746/788 3370/2752/788 3368/2748/788
f 3366/2749/788 3364/2676/788 3222/2675/788
f 3344/2690/788 3342/2753/788 3333/2689/788
f 3333/2689/788 3342/2753/788 3340/2754/788
f 3333/2689/788 3340/2754/788 3336/2755/788
f 3336/2755/788 3340/2754/788 3338/2756/788
s 1
f 2213/1563/686 2210/1659/686 3556/2757/816
f 3556/2757/816 2210/1659/686 3557/2758/1040
f 3556/2757/816 3557/2758/1040 3554/2759/1041
f 3554/2759/1041 3557/2758/1040 3558/2760/1042
f 3554/2759/1041 3558/2760/1042 3552/2761/770
f 3552/2761/770 3558/2760/1042 3559/2762/1043
f 3552/2761/770 3559/2762/1043 3550/2763/768
f 3550/2763/768 3559/2762/1043 3560/2764/1044
f 3550/2763/768 3560/2764/1044 3548/2765/763
f 3548/2765/763 3560/2764/1044 3561/2766/1045
f 3548/2765/763 3561/2766/1045 3546/2767/760
f 3546/2767/760 3561/2766/1045 3562/2768/1046
f 3546/2767/760 3562/2768/1046 3544/2769/1047
f 3544/2769/1047 3562/2768/1046 3563/2770/757
f 3544/2769/1047 3563/2770/757 3541/2771/1048
f 3541/2771/1048 3563/2770/757 3540/2772/1049
f 3540/2772/1049 3563/2770/757 3564/2773/823
f 3540/2772/1049 3564/2773/823 3538/2774/765
f 3538/2774/765 3564/2773/823 3565/2775/1050
f 3538/2774/765 3565/2775/1050 3566/2776/1051
f 3566/2776/1051 3565/2775/1050 2663/2777/765
f 3566/2776/1051 2663/2777/765 2661/2778/764
f 2210/1659/686 2685/2779/816 3557/2758/1040
f 3557/2758/1040 2685/2779/816 2682/2780/772
f 3557/2758/1040 2682/2780/772 3558/2760/1042
f 3558/2760/1042 2682/2780/772 2679/2781/770
f 3558/2760/1042 2679/2781/770 3559/2762/1043
f 3559/2762/1043 2679/2781/770 2677/2782/821
f 3559/2762/1043 2677/2782/821 3560/2764/1044
f 3560/2764/1044 2677/2782/821 2674/2783/763
f 3560/2764/1044 2674/2783/763 3561/2766/1045
f 3561/2766/1045 2674/2783/763 2671/2784/760
f 3561/2766/1045 2671/2784/760 3562/2768/1046
f 3562/2768/1046 2671/2784/760 2669/2785/1052
f 3562/2768/1046 2669/2785/1052 3563/2770/757
f 3563/2770/757 2669/2785/1052 2666/2786/757
f 3563/2770/757 2666/2786/757 2665/2787/1053
f 3563/2770/757 2665/2787/1053 3564/2773/823
f 3564/2773/823 2665/2787/1053 2663/2777/765
f 3564/2773/823 2663/2777/765 3565/2775/1050
f 3566/2776/1051 2661/2778/764 3567/2788/1054
f 3567/2788/1054 2661/2778/764 2659/2789/750
f 3567/2788/1054 2659/2789/750 3568/2790/1055
f 3568/2790/1055 2659/2789/750 2657/2791/748
f 3568/2790/1055 2657/2791/748 3569/2792/1056
f 3569/2792/1056 2657/2791/748 2655/2793/842
f 3569/2792/1056 2655/2793/842 3570/2794/1057
f 3570/2794/1057 2655/2793/842 2652/2795/830
f 3570/2794/1057 2652/2795/830 3571/2796/1058
f 3571/2796/1058 2652/2795/830 2257/2797/704
f 3571/2796/1058 2257/2797/704 2253/2798/704
f 2253/2798/704 3528/2799/830 3571/2796/1058
f 3571/2796/1058 3528/2799/830 3570/2794/1057
f 3528/2799/830 3530/2800/1059 3570/2794/1057
f 3570/2794/1057 3530/2800/1059 3569/2792/1056
f 3530/2800/1059 3532/2801/748 3569/2792/1056
f 3569/2792/1056 3532/2801/748 3568/2790/1055
f 3532/2801/748 3534/2802/750 3568/2790/1055
f 3568/2790/1055 3534/2802/750 3567/2788/1054
f 3534/2802/750 3536/2803/764 3567/2788/1054
f 3567/2788/1054 3536/2803/764 3566/2776/1051
f 3536/2803/764 3538/2774/765 3566/2776/1051
f 3604/2804/744 2127/1610/704 3606/2805/1060
f 3606/2805/1060 2127/1610/704 2124/2806/704
f 3606/2805/1060 2124/2806/704 3526/2807/744
f 3606/2805/1060 3526/2807/744 3605/2808/1061
f 3605/2808/1061 3526/2807/744 3524/2809/829
f 3605/2808/1061 3524/2809/829 3607/2810/1062
f 3607/2810/1062 3524/2809/829 3522/2811/748
f 3607/2810/1062 3522/2811/748 3608/2812/1063
f 3608/2812/1063 3522/2811/748 3520/2813/750
f 3608/2812/1063 3520/2813/750 3609/2814/1064
f 3609/2814/1064 3520/2813/750 3518/2815/764
f 3609/2814/1064 3518/2815/764 3610/2816/1065
f 3610/2816/1065 3518/2815/764 3516/2817/765
f 3610/2816/1065 3516/2817/765 3611/2818/765
f 3611/2818/765 3516/2817/765 3612/2819/823
f 3611/2818/765 3612/2819/823 3593/2820/765
f 3593/2820/765 3612/2819/823 3591/2821/1066
f 3591/2821/1066 3612/2819/823 3613/2822/1067
f 3591/2821/1066 3613/2822/1067 3587/2823/1067
f 3587/2823/1067 3613/2822/1067 3586/2824/1068
f 3586/2824/1068 3613/2822/1067 3614/2825/1069
f 3586/2824/1068 3614/2825/1069 3584/2826/760
f 3584/2826/760 3614/2825/1069 3615/2827/1045
f 3584/2826/760 3615/2827/1045 3582/2828/763
f 3582/2828/763 3615/2827/1045 3616/2829/1070
f 3582/2828/763 3616/2829/1070 3580/2830/821
f 3580/2830/821 3616/2829/1070 3617/2831/1071
f 3580/2830/821 3617/2831/1071 3578/2832/770
f 3578/2832/770 3617/2831/1071 3618/2833/1072
f 3578/2832/770 3618/2833/1072 3576/2834/1041
f 3576/2834/1041 3618/2833/1072 3619/2835/1040
f 3576/2834/1041 3619/2835/1040 3573/2836/774
f 3573/2836/774 3619/2835/1040 2159/2837/686
f 2159/2837/686 3619/2835/1040 3498/2838/816
f 2159/2837/686 3498/2838/816 2162/2839/1073
f 3516/2817/765 3514/2840/1074 3612/2819/823
f 3612/2819/823 3514/2840/1074 3613/2822/1067
f 3514/2840/1074 3511/2841/1067 3613/2822/1067
f 3613/2822/1067 3511/2841/1067 3510/2842/766
f 3613/2822/1067 3510/2842/766 3614/2825/1069
f 3614/2825/1069 3510/2842/766 3508/2843/760
f 3614/2825/1069 3508/2843/760 3615/2827/1045
f 3615/2827/1045 3508/2843/760 3506/2844/763
f 3615/2827/1045 3506/2844/763 3616/2829/1070
f 3616/2829/1070 3506/2844/763 3504/2845/768
f 3616/2829/1070 3504/2845/768 3617/2831/1071
f 3617/2831/1071 3504/2845/768 3502/2846/770
f 3617/2831/1071 3502/2846/770 3618/2833/1072
f 3618/2833/1072 3502/2846/770 3500/2847/777
f 3618/2833/1072 3500/2847/777 3619/2835/1040
f 3619/2835/1040 3500/2847/777 3498/2838/816
f 3611/2818/765 3593/2820/765 3610/2816/1065
f 3610/2816/1065 3593/2820/765 3595/2848/764
f 3610/2816/1065 3595/2848/764 3609/2814/1064
f 3609/2814/1064 3595/2848/764 3597/2849/750
f 3609/2814/1064 3597/2849/750 3608/2812/1063
f 3608/2812/1063 3597/2849/750 3600/2850/748
f 3608/2812/1063 3600/2850/748 3607/2810/1062
f 3607/2810/1062 3600/2850/748 3602/2851/746
f 3607/2810/1062 3602/2851/746 3605/2808/1061
f 3605/2808/1061 3602/2851/746 3604/2804/744
f 3605/2808/1061 3604/2804/744 3606/2805/1060
s 0
f 2249/1896/801 3572/2662/801 2251/1898/801
f 2251/1898/801 3572/2662/801 2158/2660/801
f 2251/1898/801 2158/2660/801 3527/1900/801
f 3527/1900/801 2158/2660/801 2156/2658/801
f 3527/1900/801 2156/2658/801 3529/1902/801
f 3529/1902/801 2156/2658/801 2154/2656/801
f 3529/1902/801 2154/2656/801 3531/1904/801
f 3531/1904/801 2154/2656/801 2152/2654/801
f 3531/1904/801 2152/2654/801 3533/1906/801
f 3533/1906/801 2152/2654/801 2150/2652/801
f 3533/1906/801 2150/2652/801 3535/1908/801
f 3535/1908/801 2150/2652/801 2148/2650/801
f 3535/1908/801 2148/2650/801 3537/1910/801
f 3537/1910/801 2148/2650/801 2146/2648/801
f 3537/1910/801 2146/2648/801 3539/1912/801
f 3539/1912/801 2146/2648/801 2144/2646/801
f 3539/1912/801 2144/2646/801 3542/2852/801
f 3542/2852/801 2144/2646/801 2143/2853/801
f 3542/2852/801 2143/2853/801 2140/2642/801
f 2249/1896/801 2246/1917/801 3572/2662/801
f 3572/2662/801 2246/1917/801 3574/2664/801
s 1
f 3575/2664/802 2247/1917/802 2244/1919/802
s 0
f 3574/2664/801 2243/1919/801 3577/2666/801
f 3577/2666/801 2243/1919/801 2241/1921/801
f 3577/2666/801 2241/1921/801 3579/2668/801
f 3579/2668/801 2241/1921/801 2239/1923/801
f 3579/2668/801 2239/1923/801 3581/2670/801
f 3581/2670/803 2239/1923/803 2237/1925/803
f 3581/2670/801 2237/1925/801 3583/2672/801
f 3583/2672/801 2237/1925/801 2235/1927/801
f 3583/2672/801 2235/1927/801 3585/2674/801
f 3585/2674/803 2235/1927/803 2233/2854/803
f 3585/2674/801 2233/2854/801 3588/2855/801
f 3589/2855/801 2234/2854/801 2230/1931/801
f 3588/2855/801 2229/1931/801 3590/2614/801
f 3590/2614/801 2229/1931/801 3592/2616/801
f 3592/2616/801 2229/1931/801 2227/1934/801
f 3592/2616/801 2227/1934/801 3594/2618/801
f 3594/2618/801 2227/1934/801 2225/1936/801
f 3594/2618/801 2225/1936/801 3596/2620/801
f 3596/2620/801 2225/1936/801 2222/1938/801
f 3596/2620/801 2222/1938/801 3598/2622/801
f 3599/2622/802 2223/1938/802 2220/1940/802
f 3598/2622/801 2219/1940/801 3601/2624/801
f 3601/2624/801 2219/1940/801 2217/1942/801
f 3601/2624/801 2217/1942/801 3603/2626/801
f 3603/2626/801 2217/1942/801 2214/1944/801
f 3603/2626/801 2214/1944/801 2125/2628/801
f 2126/2628/802 2215/1944/802 2212/1946/802
f 2125/2628/801 2211/1946/801 3555/1947/801
f 2125/2628/801 3555/1947/801 2128/2630/801
f 2128/2630/801 3555/1947/801 3553/1949/801
f 2128/2630/801 3553/1949/801 2130/2632/801
f 2130/2632/801 3553/1949/801 3551/1951/801
f 2130/2632/801 3551/1951/801 2132/2634/801
f 2132/2634/801 3551/1951/801 3549/1953/801
f 2132/2634/801 3549/1953/801 2134/2636/801
f 2134/2636/801 3549/1953/801 3547/1955/801
f 2134/2636/803 3547/1955/803 2136/2638/803
f 2136/2638/801 3547/1955/801 3545/1957/801
f 2136/2638/801 3545/1957/801 2138/2640/801
f 2138/2640/801 3545/1957/801 3543/1959/801
f 2138/2640/801 3543/1959/801 2140/2642/801
f 2140/2642/801 3543/1959/801 3542/2852/801
f 2105/2856/801 3658/2857/801 2035/2598/801
f 2035/2598/801 3658/2857/801 3668/2858/801
f 2035/2598/801 3668/2858/801 3696/2859/801
f 3696/2859/801 3668/2858/801 3694/2860/801
f 3694/2860/801 3668/2858/801 3692/2861/801
f 3692/2861/801 3668/2858/801 3690/2862/801
f 3690/2862/801 3668/2858/801 3688/2863/801
f 3688/2863/801 3668/2858/801 3686/2864/801
f 3686/2864/801 3668/2858/801 3684/2865/801
f 3684/2865/801 3668/2858/801 3682/2866/801
f 3682/2866/801 3668/2858/801 3681/2867/801
f 3681/2867/801 3668/2858/801 3677/2868/801
f 3678/2868/802 3669/2858/802 3674/2869/802
s 1
f 3675/2869/1075 3668/2858/803 3672/2870/803
s 0
f 3658/2857/801 2105/2856/801 3654/2871/801
f 3654/2871/801 2105/2856/801 2102/2872/801
f 3655/2871/802 2103/2872/802 2100/2873/802
f 2099/2873/801 2097/2874/801 3654/2871/801
f 3654/2871/801 2097/2874/801 2095/2875/801
f 3654/2871/801 2095/2875/801 3832/2876/801
f 3832/2876/801 2095/2875/801 2093/2877/801
f 3832/2876/801 2093/2877/801 2091/2878/801
f 2091/2878/801 2089/2879/801 3832/2876/801
f 3832/2876/801 2089/2879/801 3805/2880/801
f 3832/2876/801 3805/2880/801 3830/2881/801
f 3830/2881/801 3805/2880/801 3828/2882/801
f 3828/2882/801 3805/2880/801 3826/2883/801
f 3826/2883/801 3805/2880/801 3824/2884/801
f 3824/2884/801 3805/2880/801 3822/2885/801
f 3822/2885/801 3805/2880/801 3820/2886/801
f 3820/2886/803 3805/2880/803 3818/2887/803
f 3818/2887/801 3805/2880/801 3816/2888/801
f 3816/2888/801 3805/2880/801 3814/2889/801
f 3814/2889/801 3805/2880/801 3811/2890/801
f 3812/2890/1076 3807/2880/1076 3810/2891/1077
f 3805/2880/801 2089/2879/801 3793/2892/801
f 3793/2892/801 2089/2879/801 2087/2893/801
f 3793/2892/801 2087/2893/801 3790/2894/801
f 3790/2894/801 2087/2893/801 2085/2895/801
f 3790/2894/801 2085/2895/801 2083/2896/801
f 2083/2896/801 2081/2897/801 3790/2894/801
f 3790/2894/801 2081/2897/801 2079/2898/801
f 3790/2894/801 2079/2898/801 3787/2899/801
f 3787/2899/801 2079/2898/801 2077/2900/801
f 3787/2899/801 2077/2900/801 2075/2901/801
f 2075/2901/801 2072/2902/801 3787/2899/801
f 3787/2899/801 2072/2902/801 3758/2903/801
f 3787/2899/801 3758/2903/801 3760/2904/801
f 3758/2903/801 2072/2902/801 3747/2905/801
f 3747/2905/801 2072/2902/801 3620/2906/801
f 3747/2905/801 3620/2906/801 3743/2907/801
f 3744/2907/802 3621/2906/802 3624/2908/802
f 3743/2907/801 3623/2908/801 3626/2909/801
f 3626/2909/801 3628/2910/801 3743/2907/801
f 3743/2907/801 3628/2910/801 3630/2911/801
f 3743/2907/801 3630/2911/801 3740/2912/801
f 3740/2912/801 3630/2911/801 3632/2913/801
f 3740/2912/801 3632/2913/801 3634/2914/801
f 3634/2914/801 3636/2915/801 3740/2912/801
f 3740/2912/801 3636/2915/801 3715/2916/801
f 3740/2912/801 3715/2916/801 3738/2917/801
f 3738/2917/801 3715/2916/801 3736/2918/801
f 3736/2918/801 3715/2916/801 3734/2919/801
f 3734/2919/801 3715/2916/801 3732/2920/801
f 3732/2920/801 3715/2916/801 3730/2921/801
f 3730/2921/801 3715/2916/801 3728/2922/801
f 3728/2922/803 3715/2916/803 3726/2923/803
f 3726/2923/803 3715/2916/803 3724/2924/803
f 3724/2924/801 3715/2916/801 3722/2925/801
f 3722/2925/801 3715/2916/801 3720/2926/801
f 3719/2926/902 3714/2916/902 3717/2927/902
f 3715/2916/801 3636/2915/801 3703/2928/801
f 3703/2928/801 3636/2915/801 3638/2929/801
f 3703/2928/801 3638/2929/801 3699/2930/801
f 3700/2930/802 3639/2929/802 3642/2931/802
f 3699/2930/803 3641/2931/803 3644/2932/803
f 3644/2932/801 3646/2933/801 3699/2930/801
f 3699/2930/801 3646/2933/801 3648/2934/801
f 3699/2930/801 3648/2934/801 3696/2859/801
f 3696/2859/801 3648/2934/801 3650/2935/801
f 3696/2859/801 3650/2935/801 3652/2936/801
f 3652/2936/801 2035/2598/801 3696/2859/801
f 3658/2857/801 3661/2937/801 3668/2858/801
f 3668/2858/801 3661/2937/801 3663/2938/801
f 3670/2858/1078 3664/2938/1078 3666/2939/1078
f 3703/2928/801 3706/2940/801 3715/2916/801
f 3715/2916/801 3706/2940/801 3709/2941/801
s 1
f 3713/2916/1079 3708/2941/1079 3711/2942/1080
s 0
f 3747/2905/801 3750/2943/801 3758/2903/801
f 3758/2903/801 3750/2943/801 3753/2944/801
f 3757/2903/902 3752/2944/902 3755/2945/902
f 3760/2904/801 3762/2946/801 3787/2899/801
f 3787/2899/801 3762/2946/801 3764/2947/801
f 3787/2899/801 3764/2947/801 3767/2948/801
f 3767/2948/803 3768/2949/803 3787/2899/803
f 3787/2899/801 3768/2949/801 3784/2950/801
f 3784/2950/801 3768/2949/801 3770/2951/801
f 3785/2950/1081 3771/2951/1081 3782/2952/1081
f 3781/2952/801 3770/2951/801 3773/2953/801
f 3781/2952/803 3773/2953/803 3778/2954/803
s 1
f 3779/2954/1082 3774/2953/1082 3776/2955/1082
s 0
f 3794/2892/802 3798/2956/802 3806/2880/802
f 3805/2880/801 3797/2956/801 3800/2957/801
f 3806/2880/802 3801/2957/802 3803/2958/802
s 1
f 2038/1563/621 2036/1561/619 3468/2761/1083
f 3468/2761/1083 2036/1561/619 3835/2959/1084
f 3468/2761/1083 3835/2959/1084 3470/2767/1085
f 3470/2767/1085 3835/2959/1084 3836/2960/1086
f 3470/2767/1085 3836/2960/1086 3472/2772/1087
f 3472/2772/1087 3836/2960/1086 3837/2961/1088
f 3472/2772/1087 3837/2961/1088 3474/2802/1089
f 3474/2802/1089 3837/2961/1088 3838/2962/1090
f 3474/2802/1089 3838/2962/1090 3476/2799/1091
f 3476/2799/1091 3838/2962/1090 3839/2963/1092
f 3476/2799/1091 3839/2963/1092 3478/2964/1093
f 3478/2964/1093 3839/2963/1092 3840/2965/1094
f 3478/2964/1093 3840/2965/1094 3480/2966/1095
f 3480/2966/1095 3840/2965/1094 3841/2967/1096
f 3480/2966/1095 3841/2967/1096 3482/2968/1096
f 3482/2968/1096 3841/2967/1096 3484/2969/1097
f 3484/2969/1097 3841/2967/1096 3842/2970/1098
f 3484/2969/1097 3842/2970/1098 3486/2971/1099
f 3486/2971/1099 3842/2970/1098 3843/2972/1100
f 3486/2971/1099 3843/2972/1100 3844/2973/1101
f 3844/2973/1101 3843/2972/1100 3633/2974/1099
f 3844/2973/1101 3633/2974/1099 3631/2975/1102
f 2036/1561/619 3653/2976/1103 3835/2959/1084
f 3835/2959/1084 3653/2976/1103 3651/2977/1085
f 3835/2959/1084 3651/2977/1085 3836/2960/1086
f 3836/2960/1086 3651/2977/1085 3649/2978/1104
f 3836/2960/1086 3649/2978/1104 3837/2961/1088
f 3837/2961/1088 3649/2978/1104 3647/2979/1105
f 3837/2961/1088 3647/2979/1105 3838/2962/1090
f 3838/2962/1090 3647/2979/1105 3645/2980/1091
f 3838/2962/1090 3645/2980/1091 3839/2963/1092
f 3839/2963/1092 3645/2980/1091 3643/2981/1093
f 3839/2963/1092 3643/2981/1093 3840/2965/1094
f 3840/2965/1094 3643/2981/1093 3640/2982/1106
f 3840/2965/1094 3640/2982/1106 3841/2967/1096
f 3841/2967/1096 3640/2982/1106 3637/2983/1096
f 3841/2967/1096 3637/2983/1096 3635/2984/1107
f 3841/2967/1096 3635/2984/1107 3842/2970/1098
f 3842/2970/1098 3635/2984/1107 3633/2974/1099
f 3842/2970/1098 3633/2974/1099 3843/2972/1100
f 3844/2973/1101 3631/2975/1102 3845/2985/1108
f 3845/2985/1108 3631/2975/1102 3629/2986/1109
f 3845/2985/1108 3629/2986/1109 3846/2987/1110
f 3846/2987/1110 3629/2986/1109 3627/2988/1111
f 3846/2987/1110 3627/2988/1111 3847/2989/1112
f 3847/2989/1112 3627/2988/1111 3625/2990/1113
f 3847/2989/1112 3625/2990/1113 3848/2991/1114
f 3848/2991/1114 3625/2990/1113 3622/2992/1115
f 3848/2991/1114 3622/2992/1115 3849/2993/1116
f 3849/2993/1116 3622/2992/1115 2074/2994/649
f 3849/2993/1116 2074/2994/649 2071/2995/1117
f 2071/2995/1117 3496/2996/1115 3849/2993/1116
f 3849/2993/1116 3496/2996/1115 3848/2991/1114
f 3496/2996/1115 3494/2997/1113 3848/2991/1114
f 3848/2991/1114 3494/2997/1113 3847/2989/1112
f 3494/2997/1113 3492/2998/1111 3847/2989/1112
f 3847/2989/1112 3492/2998/1111 3846/2987/1110
f 3492/2998/1111 3490/2999/1118 3846/2987/1110
f 3846/2987/1110 3490/2999/1118 3845/2985/1108
f 3490/2999/1118 3488/3000/1119 3845/2985/1108
f 3845/2985/1108 3488/3000/1119 3844/2973/1101
f 3488/3000/1119 3486/2971/1099 3844/2973/1101
s 0
f 3855/3001/1120 3659/3002/1120 3856/3003/1120
f 3856/3003/1120 3659/3002/1120 3657/3004/1120
f 3856/3003/1120 3657/3004/1120 3852/3005/1120
f 3852/3005/1120 3855/3001/1120 3856/3003/1120
s 1
f 3695/3006/1121 3890/3007/1122 3698/3008/1123
f 3698/3008/1123 3890/3007/1122 3886/3009/1124
f 3698/3008/1123 3886/3009/1124 3888/2902/1123
f 3695/3006/1121 3693/3010/1125 3890/3007/1122
f 3890/3007/1122 3693/3010/1125 3891/3011/1126
f 3890/3007/1122 3891/3011/1126 3884/3012/1127
f 3884/3012/1127 3891/3011/1126 3882/3013/1128
f 3882/3013/1128 3891/3011/1126 3892/3014/1129
f 3882/3013/1128 3892/3014/1129 3880/3015/1130
f 3880/3015/1130 3892/3014/1129 3893/3016/1131
f 3880/3015/1130 3893/3016/1131 3878/3017/1132
f 3878/3017/1132 3893/3016/1131 3894/3018/1133
f 3878/3017/1132 3894/3018/1133 3876/3019/1134
f 3876/3019/1134 3894/3018/1133 3895/3020/1135
f 3876/3019/1134 3895/3020/1135 3874/3021/1136
f 3874/3021/1136 3895/3020/1135 3896/3022/757
f 3874/3021/1136 3896/3022/757 3871/3023/757
f 3871/3023/757 3896/3022/757 3870/3024/1137
f 3870/3024/1137 3896/3022/757 3897/3025/1138
f 3870/3024/1137 3897/3025/1138 3868/3026/1139
f 3868/3026/1139 3897/3025/1138 3898/3027/1140
f 3868/3026/1139 3898/3027/1140 3899/3028/1141
f 3899/3028/1141 3898/3027/1140 3676/3029/1142
f 3899/3028/1141 3676/3029/1142 3673/3030/1143
f 3693/3010/1125 3691/3031/1128 3891/3011/1126
f 3891/3011/1126 3691/3031/1128 3892/3014/1129
f 3691/3031/1128 3689/3032/1144 3892/3014/1129
f 3892/3014/1129 3689/3032/1144 3893/3016/1131
f 3689/3032/1144 3687/3033/1132 3893/3016/1131
f 3893/3016/1131 3687/3033/1132 3894/3018/1133
f 3687/3033/1132 3685/3034/1134 3894/3018/1133
f 3894/3018/1133 3685/3034/1134 3895/3020/1135
f 3685/3034/1134 3683/3035/1145 3895/3020/1135
f 3895/3020/1135 3683/3035/1145 3896/3022/757
f 3683/3035/1145 3680/3036/757 3896/3022/757
f 3896/3022/757 3680/3036/757 3679/3037/1146
f 3896/3022/757 3679/3037/1146 3897/3025/1138
f 3897/3025/1138 3679/3037/1146 3676/3029/1142
f 3897/3025/1138 3676/3029/1142 3898/3027/1140
f 3899/3028/1141 3673/3030/1143 3900/3038/1147
f 3900/3038/1147 3673/3030/1143 3671/3039/1148
f 3900/3038/1147 3671/3039/1148 3901/3040/1149
f 3901/3040/1149 3671/3039/1148 3667/3041/1150
f 3901/3040/1149 3667/3041/1150 3902/3042/1151
f 3902/3042/1151 3667/3041/1150 3665/3043/1152
f 3902/3042/1151 3665/3043/1152 3903/3044/1153
f 3903/3044/1153 3665/3043/1152 3662/3045/1154
f 3903/3044/1153 3662/3045/1154 3904/3046/1155
f 3904/3046/1155 3662/3045/1154 3660/3047/1156
f 3904/3046/1155 3660/3047/1156 3854/3048/1120
f 3854/3048/1120 3858/3049/1157 3904/3046/1155
f 3904/3046/1155 3858/3049/1157 3903/3044/1153
f 3858/3049/1157 3860/3050/1158 3903/3044/1153
f 3903/3044/1153 3860/3050/1158 3902/3042/1151
f 3860/3050/1158 3862/3051/1150 3902/3042/1151
f 3902/3042/1151 3862/3051/1150 3901/3040/1149
f 3862/3051/1150 3864/3052/1148 3901/3040/1149
f 3901/3040/1149 3864/3052/1148 3900/3038/1147
f 3864/3052/1148 3866/3053/1159 3900/3038/1147
f 3900/3038/1147 3866/3053/1159 3899/3028/1141
f 3866/3053/1159 3868/3026/1139 3899/3028/1141
f 3884/3012/1127 3886/3009/1124 3890/3007/1122
s 0
f 3907/3054/1123 3702/3055/1123 3908/3003/1123
f 3908/3003/1123 3702/3055/1123 3697/3004/1123
f 3908/3003/1123 3697/3004/1123 3889/3005/1123
f 3889/3005/1123 3907/3054/1123 3908/3003/1123
f 3911/3056/1160 3704/3057/1160 3912/3003/1160
f 3912/3003/1160 3704/3057/1160 3701/3004/1160
f 3912/3003/1160 3701/3004/1160 3906/3005/1160
f 3906/3005/1161 3911/3056/1161 3912/3003/1161
s 1
f 3739/3058/1162 3948/3007/1163 3742/3059/1164
f 3742/3059/1164 3948/3007/1163 3944/3009/1165
f 3742/3059/1164 3944/3009/1165 3946/2902/1166
f 3739/3058/1162 3737/3060/1167 3948/3007/1163
f 3948/3007/1163 3737/3060/1167 3949/3011/1168
f 3948/3007/1163 3949/3011/1168 3942/3012/1169
f 3942/3012/1169 3949/3011/1168 3940/3013/1170
f 3940/3013/1170 3949/3011/1168 3950/3014/1171
f 3940/3013/1170 3950/3014/1171 3938/3015/1172
f 3938/3015/1172 3950/3014/1171 3951/3016/1173
f 3938/3015/1172 3951/3016/1173 3936/3017/1174
f 3936/3017/1174 3951/3016/1173 3952/3018/1175
f 3936/3017/1174 3952/3018/1175 3934/3019/1176
f 3934/3019/1176 3952/3018/1175 3953/3020/1177
f 3934/3019/1176 3953/3020/1177 3932/3021/1178
f 3932/3021/1178 3953/3020/1177 3954/3022/686
f 3932/3021/1178 3954/3022/686 3930/3023/686
f 3930/3023/686 3954/3022/686 3928/3024/1179
f 3928/3024/1179 3954/3022/686 3955/3025/1180
f 3928/3024/1179 3955/3025/1180 3926/3026/1181
f 3926/3026/1181 3955/3025/1180 3956/3027/1182
f 3926/3026/1181 3956/3027/1182 3957/3028/1183
f 3957/3028/1183 3956/3027/1182 3721/3061/1184
f 3957/3028/1183 3721/3061/1184 3718/3062/1185
f 3737/3060/1167 3735/3063/1170 3949/3011/1168
f 3949/3011/1168 3735/3063/1170 3950/3014/1171
f 3735/3063/1170 3733/3064/1172 3950/3014/1171
f 3950/3014/1171 3733/3064/1172 3951/3016/1173
f 3733/3064/1172 3731/3065/1186 3951/3016/1173
f 3951/3016/1173 3731/3065/1186 3952/3018/1175
f 3731/3065/1186 3729/3066/1187 3952/3018/1175
f 3952/3018/1175 3729/3066/1187 3953/3020/1177
f 3729/3066/1187 3727/3067/1188 3953/3020/1177
f 3953/3020/1177 3727/3067/1188 3954/3022/686
f 3727/3067/1188 3725/3068/686 3954/3022/686
f 3954/3022/686 3725/3068/686 3723/3069/1189
f 3954/3022/686 3723/3069/1189 3955/3025/1180
f 3955/3025/1180 3723/3069/1189 3721/3061/1184
f 3955/3025/1180 3721/3061/1184 3956/3027/1182
f 3957/3028/1183 3718/3062/1185 3958/3038/1190
f 3958/3038/1190 3718/3062/1185 3716/3070/1191
f 3958/3038/1190 3716/3070/1191 3959/3040/1192
f 3959/3040/1192 3716/3070/1191 3712/3071/1193
f 3959/3040/1192 3712/3071/1193 3960/3042/1194
f 3960/3042/1194 3712/3071/1193 3710/3072/1195
f 3960/3042/1194 3710/3072/1195 3961/3044/1196
f 3961/3044/1196 3710/3072/1195 3707/3073/1197
f 3961/3044/1196 3707/3073/1197 3962/3046/1198
f 3962/3046/1198 3707/3073/1197 3705/3074/1160
f 3962/3046/1198 3705/3074/1160 3910/3048/1199
f 3910/3048/1199 3914/3049/1197 3962/3046/1198
f 3962/3046/1198 3914/3049/1197 3961/3044/1196
f 3914/3049/1197 3916/3050/1200 3961/3044/1196
f 3961/3044/1196 3916/3050/1200 3960/3042/1194
f 3916/3050/1200 3919/3051/1193 3960/3042/1194
f 3960/3042/1194 3919/3051/1193 3959/3040/1192
f 3919/3051/1193 3922/3052/1201 3959/3040/1192
f 3959/3040/1192 3922/3052/1201 3958/3038/1190
f 3922/3052/1201 3924/3053/1185 3958/3038/1190
f 3958/3038/1190 3924/3053/1185 3957/3028/1183
f 3924/3053/1185 3926/3026/1181 3957/3028/1183
f 3942/3012/1169 3944/3009/1165 3948/3007/1163
f 3964/3075/1164 3745/3076/1164 3966/3003/1164
s 0
f 3966/3003/1164 3745/3076/1164 3741/3004/1164
f 3966/3003/1164 3741/3004/1164 3947/3005/1164
f 3947/3005/1164 3964/3075/1164 3966/3003/1164
f 3968/3077/1202 3748/3078/1202 3970/3003/1202
f 3970/3003/1203 3748/3078/1203 3746/3004/1203
f 3970/3003/1203 3746/3004/1203 3965/3005/1203
f 3965/3005/1203 3968/3077/1203 3970/3003/1203
s 1
f 3786/3079/1204 4004/3007/1205 3789/3080/1206
f 3789/3080/1206 4004/3007/1205 4000/3009/1207
f 3789/3080/1206 4000/3009/1207 4002/2902/1208
f 3786/3079/1204 3783/3081/1209 4004/3007/1205
f 4004/3007/1205 3783/3081/1209 4005/3011/1210
f 4004/3007/1205 4005/3011/1210 3998/3012/1211
f 3998/3012/1211 4005/3011/1210 3996/3013/1212
f 3996/3013/1212 4005/3011/1210 4006/3014/1213
f 3996/3013/1212 4006/3014/1213 3994/3015/1214
f 3994/3015/1214 4006/3014/1213 4007/3016/1215
f 3994/3015/1214 4007/3016/1215 3992/3017/1216
f 3992/3017/1216 4007/3016/1215 4008/3018/1217
f 3992/3017/1216 4008/3018/1217 3990/3019/1218
f 3990/3019/1218 4008/3018/1217 4009/3020/1219
f 3990/3019/1218 4009/3020/1219 3988/3021/1220
f 3988/3021/1220 4009/3020/1219 4010/3022/669
f 3988/3021/1220 4010/3022/669 3985/3023/669
f 3985/3023/669 4010/3022/669 3984/3024/1221
f 3984/3024/1221 4010/3022/669 4011/3025/1222
f 3984/3024/1221 4011/3025/1222 3982/3026/1223
f 3982/3026/1223 4011/3025/1222 4012/3027/1224
f 3982/3026/1223 4012/3027/1224 4013/3028/1225
f 4013/3028/1225 4012/3027/1224 3763/3082/1224
f 4013/3028/1225 3763/3082/1224 3761/3083/1226
f 3783/3081/1209 3780/3084/1212 4005/3011/1210
f 4005/3011/1210 3780/3084/1212 4006/3014/1213
f 3780/3084/1212 3777/3085/1227 4006/3014/1213
f 4006/3014/1213 3777/3085/1227 4007/3016/1215
f 3777/3085/1227 3775/3086/1228 4007/3016/1215
f 4007/3016/1215 3775/3086/1228 4008/3018/1217
f 3775/3086/1228 3772/3087/1229 4008/3018/1217
f 4008/3018/1217 3772/3087/1229 4009/3020/1219
f 3772/3087/1229 3769/3088/1220 4009/3020/1219
f 4009/3020/1219 3769/3088/1220 4010/3022/669
f 3769/3088/1220 3766/3089/669 4010/3022/669
f 4010/3022/669 3766/3089/669 3765/3090/1230
f 4010/3022/669 3765/3090/1230 4011/3025/1222
f 4011/3025/1222 3765/3090/1230 3763/3082/1224
f 4011/3025/1222 3763/3082/1224 4012/3027/1224
f 4013/3028/1225 3761/3083/1226 4014/3038/1231
f 4014/3038/1231 3761/3083/1226 3759/3091/1232
f 4014/3038/1231 3759/3091/1232 4015/3040/1233
f 4015/3040/1233 3759/3091/1232 3756/3092/1234
f 4015/3040/1233 3756/3092/1234 4016/3042/1235
f 4016/3042/1235 3756/3092/1234 3754/3093/1236
f 4016/3042/1235 3754/3093/1236 4017/3044/1237
f 4017/3044/1237 3754/3093/1236 3751/3094/1238
f 4017/3044/1237 3751/3094/1238 4018/3046/1177
f 4018/3046/1177 3751/3094/1238 3749/3095/1202
f 4018/3046/1177 3749/3095/1202 3969/3048/1239
f 3969/3048/1239 3972/3049/1240 4018/3046/1177
f 4018/3046/1177 3972/3049/1240 4017/3044/1237
f 3972/3049/1240 3974/3050/1241 4017/3044/1237
f 4017/3044/1237 3974/3050/1241 4016/3042/1235
f 3974/3050/1241 3976/3051/1242 4016/3042/1235
f 4016/3042/1235 3976/3051/1242 4015/3040/1233
f 3976/3051/1242 3978/3052/1232 4015/3040/1233
f 4015/3040/1233 3978/3052/1232 4014/3038/1231
f 3978/3052/1232 3980/3053/1243 4014/3038/1231
f 4014/3038/1231 3980/3053/1243 4013/3028/1225
f 3980/3053/1243 3982/3026/1223 4013/3028/1225
f 3998/3012/1211 4000/3009/1207 4004/3007/1205
s 0
f 4021/3096/1206 3792/3097/1206 4022/3003/1206
f 4022/3003/1206 3792/3097/1206 3788/3004/1206
f 4022/3003/1206 3788/3004/1206 4003/3005/1206
f 4003/3005/1206 4021/3096/1206 4022/3003/1206
f 4024/3098/1244 3795/3099/1244 4026/3003/1244
f 4026/3003/1245 3795/3099/1245 3791/3004/1245
f 4026/3003/1245 3791/3004/1245 4020/3005/1245
s 1
f 4020/3005/1245 4024/3098/1245 4026/3003/1245
f 3831/3100/1246 4062/3007/1247 3833/3101/1248
f 3833/3101/1248 4062/3007/1247 4058/3009/1246
f 3833/3101/1248 4058/3009/1246 4060/2902/1248
f 3831/3100/1246 3829/3102/1249 4062/3007/1247
f 4062/3007/1247 3829/3102/1249 4063/3011/1250
f 4062/3007/1247 4063/3011/1250 4056/3012/1251
f 4056/3012/1251 4063/3011/1250 4054/3013/1252
f 4054/3013/1252 4063/3011/1250 4064/3014/1253
f 4054/3013/1252 4064/3014/1253 4052/3015/1254
f 4052/3015/1254 4064/3014/1253 4065/3016/1255
f 4052/3015/1254 4065/3016/1255 4050/3017/1256
f 4050/3017/1256 4065/3016/1255 4066/3018/1257
f 4050/3017/1256 4066/3018/1257 4048/3019/1258
f 4048/3019/1258 4066/3018/1257 4067/3020/1259
f 4048/3019/1258 4067/3020/1259 4046/3021/1260
f 4046/3021/1260 4067/3020/1259 4068/3022/704
f 4046/3021/1260 4068/3022/704 4044/3023/704
f 4044/3023/704 4068/3022/704 4041/3024/1261
f 4041/3024/1261 4068/3022/704 4069/3025/1262
f 4041/3024/1261 4069/3025/1262 4038/3026/1263
f 4038/3026/1263 4069/3025/1262 4070/3027/1264
f 4038/3026/1263 4070/3027/1264 4071/3028/1265
f 4071/3028/1265 4070/3027/1264 3813/3103/1263
f 4071/3028/1265 3813/3103/1263 3809/3104/1266
f 3829/3102/1249 3827/3105/1252 4063/3011/1250
f 4063/3011/1250 3827/3105/1252 4064/3014/1253
f 3827/3105/1252 3825/3106/1254 4064/3014/1253
f 4064/3014/1253 3825/3106/1254 4065/3016/1255
f 3825/3106/1254 3823/3107/1256 4065/3016/1255
f 4065/3016/1255 3823/3107/1256 4066/3018/1257
f 3823/3107/1256 3821/3108/1267 4066/3018/1257
f 4066/3018/1257 3821/3108/1267 4067/3020/1259
f 3821/3108/1267 3819/3109/1268 4067/3020/1259
f 4067/3020/1259 3819/3109/1268 4068/3022/704
f 3819/3109/1268 3817/3110/704 4068/3022/704
f 4068/3022/704 3817/3110/704 3815/3111/1269
f 4068/3022/704 3815/3111/1269 4069/3025/1262
f 4069/3025/1262 3815/3111/1269 3813/3103/1263
f 4069/3025/1262 3813/3103/1263 4070/3027/1264
f 4071/3028/1265 3809/3104/1266 4072/3038/1270
f 4072/3038/1270 3809/3104/1266 3808/3112/1271
f 4072/3038/1270 3808/3112/1271 4073/3040/1272
f 4073/3040/1272 3808/3112/1271 3804/3113/1273
f 4073/3040/1272 3804/3113/1273 4074/3042/1274
f 4074/3042/1274 3804/3113/1273 3802/3114/1275
f 4074/3042/1274 3802/3114/1275 4075/3044/1276
f 4075/3044/1276 3802/3114/1275 3799/3115/1277
f 4075/3044/1276 3799/3115/1277 4076/3046/1219
f 4076/3046/1219 3799/3115/1277 3796/3116/1278
f 4076/3046/1219 3796/3116/1278 4025/3048/1278
f 4025/3048/1278 4028/3049/1277 4076/3046/1219
f 4076/3046/1219 4028/3049/1277 4075/3044/1276
f 4028/3049/1277 4030/3050/1279 4075/3044/1276
f 4075/3044/1276 4030/3050/1279 4074/3042/1274
f 4030/3050/1279 4032/3051/1280 4074/3042/1274
f 4074/3042/1274 4032/3051/1280 4073/3040/1272
f 4032/3051/1280 4034/3052/1281 4073/3040/1272
f 4073/3040/1272 4034/3052/1281 4072/3038/1270
f 4034/3052/1281 4036/3053/1282 4072/3038/1270
f 4072/3038/1270 4036/3053/1282 4071/3028/1265
f 4036/3053/1282 4038/3026/1263 4071/3028/1265
f 4056/3012/1251 4058/3009/1246 4062/3007/1247
s 0
f 3851/3117/1283 3656/3118/1283 4077/3003/1283
f 4077/3003/1283 3656/3118/1283 3834/3004/1283
f 4077/3003/1283 3834/3004/1283 4061/3005/1283
f 4061/3005/1283 3851/3117/1283 4077/3003/1283
f 4059/2876/801 3406/3119/801 3850/2871/801
f 3850/2871/801 3406/3119/801 3404/3120/801
f 3850/2871/801 3404/3120/801 3402/3121/801
f 3406/3119/801 4059/2876/801 3408/3122/801
f 3408/3122/801 4059/2876/801 4057/2881/801
f 3408/3122/801 4057/2881/801 3410/3123/801
f 3410/3123/801 4057/2881/801 4055/2882/801
f 3410/3123/801 4055/2882/801 4053/2883/801
f 4053/2883/801 4051/2884/801 3410/3123/801
f 3410/3123/801 4051/2884/801 4049/2885/801
f 3410/3123/801 4049/2885/801 3412/3124/801
f 3412/3124/801 4049/2885/801 4047/2886/801
f 3412/3124/801 4047/2886/801 4045/2887/801
f 4045/2887/801 4042/2888/801 3412/3124/801
f 3413/3124/801 4043/2888/801 4040/2889/801
f 3412/3124/801 4039/2889/801 3415/3125/801
f 3415/3125/801 4039/2889/801 4037/2890/801
f 3415/3125/801 4037/2890/801 4035/2891/801
f 4035/2891/801 4033/2880/801 3415/3125/801
f 3415/3125/801 4033/2880/801 4031/2958/801
f 3415/3125/801 4031/2958/801 3417/3126/801
f 3417/3126/801 4031/2958/801 4029/2957/801
f 3417/3126/801 4029/2957/801 4027/2956/801
f 4027/2956/803 4023/2892/803 3417/3126/803
f 3417/3126/801 4023/2892/801 3419/3127/801
f 3419/3127/801 4023/2892/801 3421/3128/801
f 3421/3128/801 4023/2892/801 4019/2894/801
f 3421/3128/801 4019/2894/801 3423/3129/801
f 3423/3129/801 4019/2894/801 3425/3130/801
f 3425/3130/801 4019/2894/801 4001/2899/801
f 3425/3130/801 4001/2899/801 3427/3131/801
f 3427/3131/801 4001/2899/801 3999/2950/801
f 3427/3131/801 3999/2950/801 3429/3132/801
f 3429/3132/801 3999/2950/801 3997/2952/801
f 3429/3132/801 3997/2952/801 3995/2954/801
f 3995/2954/801 3993/2955/801 3429/3132/801
f 3429/3132/801 3993/2955/801 3431/3133/801
f 3431/3133/801 3993/2955/801 3991/2953/801
f 3431/3133/801 3991/2953/801 3989/2951/801
f 3989/2951/801 3987/2949/801 3431/3133/801
f 3431/3133/801 3987/2949/801 3986/2948/801
f 3431/3133/801 3986/2948/801 3433/3134/801
f 3433/3134/801 3986/2948/801 3983/2947/801
f 3433/3134/801 3983/2947/801 3981/2946/801
f 3981/2946/801 3979/2904/801 3433/3134/801
f 3433/3134/801 3979/2904/801 3435/3135/801
f 3435/3135/801 3979/2904/801 3977/2903/801
f 3435/3135/801 3977/2903/801 3975/2945/801
f 3975/2945/801 3973/2944/801 3435/3135/801
f 3435/3135/801 3973/2944/801 3971/2943/801
f 3435/3135/801 3971/2943/801 3437/3136/801
f 3437/3136/801 3971/2943/801 3967/2905/801
f 3437/3136/801 3967/2905/801 3225/3137/801
f 3225/3137/801 3967/2905/801 3963/2907/801
f 3225/3137/801 3963/2907/801 3011/3138/801
f 3011/3138/801 3963/2907/801 3945/2912/801
f 3011/3138/801 3945/2912/801 3005/3139/801
f 3005/3139/801 3945/2912/801 3943/2917/801
f 3005/3139/801 3943/2917/801 3941/2918/801
f 3939/2919/801 3277/3140/801 3941/2918/801
f 3941/2918/801 3277/3140/801 3284/3141/801
f 3941/2918/801 3284/3141/801 3005/3139/801
f 3939/2919/801 3937/2920/801 3277/3140/801
f 3277/3140/801 3937/2920/801 3935/2921/801
f 3277/3140/801 3935/2921/801 3933/2922/801
f 3933/2922/801 3931/2923/801 3277/3140/801
f 3277/3140/801 3931/2923/801 3376/3142/801
f 3376/3142/801 3931/2923/801 3929/2924/801
f 3376/3142/801 3929/2924/801 3927/2925/801
f 3927/2925/801 3925/2926/801 3376/3142/801
f 3376/3142/801 3925/2926/801 4078/3143/801
f 3376/3142/801 4078/3143/801 3378/3144/801
f 3378/3144/801 4078/3143/801 3917/2942/801
f 3378/3144/801 3917/2942/801 3915/2941/801
f 3925/2926/801 3923/2927/801 4078/3143/801
f 4078/3143/801 3923/2927/801 3920/2916/801
f 4079/3143/802 3921/2916/802 3918/2942/802
f 3378/3144/801 3915/2941/801 3380/3145/801
f 3380/3145/801 3915/2941/801 3913/2940/801
f 3380/3145/801 3913/2940/801 3909/2928/801
f 3380/3145/801 3909/2928/801 3382/3146/801
f 3382/3146/801 3909/2928/801 3905/2930/801
f 3382/3146/801 3905/2930/801 3384/3147/801
f 3384/3147/801 3905/2930/801 3386/3148/801
f 3386/3148/801 3905/2930/801 3887/2859/801
f 3386/3148/801 3887/2859/801 3388/3149/801
f 3388/3149/801 3887/2859/801 3390/3150/801
f 3390/3150/801 3887/2859/801 3885/2860/801
f 3390/3150/801 3885/2860/801 3883/2861/801
f 3390/3150/801 3883/2861/801 3392/3151/801
f 3392/3151/801 3883/2861/801 3881/2862/801
f 3392/3151/801 3881/2862/801 3879/2863/801
f 3879/2863/801 3877/2864/801 3392/3151/801
f 3392/3151/801 3877/2864/801 3875/2865/801
f 3392/3151/801 3875/2865/801 3394/3152/801
f 3394/3152/801 3875/2865/801 3873/2866/801
f 3394/3152/801 3873/2866/801 3872/2867/801
f 3872/2867/801 3869/2868/801 3394/3152/801
f 3394/3152/801 3869/2868/801 3867/2869/801
f 3394/3152/801 3867/2869/801 3396/3153/801
f 3396/3153/801 3867/2869/801 3865/2870/801
f 3396/3153/801 3865/2870/801 3863/2858/801
f 3863/2858/801 3861/2939/801 3396/3153/801
f 3396/3153/801 3861/2939/801 3398/3154/801
f 3398/3154/801 3861/2939/801 3859/2938/801
f 3398/3154/801 3859/2938/801 3857/2937/801
f 3857/2937/801 3853/2857/801 3398/3154/801
f 3398/3154/801 3853/2857/801 3400/3155/801
f 3400/3155/801 3853/2857/801 3402/3121/801
f 3402/3121/801 3853/2857/801 3850/2871/801
f 3274/3156/801 3297/3157/801 3277/3140/801
s 1
f 3278/3140/802 3298/3157/802 3295/3158/802
s 0
f 3277/3140/801 3294/3158/801 3292/3159/801
f 3292/3159/801 3290/3160/801 3277/3140/801
f 3277/3140/801 3290/3160/801 3288/3161/801
f 3277/3140/801 3288/3161/801 3286/3162/801
f 3286/3162/801 3284/3141/801 3277/3140/801
f 3011/3138/801 3008/3163/801 3225/3137/801
f 3225/3137/801 3008/3163/801 3021/3164/801
f 3225/3137/801 3021/3164/801 3019/3165/801
f 3019/3165/801 3017/3166/801 3225/3137/801
f 3225/3137/801 3017/3166/801 3014/3167/801
