# Blender 5.1.2
# www.blender.org
mtllib right-gripper.mtl
o rightGripperC3
v 0.016846 -0.044057 -0.133861
v 0.016846 -0.044057 -0.133861
v 0.016846 -0.044057 -0.133861
v 0.016761 -0.046039 -0.133611
v 0.016761 -0.046039 -0.133611
v 0.016826 -0.046079 -0.133903
v 0.016826 -0.046079 -0.133903
v 0.016952 -0.046121 -0.134194
v 0.016952 -0.046121 -0.134194
v 0.017140 -0.046163 -0.134465
v 0.017140 -0.046163 -0.134465
v 0.017386 -0.046203 -0.134697
v 0.017386 -0.046203 -0.134697
v 0.017674 -0.046237 -0.134874
v 0.017674 -0.046237 -0.134874
v 0.017986 -0.046265 -0.134986
v 0.017986 -0.046265 -0.134986
v 0.018301 -0.046284 -0.135034
v 0.018301 -0.046284 -0.135034
v 0.018602 -0.046296 -0.135022
v 0.018602 -0.046296 -0.135022
v 0.018896 -0.046300 -0.134956
v 0.018896 -0.046300 -0.134956
v 0.019190 -0.046297 -0.134830
v 0.019190 -0.046297 -0.134830
v 0.019190 -0.046297 -0.134830
v 0.019464 -0.046285 -0.134641
v 0.019464 -0.046285 -0.134641
v 0.019464 -0.046285 -0.134641
v 0.019699 -0.046264 -0.134396
v 0.019699 -0.046264 -0.134396
v 0.019878 -0.046235 -0.134109
v 0.019878 -0.046235 -0.134109
v 0.019994 -0.046201 -0.133799
v 0.019994 -0.046201 -0.133799
v 0.020043 -0.046164 -0.133485
v 0.020043 -0.046164 -0.133485
v 0.020033 -0.046126 -0.133186
v 0.020033 -0.046126 -0.133186
v 0.020033 -0.046126 -0.133186
v 0.020118 -0.044143 -0.133436
v 0.020118 -0.044143 -0.133436
v 0.020118 -0.044143 -0.133436
v 0.020128 -0.044181 -0.133735
v 0.020128 -0.044181 -0.133735
v 0.020078 -0.044219 -0.134048
v 0.020078 -0.044219 -0.134048
v 0.019963 -0.044253 -0.134359
v 0.019963 -0.044253 -0.134359
v 0.019784 -0.044281 -0.134646
v 0.019784 -0.044281 -0.134646
v 0.019549 -0.044302 -0.134891
v 0.019549 -0.044302 -0.134891
v 0.019275 -0.044314 -0.135080
v 0.019275 -0.044314 -0.135080
v 0.018981 -0.044318 -0.135206
v 0.018981 -0.044318 -0.135206
v 0.018687 -0.044313 -0.135272
v 0.018687 -0.044313 -0.135272
v 0.018386 -0.044302 -0.135283
v 0.018386 -0.044302 -0.135283
v 0.018071 -0.044282 -0.135236
v 0.018071 -0.044282 -0.135236
v 0.018071 -0.044282 -0.135236
v 0.017759 -0.044255 -0.135123
v 0.017759 -0.044255 -0.135123
v 0.017759 -0.044255 -0.135123
v 0.017471 -0.044220 -0.134946
v 0.017471 -0.044220 -0.134946
v 0.017225 -0.044180 -0.134714
v 0.017225 -0.044180 -0.134714
v 0.017037 -0.044138 -0.134443
v 0.017037 -0.044138 -0.134443
v 0.016911 -0.044096 -0.134153
v 0.016911 -0.044096 -0.134153
v 0.016883 -0.045093 -0.134070
v 0.017042 -0.045142 -0.134399
v 0.017282 -0.045189 -0.134695
v 0.017589 -0.045232 -0.134930
v 0.017938 -0.045266 -0.135086
v 0.018299 -0.045291 -0.135155
v 0.018645 -0.045304 -0.135147
v 0.018981 -0.045309 -0.135067
v 0.019232 -0.045305 -0.134955
v 0.019469 -0.045296 -0.134797
v 0.019679 -0.045279 -0.134596
v 0.019851 -0.045257 -0.134361
v 0.019978 -0.045230 -0.134103
v 0.020057 -0.045200 -0.133834
v 0.020087 -0.045167 -0.133566
v 0.002968 -0.043689 -0.135663
v 0.002968 -0.043689 -0.135663
v 0.002968 -0.043689 -0.135663
v 0.002883 -0.045672 -0.135413
v 0.002883 -0.045672 -0.135413
v 0.002947 -0.045711 -0.135705
v 0.002947 -0.045711 -0.135705
v 0.003073 -0.045753 -0.135996
v 0.003073 -0.045753 -0.135996
v 0.003262 -0.045795 -0.136267
v 0.003262 -0.045795 -0.136267
v 0.003507 -0.045835 -0.136499
v 0.003507 -0.045835 -0.136499
v 0.003795 -0.045870 -0.136676
v 0.003795 -0.045870 -0.136676
v 0.004107 -0.045897 -0.136788
v 0.004107 -0.045897 -0.136788
v 0.004423 -0.045917 -0.136836
v 0.004423 -0.045917 -0.136836
v 0.004724 -0.045928 -0.136824
v 0.004724 -0.045928 -0.136824
v 0.004724 -0.045928 -0.136824
v 0.005018 -0.045932 -0.136758
v 0.005018 -0.045932 -0.136758
v 0.005018 -0.045932 -0.136758
v 0.005018 -0.045932 -0.136758
v 0.005311 -0.045929 -0.136632
v 0.005311 -0.045929 -0.136632
v 0.005311 -0.045929 -0.136632
v 0.005585 -0.045917 -0.136443
v 0.005585 -0.045917 -0.136443
v 0.005820 -0.045896 -0.136198
v 0.005820 -0.045896 -0.136198
v 0.006000 -0.045868 -0.135911
v 0.006000 -0.045868 -0.135911
v 0.006115 -0.045834 -0.135601
v 0.006115 -0.045834 -0.135601
v 0.006164 -0.045796 -0.135287
v 0.006164 -0.045796 -0.135287
v 0.006154 -0.045758 -0.134988
v 0.006154 -0.045758 -0.134988
v 0.006154 -0.045758 -0.134988
v 0.006239 -0.043776 -0.135238
v 0.006239 -0.043776 -0.135238
v 0.006239 -0.043776 -0.135238
v 0.006249 -0.043814 -0.135537
v 0.006249 -0.043814 -0.135537
v 0.006200 -0.043851 -0.135850
v 0.006200 -0.043851 -0.135850
v 0.006085 -0.043885 -0.136161
v 0.006085 -0.043885 -0.136161
v 0.005905 -0.043914 -0.136448
v 0.005905 -0.043914 -0.136448
v 0.005670 -0.043935 -0.136693
v 0.005670 -0.043935 -0.136693
v 0.005396 -0.043947 -0.136882
v 0.005396 -0.043947 -0.136882
v 0.005396 -0.043947 -0.136882
v 0.005103 -0.043950 -0.137008
v 0.005103 -0.043950 -0.137008
v 0.005103 -0.043950 -0.137008
v 0.004809 -0.043946 -0.137074
v 0.004809 -0.043946 -0.137074
v 0.004507 -0.043934 -0.137085
v 0.004507 -0.043934 -0.137085
v 0.004192 -0.043915 -0.137038
v 0.004192 -0.043915 -0.137038
v 0.003880 -0.043887 -0.136925
v 0.003880 -0.043887 -0.136925
v 0.003592 -0.043852 -0.136748
v 0.003592 -0.043852 -0.136748
v 0.003347 -0.043813 -0.136516
v 0.003347 -0.043813 -0.136516
v 0.003158 -0.043771 -0.136245
v 0.003158 -0.043771 -0.136245
v 0.003032 -0.043729 -0.135955
v 0.003032 -0.043729 -0.135955
v 0.003004 -0.044726 -0.135872
v 0.003163 -0.044774 -0.136201
v 0.003403 -0.044822 -0.136497
v 0.003710 -0.044864 -0.136732
v 0.004059 -0.044899 -0.136888
v 0.004420 -0.044923 -0.136957
v 0.004766 -0.044937 -0.136949
v 0.005103 -0.044941 -0.136869
v 0.005354 -0.044938 -0.136757
v 0.005591 -0.044928 -0.136599
v 0.005801 -0.044912 -0.136398
v 0.005973 -0.044890 -0.136163
v 0.006100 -0.044862 -0.135905
v 0.006178 -0.044832 -0.135636
v 0.006209 -0.044800 -0.135368
v 0.009037 -0.042968 -0.127875
v 0.009037 -0.042968 -0.127875
v 0.009037 -0.042968 -0.127875
v 0.008952 -0.044951 -0.127626
v 0.008952 -0.044951 -0.127626
v 0.009017 -0.044990 -0.127917
v 0.009017 -0.044990 -0.127917
v 0.009142 -0.045032 -0.128208
v 0.009142 -0.045032 -0.128208
v 0.009331 -0.045075 -0.128479
v 0.009331 -0.045075 -0.128479
v 0.009576 -0.045114 -0.128711
v 0.009576 -0.045114 -0.128711
v 0.009864 -0.045149 -0.128888
v 0.009864 -0.045149 -0.128888
v 0.010176 -0.045176 -0.129001
v 0.010176 -0.045176 -0.129001
v 0.010492 -0.045196 -0.129048
v 0.010492 -0.045196 -0.129048
v 0.010793 -0.045207 -0.129036
v 0.010793 -0.045207 -0.129036
v 0.011087 -0.045212 -0.128971
v 0.011087 -0.045212 -0.128971
v 0.011087 -0.045212 -0.128971
v 0.011380 -0.045208 -0.128844
v 0.011380 -0.045208 -0.128844
v 0.011380 -0.045208 -0.128844
v 0.011654 -0.045196 -0.128656
v 0.011654 -0.045196 -0.128656
v 0.011889 -0.045176 -0.128411
v 0.011889 -0.045176 -0.128411
v 0.012069 -0.045147 -0.128124
v 0.012069 -0.045147 -0.128124
v 0.012184 -0.045113 -0.127813
v 0.012184 -0.045113 -0.127813
v 0.012233 -0.045076 -0.127500
v 0.012233 -0.045076 -0.127500
v 0.012223 -0.045038 -0.127201
v 0.012223 -0.045038 -0.127201
v 0.012223 -0.045038 -0.127201
v 0.012308 -0.043055 -0.127450
v 0.012308 -0.043055 -0.127450
v 0.012308 -0.043055 -0.127450
v 0.012318 -0.043093 -0.127749
v 0.012318 -0.043093 -0.127749
v 0.012269 -0.043130 -0.128063
v 0.012269 -0.043130 -0.128063
v 0.012154 -0.043165 -0.128373
v 0.012154 -0.043165 -0.128373
v 0.011974 -0.043193 -0.128660
v 0.011974 -0.043193 -0.128660
v 0.011739 -0.043214 -0.128905
v 0.011739 -0.043214 -0.128905
v 0.011465 -0.043226 -0.129094
v 0.011465 -0.043226 -0.129094
v 0.011172 -0.043229 -0.129220
v 0.011172 -0.043229 -0.129220
v 0.010878 -0.043225 -0.129286
v 0.010878 -0.043225 -0.129286
v 0.010577 -0.043213 -0.129298
v 0.010577 -0.043213 -0.129298
v 0.010261 -0.043194 -0.129250
v 0.010261 -0.043194 -0.129250
v 0.009949 -0.043166 -0.129138
v 0.009949 -0.043166 -0.129138
v 0.009661 -0.043132 -0.128961
v 0.009661 -0.043132 -0.128961
v 0.009416 -0.043092 -0.128729
v 0.009416 -0.043092 -0.128729
v 0.009416 -0.043092 -0.128729
v 0.009227 -0.043050 -0.128458
v 0.009227 -0.043050 -0.128458
v 0.009227 -0.043050 -0.128458
v 0.009101 -0.043008 -0.128167
v 0.009101 -0.043008 -0.128167
v 0.009073 -0.044005 -0.128084
v 0.009232 -0.044053 -0.128413
v 0.009472 -0.044101 -0.128709
v 0.009779 -0.044144 -0.128945
v 0.010128 -0.044178 -0.129100
v 0.010490 -0.044202 -0.129170
v 0.010835 -0.044216 -0.129161
v 0.011172 -0.044220 -0.129081
v 0.011423 -0.044217 -0.128969
v 0.011660 -0.044207 -0.128811
v 0.011870 -0.044191 -0.128611
v 0.012042 -0.044169 -0.128376
v 0.012169 -0.044142 -0.128117
v 0.012247 -0.044111 -0.127848
v 0.012278 -0.044079 -0.127581
v 0.007082 -0.043798 -0.135129
v 0.007082 -0.043798 -0.135129
v 0.007082 -0.043798 -0.135129
v 0.006997 -0.045781 -0.134879
v 0.006997 -0.045781 -0.134879
v 0.007173 -0.045888 -0.135675
v 0.007173 -0.045888 -0.135675
v 0.007516 -0.046003 -0.136468
v 0.007516 -0.046003 -0.136468
v 0.008030 -0.046118 -0.137207
v 0.008030 -0.046118 -0.137207
v 0.008030 -0.046118 -0.137207
v 0.008699 -0.046226 -0.137840
v 0.008699 -0.046226 -0.137840
v 0.009485 -0.046321 -0.138322
v 0.009485 -0.046321 -0.138322
v 0.010336 -0.046396 -0.138629
v 0.010336 -0.046396 -0.138629
v 0.011196 -0.046449 -0.138758
v 0.011196 -0.046449 -0.138758
v 0.011196 -0.046449 -0.138758
v 0.012017 -0.046480 -0.138727
v 0.012017 -0.046480 -0.138727
v 0.012017 -0.046480 -0.138727
v 0.012820 -0.046492 -0.138548
v 0.012820 -0.046492 -0.138548
v 0.013620 -0.046483 -0.138203
v 0.013620 -0.046483 -0.138203
v 0.014367 -0.046450 -0.137688
v 0.014367 -0.046450 -0.137688
v 0.015008 -0.046393 -0.137021
v 0.015008 -0.046393 -0.137021
v 0.015498 -0.046316 -0.136237
v 0.015498 -0.046316 -0.136237
v 0.015812 -0.046223 -0.135391
v 0.015812 -0.046223 -0.135391
v 0.015946 -0.046121 -0.134536
v 0.015946 -0.046121 -0.134536
v 0.015919 -0.046017 -0.133721
v 0.015919 -0.046017 -0.133721
v 0.015919 -0.046017 -0.133721
v 0.016004 -0.044034 -0.133970
v 0.016004 -0.044034 -0.133970
v 0.016004 -0.044034 -0.133970
v 0.016031 -0.044138 -0.134785
v 0.016031 -0.044138 -0.134785
v 0.015896 -0.044240 -0.135640
v 0.015896 -0.044240 -0.135640
v 0.015583 -0.044333 -0.136487
v 0.015583 -0.044333 -0.136487
v 0.015583 -0.044333 -0.136487
v 0.015093 -0.044411 -0.137270
v 0.015093 -0.044411 -0.137270
v 0.014452 -0.044468 -0.137938
v 0.014452 -0.044468 -0.137938
v 0.013705 -0.044500 -0.138452
v 0.013705 -0.044500 -0.138452
v 0.012905 -0.044509 -0.138797
v 0.012905 -0.044509 -0.138797
v 0.012102 -0.044498 -0.138976
v 0.012102 -0.044498 -0.138976
v 0.011281 -0.044466 -0.139008
v 0.011281 -0.044466 -0.139008
v 0.010421 -0.044413 -0.138879
v 0.010421 -0.044413 -0.138879
v 0.009570 -0.044338 -0.138572
v 0.009570 -0.044338 -0.138572
v 0.009570 -0.044338 -0.138572
v 0.008784 -0.044244 -0.138089
v 0.008784 -0.044244 -0.138089
v 0.008115 -0.044135 -0.137457
v 0.008115 -0.044135 -0.137457
v 0.008115 -0.044135 -0.137457
v 0.007601 -0.044020 -0.136718
v 0.007601 -0.044020 -0.136718
v 0.007258 -0.043906 -0.135925
v 0.007258 -0.043906 -0.135925
v 0.007254 -0.044913 -0.135914
v 0.007688 -0.045045 -0.136812
v 0.008342 -0.045174 -0.137619
v 0.009179 -0.045291 -0.138261
v 0.010132 -0.045385 -0.138685
v 0.011117 -0.045451 -0.138875
v 0.012060 -0.045489 -0.138852
v 0.012978 -0.045501 -0.138634
v 0.013663 -0.045492 -0.138328
v 0.014308 -0.045465 -0.137897
v 0.014881 -0.045421 -0.137350
v 0.015351 -0.045360 -0.136709
v 0.015697 -0.045286 -0.136004
v 0.015910 -0.045203 -0.135270
v 0.015994 -0.045115 -0.134541
v 0.010777 -0.044777 -0.141648
v 0.010777 -0.044777 -0.141648
v 0.010777 -0.044777 -0.141648
v 0.010692 -0.046760 -0.141399
v 0.010692 -0.046760 -0.141399
v 0.010757 -0.046799 -0.141691
v 0.010757 -0.046799 -0.141691
v 0.010757 -0.046799 -0.141691
v 0.010883 -0.046841 -0.141981
v 0.010883 -0.046841 -0.141981
v 0.010883 -0.046841 -0.141981
v 0.011071 -0.046884 -0.142252
v 0.011071 -0.046884 -0.142252
v 0.011316 -0.046923 -0.142484
v 0.011316 -0.046923 -0.142484
v 0.011605 -0.046958 -0.142661
v 0.011605 -0.046958 -0.142661
v 0.011917 -0.046985 -0.142774
v 0.011917 -0.046985 -0.142774
v 0.012232 -0.047005 -0.142821
v 0.012232 -0.047005 -0.142821
v 0.012232 -0.047005 -0.142821
v 0.012232 -0.047005 -0.142821
v 0.012533 -0.047016 -0.142810
v 0.012533 -0.047016 -0.142810
v 0.012533 -0.047016 -0.142810
v 0.012827 -0.047021 -0.142744
v 0.012827 -0.047021 -0.142744
v 0.013121 -0.047017 -0.142617
v 0.013121 -0.047017 -0.142617
v 0.013395 -0.047005 -0.142429
v 0.013395 -0.047005 -0.142429
v 0.013630 -0.046985 -0.142184
v 0.013630 -0.046985 -0.142184
v 0.013809 -0.046956 -0.141897
v 0.013809 -0.046956 -0.141897
v 0.013924 -0.046922 -0.141586
v 0.013924 -0.046922 -0.141586
v 0.013974 -0.046885 -0.141273
v 0.013974 -0.046885 -0.141273
v 0.013964 -0.046847 -0.140974
v 0.013964 -0.046847 -0.140974
v 0.013964 -0.046847 -0.140974
v 0.014049 -0.044864 -0.141224
v 0.014049 -0.044864 -0.141224
v 0.014049 -0.044864 -0.141224
v 0.014059 -0.044902 -0.141522
v 0.014059 -0.044902 -0.141522
v 0.014009 -0.044939 -0.141836
v 0.014009 -0.044939 -0.141836
v 0.013894 -0.044974 -0.142146
v 0.013894 -0.044974 -0.142146
v 0.013715 -0.045002 -0.142434
v 0.013715 -0.045002 -0.142434
v 0.013480 -0.045023 -0.142678
v 0.013480 -0.045023 -0.142678
v 0.013206 -0.045035 -0.142867
v 0.013206 -0.045035 -0.142867
v 0.012912 -0.045038 -0.142993
v 0.012912 -0.045038 -0.142993
v 0.012618 -0.045034 -0.143059
v 0.012618 -0.045034 -0.143059
v 0.012317 -0.045022 -0.143071
v 0.012317 -0.045022 -0.143071
v 0.012002 -0.045003 -0.143023
v 0.012002 -0.045003 -0.143023
v 0.011690 -0.044975 -0.142911
v 0.011690 -0.044975 -0.142911
v 0.011401 -0.044941 -0.142734
v 0.011401 -0.044941 -0.142734
v 0.011156 -0.044901 -0.142502
v 0.011156 -0.044901 -0.142502
v 0.010968 -0.044859 -0.142231
v 0.010968 -0.044859 -0.142231
v 0.010842 -0.044817 -0.141940
v 0.010842 -0.044817 -0.141940
v 0.010814 -0.045814 -0.141857
v 0.010973 -0.045862 -0.142186
v 0.011212 -0.045910 -0.142482
v 0.011519 -0.045953 -0.142718
v 0.011869 -0.045987 -0.142873
v 0.012230 -0.046011 -0.142943
v 0.012576 -0.046025 -0.142934
v 0.012912 -0.046029 -0.142854
v 0.013163 -0.046026 -0.142742
v 0.013400 -0.046016 -0.142584
v 0.013610 -0.046000 -0.142384
v 0.013782 -0.045978 -0.142149
v 0.013909 -0.045951 -0.141890
v 0.013987 -0.045920 -0.141621
v 0.014018 -0.045888 -0.141354
v 0.001530 -0.043651 -0.135849
v 0.001530 -0.043651 -0.135849
v 0.001530 -0.043651 -0.135849
v 0.001619 -0.041569 -0.136112
v 0.001619 -0.041569 -0.136112
v 0.001558 -0.041336 -0.134282
v 0.001558 -0.041336 -0.134282
v 0.001860 -0.041108 -0.132363
v 0.001860 -0.041108 -0.132363
v 0.002564 -0.040898 -0.130462
v 0.002564 -0.040898 -0.130462
v 0.003664 -0.040724 -0.128705
v 0.003664 -0.040724 -0.128705
v 0.005102 -0.040597 -0.127206
v 0.005102 -0.040597 -0.127206
v 0.006779 -0.040523 -0.126051
v 0.006779 -0.040523 -0.126051
v 0.008575 -0.040503 -0.125278
v 0.008575 -0.040503 -0.125278
v 0.010376 -0.040529 -0.124875
v 0.010376 -0.040529 -0.124875
v 0.012219 -0.040599 -0.124805
v 0.012219 -0.040599 -0.124805
v 0.014150 -0.040719 -0.125094
v 0.014150 -0.040719 -0.125094
v 0.016060 -0.040887 -0.125784
v 0.016060 -0.040887 -0.125784
v 0.017824 -0.041099 -0.126866
v 0.017824 -0.041099 -0.126866
v 0.019325 -0.041342 -0.128286
v 0.019325 -0.041342 -0.128286
v 0.020479 -0.041601 -0.129945
v 0.020479 -0.041601 -0.129945
v 0.021249 -0.041858 -0.131725
v 0.021249 -0.041858 -0.131725
v 0.021644 -0.042100 -0.133512
v 0.021644 -0.042100 -0.133512
v 0.021644 -0.042100 -0.133512
v 0.021555 -0.044181 -0.133249
v 0.021555 -0.044181 -0.133249
v 0.021555 -0.044181 -0.133249
v 0.021160 -0.043939 -0.131463
v 0.021160 -0.043939 -0.131463
v 0.020390 -0.043682 -0.129683
v 0.020390 -0.043682 -0.129683
v 0.020390 -0.043682 -0.129683
v 0.019236 -0.043424 -0.128024
v 0.019236 -0.043424 -0.128024
v 0.017735 -0.043181 -0.126604
v 0.017735 -0.043181 -0.126604
v 0.015971 -0.042969 -0.125521
v 0.015971 -0.042969 -0.125521
v 0.014061 -0.042800 -0.124832
v 0.014061 -0.042800 -0.124832
v 0.012130 -0.042681 -0.124542
v 0.012130 -0.042681 -0.124542
v 0.010287 -0.042611 -0.124613
v 0.010287 -0.042611 -0.124613
v 0.008486 -0.042585 -0.125016
v 0.008486 -0.042585 -0.125016
v 0.006690 -0.042605 -0.125789
v 0.006690 -0.042605 -0.125789
v 0.005013 -0.042679 -0.126944
v 0.005013 -0.042679 -0.126944
v 0.003575 -0.042806 -0.128443
v 0.003575 -0.042806 -0.128443
v 0.002475 -0.042980 -0.130200
v 0.002475 -0.042980 -0.130200
v 0.001771 -0.043189 -0.132101
v 0.001771 -0.043189 -0.132101
v 0.001469 -0.043418 -0.134020
v 0.001469 -0.043418 -0.134020
v 0.001533 -0.042344 -0.133880
v 0.001975 -0.042086 -0.131682
v 0.002945 -0.041859 -0.129553
v 0.004405 -0.041686 -0.127679
v 0.006238 -0.041580 -0.126212
v 0.008271 -0.041544 -0.125234
v 0.010332 -0.041570 -0.124744
v 0.012447 -0.041654 -0.124691
v 0.014105 -0.041760 -0.124963
v 0.015749 -0.041901 -0.125529
v 0.017298 -0.042076 -0.126388
v 0.018676 -0.042276 -0.127511
v 0.019821 -0.042493 -0.128844
v 0.020694 -0.042716 -0.130316
v 0.021283 -0.042934 -0.131851
v 0.032049 -0.025983 -0.150591
v 0.032049 -0.025983 -0.150591
v 0.031391 -0.041348 -0.148657
v 0.031391 -0.041348 -0.148657
v 0.031332 -0.041312 -0.148391
v 0.031332 -0.041312 -0.148391
v 0.031218 -0.041273 -0.148127
v 0.031218 -0.041273 -0.148127
v 0.031047 -0.041235 -0.147881
v 0.031047 -0.041235 -0.147881
v 0.030824 -0.041199 -0.147670
v 0.030824 -0.041199 -0.147670
v 0.030562 -0.041168 -0.147509
v 0.030562 -0.041168 -0.147509
v 0.030278 -0.041142 -0.147407
v 0.030278 -0.041142 -0.147407
v 0.029991 -0.041125 -0.147363
v 0.029991 -0.041125 -0.147363
v 0.029718 -0.041114 -0.147374
v 0.029718 -0.041114 -0.147374
v 0.029450 -0.041110 -0.147434
v 0.029450 -0.041110 -0.147434
v 0.029183 -0.041113 -0.147549
v 0.029183 -0.041113 -0.147549
v 0.028934 -0.041124 -0.147720
v 0.028934 -0.041124 -0.147720
v 0.028721 -0.041143 -0.147943
v 0.028721 -0.041143 -0.147943
v 0.028557 -0.041169 -0.148204
v 0.028557 -0.041169 -0.148204
v 0.028453 -0.041200 -0.148486
v 0.028453 -0.041200 -0.148486
v 0.028408 -0.041234 -0.148771
v 0.028408 -0.041234 -0.148771
v 0.028417 -0.041269 -0.149043
v 0.028417 -0.041269 -0.149043
v 0.028417 -0.041269 -0.149043
v 0.029075 -0.025904 -0.150978
v 0.029075 -0.025904 -0.150978
v 0.029075 -0.025904 -0.150978
v 0.029066 -0.025870 -0.150706
v 0.029066 -0.025870 -0.150706
v 0.029111 -0.025836 -0.150421
v 0.029111 -0.025836 -0.150421
v 0.029111 -0.025836 -0.150421
v 0.029216 -0.025805 -0.150139
v 0.029216 -0.025805 -0.150139
v 0.029216 -0.025805 -0.150139
v 0.029379 -0.025779 -0.149878
v 0.029379 -0.025779 -0.149878
v 0.029593 -0.025760 -0.149655
v 0.029593 -0.025760 -0.149655
v 0.029842 -0.025749 -0.149484
v 0.029842 -0.025749 -0.149484
v 0.030108 -0.025746 -0.149369
v 0.030108 -0.025746 -0.149369
v 0.030376 -0.025750 -0.149309
v 0.030376 -0.025750 -0.149309
v 0.030650 -0.025760 -0.149298
v 0.030650 -0.025760 -0.149298
v 0.030936 -0.025778 -0.149341
v 0.030936 -0.025778 -0.149341
v 0.031220 -0.025803 -0.149444
v 0.031220 -0.025803 -0.149444
v 0.031482 -0.025834 -0.149604
v 0.031482 -0.025834 -0.149604
v 0.031705 -0.025870 -0.149815
v 0.031705 -0.025870 -0.149815
v 0.031876 -0.025909 -0.150062
v 0.031876 -0.025909 -0.150062
v 0.031991 -0.025947 -0.150326
v 0.031991 -0.025947 -0.150326
v 0.031586 -0.033602 -0.149169
v 0.031673 -0.033635 -0.149397
v 0.031456 -0.033569 -0.148950
v 0.031286 -0.033537 -0.148752
v 0.031081 -0.033507 -0.148586
v 0.030851 -0.033481 -0.148458
v 0.030607 -0.033460 -0.148374
v 0.030361 -0.033445 -0.148334
v 0.030047 -0.033432 -0.148341
v 0.029741 -0.033428 -0.148414
v 0.029439 -0.033433 -0.148559
v 0.029167 -0.033449 -0.148777
v 0.028950 -0.033475 -0.149056
v 0.028806 -0.033509 -0.149372
v 0.028740 -0.033547 -0.149698
v 0.033283 -0.043510 -0.148133
v 0.033283 -0.043510 -0.148133
v 0.033374 -0.041400 -0.148399
v 0.033374 -0.041400 -0.148399
v 0.033374 -0.041400 -0.148399
v 0.033395 -0.041481 -0.149033
v 0.033395 -0.041481 -0.149033
v 0.033290 -0.041560 -0.149698
v 0.033290 -0.041560 -0.149698
v 0.033046 -0.041633 -0.150357
v 0.033046 -0.041633 -0.150357
v 0.032665 -0.041693 -0.150966
v 0.032665 -0.041693 -0.150966
v 0.032167 -0.041737 -0.151485
v 0.032167 -0.041737 -0.151485
v 0.031586 -0.041763 -0.151885
v 0.031586 -0.041763 -0.151885
v 0.030963 -0.041770 -0.152154
v 0.030963 -0.041770 -0.152154
v 0.030339 -0.041760 -0.152293
v 0.030339 -0.041760 -0.152293
v 0.029701 -0.041736 -0.152317
v 0.029701 -0.041736 -0.152317
v 0.029032 -0.041695 -0.152217
v 0.029032 -0.041695 -0.152217
v 0.028370 -0.041636 -0.151978
v 0.028370 -0.041636 -0.151978
v 0.027758 -0.041563 -0.151603
v 0.027758 -0.041563 -0.151603
v 0.027238 -0.041479 -0.151111
v 0.027238 -0.041479 -0.151111
v 0.026838 -0.041389 -0.150536
v 0.026838 -0.041389 -0.150536
v 0.026572 -0.041300 -0.149919
v 0.026572 -0.041300 -0.149919
v 0.026434 -0.041216 -0.149300
v 0.026434 -0.041216 -0.149300
v 0.026434 -0.041216 -0.149300
v 0.026251 -0.045506 -0.148760
v 0.026251 -0.045506 -0.148760
v 0.026251 -0.045506 -0.148760
v 0.026518 -0.045093 -0.149736
v 0.026518 -0.045093 -0.149736
v 0.026518 -0.045093 -0.149736
v 0.026809 -0.044799 -0.150304
v 0.026809 -0.044799 -0.150304
v 0.027190 -0.044515 -0.150821
v 0.027190 -0.044515 -0.150821
v 0.027650 -0.044251 -0.151270
v 0.027650 -0.044251 -0.151270
v 0.028186 -0.044008 -0.151638
v 0.028186 -0.044008 -0.151638
v 0.028787 -0.043791 -0.151909
v 0.028787 -0.043791 -0.151909
v 0.029436 -0.043604 -0.152066
v 0.029436 -0.043604 -0.152066
v 0.030098 -0.043451 -0.152097
v 0.030098 -0.043451 -0.152097
v 0.030760 -0.043331 -0.151998
v 0.030760 -0.043331 -0.151998
v 0.031340 -0.043248 -0.151792
v 0.031340 -0.043248 -0.151792
v 0.031875 -0.043193 -0.151483
v 0.031875 -0.043193 -0.151483
v 0.032339 -0.043165 -0.151086
v 0.032339 -0.043165 -0.151086
v 0.032724 -0.043165 -0.150612
v 0.032724 -0.043165 -0.150612
v 0.033032 -0.043196 -0.150044
v 0.033032 -0.043196 -0.150044
v 0.033230 -0.043262 -0.149432
v 0.033230 -0.043262 -0.149432
v 0.033315 -0.043367 -0.148782
v 0.033315 -0.043367 -0.148782
v 0.026847 -0.043560 -0.150436
v 0.027356 -0.043661 -0.151064
v 0.026510 -0.043458 -0.149738
v 0.028007 -0.043752 -0.151563
v 0.033280 -0.043516 -0.148111
v 0.033280 -0.043516 -0.148111
v 0.033095 -0.043738 -0.147364
v 0.033095 -0.043738 -0.147364
v 0.032774 -0.044009 -0.146679
v 0.032774 -0.044009 -0.146679
v 0.032263 -0.044372 -0.145996
v 0.032263 -0.044372 -0.145996
v 0.031634 -0.044772 -0.145446
v 0.031634 -0.044772 -0.145446
v 0.031634 -0.044772 -0.145446
v 0.031152 -0.045038 -0.145157
v 0.031152 -0.045038 -0.145157
v 0.030622 -0.045278 -0.144942
v 0.030622 -0.045278 -0.144942
v 0.030120 -0.045467 -0.144823
v 0.030120 -0.045467 -0.144823
v 0.029598 -0.045630 -0.144779
v 0.029598 -0.045630 -0.144779
v 0.029017 -0.045779 -0.144826
v 0.029017 -0.045779 -0.144826
v 0.028446 -0.045894 -0.144974
v 0.028446 -0.045894 -0.144974
v 0.028015 -0.045961 -0.145164
v 0.028015 -0.045961 -0.145164
v 0.027614 -0.046006 -0.145415
v 0.027614 -0.046006 -0.145415
v 0.027266 -0.046028 -0.145707
v 0.027266 -0.046028 -0.145707
v 0.026962 -0.046029 -0.146043
v 0.026962 -0.046029 -0.146043
v 0.026671 -0.046003 -0.146475
v 0.026671 -0.046003 -0.146475
v 0.026450 -0.045948 -0.146945
v 0.026450 -0.045948 -0.146945
v 0.026268 -0.045830 -0.147607
v 0.026268 -0.045830 -0.147607
v 0.026214 -0.045659 -0.148282
v 0.026214 -0.045659 -0.148282
v 0.026413 -0.041136 -0.148666
v 0.026413 -0.041136 -0.148666
v 0.026518 -0.041056 -0.148001
v 0.026518 -0.041056 -0.148001
v 0.026762 -0.040984 -0.147343
v 0.026762 -0.040984 -0.147343
v 0.027143 -0.040923 -0.146733
v 0.027143 -0.040923 -0.146733
v 0.027641 -0.040879 -0.146214
v 0.027641 -0.040879 -0.146214
v 0.028222 -0.040854 -0.145814
v 0.028222 -0.040854 -0.145814
v 0.028845 -0.040847 -0.145546
v 0.028845 -0.040847 -0.145546
v 0.029469 -0.040856 -0.145406
v 0.029469 -0.040856 -0.145406
v 0.030108 -0.040880 -0.145382
v 0.030108 -0.040880 -0.145382
v 0.030777 -0.040922 -0.145482
v 0.030777 -0.040922 -0.145482
v 0.031439 -0.040980 -0.145721
v 0.031439 -0.040980 -0.145721
v 0.032050 -0.041053 -0.146096
v 0.032050 -0.041053 -0.146096
v 0.032570 -0.041138 -0.146588
v 0.032570 -0.041138 -0.146588
v 0.032970 -0.041227 -0.147163
v 0.032970 -0.041227 -0.147163
v 0.033237 -0.041316 -0.147780
v 0.033237 -0.041316 -0.147780
v 0.026530 -0.043587 -0.147297
v 0.032759 -0.043775 -0.146669
v 0.032250 -0.043674 -0.146041
v 0.031599 -0.043583 -0.145542
v 0.030858 -0.043510 -0.145212
v 0.030092 -0.043459 -0.145064
v 0.029359 -0.043429 -0.145082
v 0.028645 -0.043420 -0.145252
v 0.028112 -0.043427 -0.145490
v 0.027610 -0.043448 -0.145825
v 0.027164 -0.043483 -0.146250
v 0.026799 -0.043530 -0.146749
v 0.026364 -0.043652 -0.147868
v 0.026299 -0.043721 -0.148435
v 0.031400 -0.041382 -0.148928
v 0.031400 -0.041382 -0.148928
v 0.031355 -0.041416 -0.149213
v 0.031355 -0.041416 -0.149213
v 0.031251 -0.041447 -0.149496
v 0.031251 -0.041447 -0.149496
v 0.031087 -0.041473 -0.149757
v 0.031087 -0.041473 -0.149757
v 0.030874 -0.041492 -0.149979
v 0.030874 -0.041492 -0.149979
v 0.030625 -0.041503 -0.150151
v 0.030625 -0.041503 -0.150151
v 0.030358 -0.041506 -0.150266
v 0.030358 -0.041506 -0.150266
v 0.030091 -0.041502 -0.150325
v 0.030091 -0.041502 -0.150325
v 0.029817 -0.041492 -0.150336
v 0.029817 -0.041492 -0.150336
v 0.029530 -0.041474 -0.150293
v 0.029530 -0.041474 -0.150293
v 0.029246 -0.041449 -0.150190
v 0.029246 -0.041449 -0.150190
v 0.028984 -0.041417 -0.150030
v 0.028984 -0.041417 -0.150030
v 0.028762 -0.041381 -0.149819
v 0.028762 -0.041381 -0.149819
v 0.028590 -0.041343 -0.149572
v 0.028590 -0.041343 -0.149572
v 0.028476 -0.041305 -0.149308
v 0.028476 -0.041305 -0.149308
v 0.032902 -0.044693 -0.144381
v 0.032902 -0.044693 -0.144381
v 0.032902 -0.044693 -0.144381
v 0.032902 -0.044693 -0.144381
v 0.031619 -0.045578 -0.142785
v 0.031619 -0.045578 -0.142785
v 0.031619 -0.045578 -0.142785
v 0.030272 -0.046230 -0.141129
v 0.030272 -0.046230 -0.141129
v 0.030272 -0.046230 -0.141129
v 0.027975 -0.046776 -0.138350
v 0.027975 -0.046776 -0.138350
v 0.025629 -0.046665 -0.135561
v 0.025629 -0.046665 -0.135561
v 0.025629 -0.046665 -0.135561
v 0.025629 -0.046665 -0.135561
v 0.012934 -0.047461 -0.146207
v 0.012934 -0.047461 -0.146207
v 0.012934 -0.047461 -0.146207
v 0.015242 -0.047464 -0.145686
v 0.015242 -0.047464 -0.145686
v 0.017008 -0.047406 -0.144945
v 0.017008 -0.047406 -0.144945
v 0.019191 -0.047291 -0.143501
v 0.019191 -0.047291 -0.143501
v 0.020696 -0.047185 -0.142008
v 0.020696 -0.047185 -0.142008
v 0.020696 -0.047185 -0.142008
v 0.020696 -0.047185 -0.142008
v 0.020779 -0.047212 -0.142656
v 0.020779 -0.047212 -0.142656
v 0.020779 -0.047212 -0.142656
v 0.020779 -0.047212 -0.142656
v 0.020806 -0.047220 -0.142964
v 0.020806 -0.047220 -0.142964
v 0.020807 -0.047226 -0.143274
v 0.020807 -0.047226 -0.143274
v 0.020741 -0.047235 -0.143852
v 0.020741 -0.047235 -0.143852
v 0.020584 -0.047242 -0.144413
v 0.020584 -0.047242 -0.144413
v 0.020392 -0.047252 -0.144852
v 0.020392 -0.047252 -0.144852
v 0.020392 -0.047252 -0.144852
v 0.022805 -0.046634 -0.147776
v 0.022805 -0.046634 -0.147776
v 0.025073 -0.045311 -0.150580
v 0.025073 -0.045311 -0.150580
v 0.025073 -0.045311 -0.150580
v 0.025073 -0.045311 -0.150580
v 0.025248 -0.045173 -0.150801
v 0.025248 -0.045173 -0.150801
v 0.025248 -0.045173 -0.150801
v 0.026785 -0.046854 -0.138540
v 0.021232 -0.047203 -0.143197
v 0.023156 -0.046886 -0.145515
v 0.024904 -0.046181 -0.147653
v 0.026490 -0.046081 -0.146323
v 0.024742 -0.046786 -0.144185
v 0.025198 -0.046954 -0.139871
v 0.022818 -0.047103 -0.141867
v 0.028077 -0.045981 -0.144992
v 0.026329 -0.046687 -0.142854
v 0.024405 -0.047004 -0.140536
v 0.028870 -0.045932 -0.144327
v 0.027122 -0.046637 -0.142189
v 0.029664 -0.045882 -0.143661
v 0.027916 -0.046587 -0.141524
v 0.025992 -0.046904 -0.139206
v 0.030457 -0.045832 -0.142996
v 0.028709 -0.046537 -0.140858
v 0.032058 -0.026018 -0.150863
v 0.032058 -0.026018 -0.150863
v 0.032014 -0.026052 -0.151148
v 0.032014 -0.026052 -0.151148
v 0.031909 -0.026083 -0.151430
v 0.031909 -0.026083 -0.151430
v 0.031746 -0.026108 -0.151691
v 0.031746 -0.026108 -0.151691
v 0.031532 -0.026127 -0.151914
v 0.031532 -0.026127 -0.151914
v 0.031283 -0.026138 -0.152086
v 0.031283 -0.026138 -0.152086
v 0.031016 -0.026141 -0.152200
v 0.031016 -0.026141 -0.152200
v 0.030749 -0.026137 -0.152260
v 0.030749 -0.026137 -0.152260
v 0.030749 -0.026137 -0.152260
v 0.030475 -0.026127 -0.152271
v 0.030475 -0.026127 -0.152271
v 0.030475 -0.026127 -0.152271
v 0.030188 -0.026109 -0.152228
v 0.030188 -0.026109 -0.152228
v 0.029905 -0.026084 -0.152125
v 0.029905 -0.026084 -0.152125
v 0.029643 -0.026053 -0.151965
v 0.029643 -0.026053 -0.151965
v 0.029420 -0.026017 -0.151754
v 0.029420 -0.026017 -0.151754
v 0.029248 -0.025978 -0.151507
v 0.029248 -0.025978 -0.151507
v 0.029134 -0.025940 -0.151243
v 0.029134 -0.025940 -0.151243
v 0.031726 -0.033705 -0.149936
v 0.031661 -0.033743 -0.150263
v 0.031517 -0.033777 -0.150579
v 0.031300 -0.033802 -0.150857
v 0.031028 -0.033818 -0.151075
v 0.030726 -0.033824 -0.151220
v 0.030420 -0.033820 -0.151293
v 0.030105 -0.033807 -0.151301
v 0.029859 -0.033792 -0.151260
v 0.029615 -0.033771 -0.151176
v 0.029385 -0.033745 -0.151049
v 0.029180 -0.033715 -0.150882
v 0.029010 -0.033683 -0.150684
v 0.028881 -0.033650 -0.150465
v 0.028793 -0.033617 -0.150237
v 0.026433 -0.044281 -0.152462
v 0.026433 -0.044281 -0.152462
v 0.027813 -0.043447 -0.154895
v 0.027813 -0.043447 -0.154895
v 0.028900 -0.043000 -0.157564
v 0.028900 -0.043000 -0.157564
v 0.029297 -0.042916 -0.158920
v 0.029297 -0.042916 -0.158920
v 0.029598 -0.042912 -0.160296
v 0.029598 -0.042912 -0.160296
v 0.029598 -0.042912 -0.160296
v 0.029598 -0.042912 -0.160296
v 0.030170 -0.043159 -0.163457
v 0.030170 -0.043159 -0.163457
v 0.030170 -0.043159 -0.163457
v 0.030170 -0.043159 -0.163457
v 0.038997 -0.042605 -0.156055
v 0.038997 -0.042605 -0.156055
v 0.038997 -0.042605 -0.156055
v 0.038997 -0.042605 -0.156055
v 0.038972 -0.042587 -0.155918
v 0.038972 -0.042587 -0.155918
v 0.038972 -0.042587 -0.155918
v 0.038972 -0.042587 -0.155918
v 0.038259 -0.042371 -0.153140
v 0.038259 -0.042371 -0.153140
v 0.037159 -0.042491 -0.150485
v 0.037159 -0.042491 -0.150485
v 0.035927 -0.042901 -0.148330
v 0.035927 -0.042901 -0.148330
v 0.034507 -0.043601 -0.146376
v 0.034507 -0.043601 -0.146376
v 0.034507 -0.043601 -0.146376
v 0.034799 -0.042574 -0.155134
v 0.037528 -0.042402 -0.152846
v 0.035363 -0.042759 -0.150238
v 0.033396 -0.043552 -0.147833
v 0.034684 -0.042802 -0.150807
v 0.036853 -0.042445 -0.153411
v 0.033999 -0.042845 -0.151382
v 0.036163 -0.042488 -0.153990
v 0.032635 -0.042930 -0.152526
v 0.030706 -0.042830 -0.158566
v 0.031270 -0.043016 -0.153670
v 0.033435 -0.042659 -0.156278
v 0.028542 -0.043187 -0.155958
v 0.036045 -0.042716 -0.149666
v 0.034078 -0.043510 -0.147261
v 0.022126 -0.030548 -0.146161
v 0.022126 -0.030548 -0.146161
v 0.022126 -0.030548 -0.146161
v 0.023800 -0.030363 -0.144121
v 0.023800 -0.030363 -0.144121
v 0.025059 -0.030126 -0.141806
v 0.025059 -0.030126 -0.141806
v 0.025059 -0.030126 -0.141806
v 0.025292 -0.024674 -0.142492
v 0.025292 -0.024674 -0.142492
v 0.025292 -0.024674 -0.142492
v 0.024033 -0.024911 -0.144807
v 0.024033 -0.024911 -0.144807
v 0.022359 -0.025096 -0.146848
v 0.022359 -0.025096 -0.146848
v 0.022359 -0.025096 -0.146848
v 0.023916 -0.027637 -0.144464
v 0.037112 -0.031785 -0.150886
v 0.037112 -0.031785 -0.150886
v 0.037112 -0.031785 -0.150886
v 0.028933 -0.032299 -0.157744
v 0.028933 -0.032299 -0.157744
v 0.028933 -0.032299 -0.157744
v 0.029167 -0.026847 -0.158431
v 0.029167 -0.026847 -0.158431
v 0.029167 -0.026847 -0.158431
v 0.037345 -0.026333 -0.151572
v 0.037345 -0.026333 -0.151572
v 0.037345 -0.026333 -0.151572
v 0.033139 -0.029316 -0.154658
v 0.027753 -0.026428 -0.155588
v 0.027753 -0.026428 -0.155588
v 0.025900 -0.026024 -0.153009
v 0.025900 -0.026024 -0.153009
v 0.025900 -0.026024 -0.153009
v 0.023524 -0.025570 -0.150210
v 0.023524 -0.025570 -0.150210
v 0.023524 -0.025570 -0.150210
v 0.023524 -0.025570 -0.150210
v 0.023006 -0.025455 -0.149472
v 0.023006 -0.025455 -0.149472
v 0.022627 -0.025333 -0.148638
v 0.022627 -0.025333 -0.148638
v 0.022409 -0.025212 -0.147748
v 0.022409 -0.025212 -0.147748
v 0.026018 -0.024671 -0.142228
v 0.026018 -0.024671 -0.142228
v 0.026807 -0.024686 -0.142073
v 0.026807 -0.024686 -0.142073
v 0.027632 -0.024718 -0.142047
v 0.027632 -0.024718 -0.142047
v 0.028461 -0.024767 -0.142159
v 0.028461 -0.024767 -0.142159
v 0.029258 -0.024833 -0.142406
v 0.029258 -0.024833 -0.142406
v 0.029992 -0.024911 -0.142777
v 0.029992 -0.024911 -0.142777
v 0.030638 -0.024998 -0.143248
v 0.030638 -0.024998 -0.143248
v 0.031178 -0.025089 -0.143792
v 0.031178 -0.025089 -0.143792
v 0.031178 -0.025089 -0.143792
v 0.035267 -0.025871 -0.148609
v 0.035267 -0.025871 -0.148609
v 0.035267 -0.025871 -0.148609
v 0.030095 -0.026122 -0.152361
v 0.030095 -0.026122 -0.152361
v 0.038523 -0.032229 -0.153928
v 0.038523 -0.032229 -0.153928
v 0.039397 -0.032674 -0.157166
v 0.039397 -0.032674 -0.157166
v 0.039397 -0.032674 -0.157166
v 0.042932 -0.035299 -0.176808
v 0.042932 -0.035299 -0.176808
v 0.042932 -0.035299 -0.176808
v 0.043208 -0.035600 -0.179109
v 0.043208 -0.035600 -0.179109
v 0.043208 -0.035899 -0.181478
v 0.043208 -0.035899 -0.181478
v 0.042917 -0.036187 -0.183866
v 0.042917 -0.036187 -0.183866
v 0.042333 -0.036459 -0.186221
v 0.042333 -0.036459 -0.186221
v 0.041464 -0.036707 -0.188489
v 0.041464 -0.036707 -0.188489
v 0.040334 -0.036927 -0.190621
v 0.040334 -0.036927 -0.190621
v 0.038974 -0.037115 -0.192576
v 0.038974 -0.037115 -0.192576
v 0.037427 -0.037268 -0.194320
v 0.037427 -0.037268 -0.194320
v 0.037427 -0.037268 -0.194320
v 0.019954 -0.038728 -0.211855
v 0.019954 -0.038728 -0.211855
v 0.019954 -0.038728 -0.211855
v 0.019954 -0.038728 -0.211855
v 0.019598 -0.038805 -0.212589
v 0.019598 -0.038805 -0.212589
v 0.019598 -0.038805 -0.212589
v 0.019598 -0.038805 -0.212589
v 0.019598 -0.038805 -0.212589
v 0.019447 -0.038831 -0.212848
v 0.019447 -0.038831 -0.212848
v 0.019252 -0.038854 -0.213090
v 0.019252 -0.038854 -0.213090
v 0.019252 -0.038854 -0.213090
v 0.019014 -0.038870 -0.213304
v 0.019014 -0.038870 -0.213304
v 0.019014 -0.038870 -0.213304
v 0.018742 -0.038881 -0.213480
v 0.018742 -0.038881 -0.213480
v 0.018445 -0.038884 -0.213610
v 0.018445 -0.038884 -0.213610
v 0.018136 -0.038881 -0.213690
v 0.018136 -0.038881 -0.213690
v 0.017826 -0.038872 -0.213720
v 0.017826 -0.038872 -0.213720
v 0.017526 -0.038857 -0.213703
v 0.017526 -0.038857 -0.213703
v 0.017526 -0.038857 -0.213703
v 0.017233 -0.038837 -0.213642
v 0.017233 -0.038837 -0.213642
v 0.017233 -0.038837 -0.213642
v 0.016942 -0.038810 -0.213533
v 0.016942 -0.038810 -0.213533
v 0.016942 -0.038810 -0.213533
v 0.016665 -0.038779 -0.213376
v 0.016665 -0.038779 -0.213376
v 0.016665 -0.038779 -0.213376
v 0.016414 -0.038743 -0.213174
v 0.016414 -0.038743 -0.213174
v 0.016199 -0.038703 -0.212934
v 0.016199 -0.038703 -0.212934
v 0.016199 -0.038703 -0.212934
v 0.016029 -0.038662 -0.212667
v 0.016029 -0.038662 -0.212667
v 0.016029 -0.038662 -0.212667
v 0.015906 -0.038621 -0.212383
v 0.015906 -0.038621 -0.212383
v 0.015831 -0.038582 -0.212095
v 0.015831 -0.038582 -0.212095
v 0.015831 -0.038582 -0.212095
v 0.015831 -0.038582 -0.212095
v 0.015831 -0.038582 -0.212095
v 0.015831 -0.038582 -0.212095
v 0.015831 -0.038582 -0.212095
v 0.014281 -0.037430 -0.203480
v 0.014281 -0.037430 -0.203480
v 0.014281 -0.037430 -0.203480
v 0.026678 -0.036395 -0.191040
v 0.026678 -0.036395 -0.191040
v 0.026678 -0.036395 -0.191040
v 0.028225 -0.036241 -0.189295
v 0.028225 -0.036241 -0.189295
v 0.029584 -0.036054 -0.187341
v 0.029584 -0.036054 -0.187341
v 0.030715 -0.035833 -0.185208
v 0.030715 -0.035833 -0.185208
v 0.031584 -0.035585 -0.182940
v 0.031584 -0.035585 -0.182940
v 0.032168 -0.035314 -0.180586
v 0.032168 -0.035314 -0.180586
v 0.032459 -0.035025 -0.178197
v 0.032459 -0.035025 -0.178197
v 0.032458 -0.034727 -0.175828
v 0.032458 -0.034727 -0.175828
v 0.032183 -0.034425 -0.173527
v 0.032183 -0.034425 -0.173527
v 0.032183 -0.034425 -0.173527
v 0.030030 -0.032827 -0.161566
v 0.030030 -0.032827 -0.161566
v 0.030030 -0.032827 -0.161566
v 0.020551 -0.043540 -0.145320
v 0.020551 -0.043540 -0.145320
v 0.020551 -0.043540 -0.145320
v 0.020551 -0.043540 -0.145320
v 0.022737 -0.043958 -0.147895
v 0.022737 -0.043958 -0.147895
v 0.022737 -0.043958 -0.147895
v 0.022737 -0.043958 -0.147895
v 0.022737 -0.043958 -0.147895
v 0.022866 -0.040934 -0.148276
v 0.022866 -0.040934 -0.148276
v 0.022866 -0.040934 -0.148276
v 0.022866 -0.040934 -0.148276
v 0.025242 -0.041389 -0.151074
v 0.025242 -0.041389 -0.151074
v 0.025242 -0.041389 -0.151074
v 0.022817 -0.044322 -0.147963
v 0.022817 -0.044322 -0.147963
v 0.022817 -0.044322 -0.147963
v 0.028280 -0.036333 -0.156129
v 0.027020 -0.035993 -0.153861
v 0.029230 -0.036678 -0.158542
v 0.030520 -0.040454 -0.141857
v 0.030520 -0.040454 -0.141857
v 0.030520 -0.040454 -0.141857
v 0.030520 -0.040454 -0.141857
v 0.030390 -0.043477 -0.141477
v 0.030390 -0.043477 -0.141477
v 0.030390 -0.043477 -0.141477
v 0.030390 -0.043477 -0.141477
v 0.030390 -0.043477 -0.141477
v 0.032769 -0.036053 -0.144869
v 0.032769 -0.036053 -0.144869
v 0.023661 -0.042191 -0.133548
v 0.023661 -0.042191 -0.133548
v 0.023661 -0.042191 -0.133548
v 0.023486 -0.046255 -0.133036
v 0.023486 -0.046255 -0.133036
v 0.023486 -0.046255 -0.133036
v 0.026938 -0.044866 -0.137256
v 0.021701 -0.040461 -0.144913
v 0.021701 -0.040461 -0.144913
v 0.021701 -0.040461 -0.144913
v 0.021571 -0.043484 -0.144532
v 0.021571 -0.043484 -0.144532
v 0.021571 -0.043484 -0.144532
v 0.023245 -0.043299 -0.142492
v 0.023245 -0.043299 -0.142492
v 0.024505 -0.043062 -0.140177
v 0.024505 -0.043062 -0.140177
v 0.024505 -0.043062 -0.140177
v 0.024634 -0.040038 -0.140558
v 0.024634 -0.040038 -0.140558
v 0.024634 -0.040038 -0.140558
v 0.023522 -0.036831 -0.143306
v 0.025230 -0.043059 -0.139912
v 0.025230 -0.043059 -0.139912
v 0.026019 -0.043074 -0.139757
v 0.026019 -0.043074 -0.139757
v 0.026844 -0.043106 -0.139731
v 0.026844 -0.043106 -0.139731
v 0.027673 -0.043155 -0.139843
v 0.027673 -0.043155 -0.139843
v 0.028470 -0.043221 -0.140090
v 0.028470 -0.043221 -0.140090
v 0.029205 -0.043299 -0.140461
v 0.029205 -0.043299 -0.140461
v 0.029850 -0.043386 -0.140932
v 0.029850 -0.043386 -0.140932
v 0.029979 -0.040362 -0.141313
v 0.029979 -0.040362 -0.141313
v 0.029334 -0.040275 -0.140842
v 0.029334 -0.040275 -0.140842
v 0.028600 -0.040197 -0.140471
v 0.028600 -0.040197 -0.140471
v 0.027802 -0.040132 -0.140224
v 0.027802 -0.040132 -0.140224
v 0.026974 -0.040082 -0.140112
v 0.026974 -0.040082 -0.140112
v 0.026149 -0.040050 -0.140138
v 0.026149 -0.040050 -0.140138
v 0.025360 -0.040036 -0.140293
v 0.025360 -0.040036 -0.140293
v 0.025295 -0.041548 -0.140102
v 0.026084 -0.041562 -0.139948
v 0.026909 -0.041594 -0.139922
v 0.027738 -0.041644 -0.140033
v 0.028535 -0.041709 -0.140281
v 0.029269 -0.041787 -0.140651
v 0.029915 -0.041874 -0.141123
v 0.025689 -0.032354 -0.141260
v 0.026478 -0.032368 -0.141106
v 0.027303 -0.032400 -0.141079
v 0.028131 -0.032450 -0.141191
v 0.028929 -0.032515 -0.141439
v 0.029663 -0.032593 -0.141809
v 0.030309 -0.032680 -0.142280
v 0.031758 -0.044338 -0.172279
v 0.031758 -0.044338 -0.172279
v 0.031758 -0.044338 -0.172279
v 0.032034 -0.044640 -0.174580
v 0.032034 -0.044640 -0.174580
v 0.032034 -0.044938 -0.176949
v 0.032034 -0.044938 -0.176949
v 0.031743 -0.045226 -0.179337
v 0.031743 -0.045226 -0.179337
v 0.031159 -0.045498 -0.181692
v 0.031159 -0.045498 -0.181692
v 0.030290 -0.045746 -0.183960
v 0.030290 -0.045746 -0.183960
v 0.029160 -0.045966 -0.186092
v 0.029160 -0.045966 -0.186092
v 0.027800 -0.046154 -0.188047
v 0.027800 -0.046154 -0.188047
v 0.026253 -0.046308 -0.189791
v 0.026253 -0.046308 -0.189791
v 0.026253 -0.046308 -0.189791
v 0.013856 -0.047343 -0.202232
v 0.013856 -0.047343 -0.202232
v 0.013856 -0.047343 -0.202232
v 0.015407 -0.048494 -0.210847
v 0.015407 -0.048494 -0.210847
v 0.015407 -0.048494 -0.210847
v 0.015407 -0.048494 -0.210847
v 0.015407 -0.048494 -0.210847
v 0.015481 -0.048534 -0.211135
v 0.015481 -0.048534 -0.211135
v 0.015604 -0.048575 -0.211419
v 0.015604 -0.048575 -0.211419
v 0.015604 -0.048575 -0.211419
v 0.015775 -0.048616 -0.211686
v 0.015775 -0.048616 -0.211686
v 0.015775 -0.048616 -0.211686
v 0.015989 -0.048655 -0.211926
v 0.015989 -0.048655 -0.211926
v 0.015989 -0.048655 -0.211926
v 0.016240 -0.048691 -0.212128
v 0.016240 -0.048691 -0.212128
v 0.016240 -0.048691 -0.212128
v 0.016517 -0.048723 -0.212285
v 0.016517 -0.048723 -0.212285
v 0.016517 -0.048723 -0.212285
v 0.016808 -0.048749 -0.212394
v 0.016808 -0.048749 -0.212394
v 0.017101 -0.048769 -0.212455
v 0.017101 -0.048769 -0.212455
v 0.017401 -0.048784 -0.212471
v 0.017401 -0.048784 -0.212471
v 0.017711 -0.048794 -0.212441
v 0.017711 -0.048794 -0.212441
v 0.018021 -0.048797 -0.212361
v 0.018021 -0.048797 -0.212361
v 0.018318 -0.048793 -0.212231
v 0.018318 -0.048793 -0.212231
v 0.018590 -0.048783 -0.212056
v 0.018590 -0.048783 -0.212056
v 0.018590 -0.048783 -0.212056
v 0.018827 -0.048766 -0.211842
v 0.018827 -0.048766 -0.211842
v 0.018827 -0.048766 -0.211842
v 0.019022 -0.048744 -0.211600
v 0.019022 -0.048744 -0.211600
v 0.019173 -0.048718 -0.211341
v 0.019173 -0.048718 -0.211341
v 0.019173 -0.048718 -0.211341
v 0.019173 -0.048718 -0.211341
v 0.019173 -0.048718 -0.211341
v 0.019530 -0.048641 -0.210606
v 0.019530 -0.048641 -0.210606
v 0.019530 -0.048641 -0.210606
v 0.019530 -0.048641 -0.210606
v 0.037003 -0.047181 -0.193072
v 0.037003 -0.047181 -0.193072
v 0.037003 -0.047181 -0.193072
v 0.038550 -0.047028 -0.191327
v 0.038550 -0.047028 -0.191327
v 0.039909 -0.046840 -0.189373
v 0.039909 -0.046840 -0.189373
v 0.041039 -0.046620 -0.187241
v 0.041039 -0.046620 -0.187241
v 0.041908 -0.046371 -0.184973
v 0.041908 -0.046371 -0.184973
v 0.042493 -0.046100 -0.182618
v 0.042493 -0.046100 -0.182618
v 0.042783 -0.045812 -0.180230
v 0.042783 -0.045812 -0.180230
v 0.042783 -0.045513 -0.177860
v 0.042783 -0.045513 -0.177860
v 0.042508 -0.045212 -0.175559
v 0.042508 -0.045212 -0.175559
v 0.042508 -0.045212 -0.175559
v 0.021750 -0.040577 -0.145813
v 0.021750 -0.040577 -0.145813
v 0.021969 -0.040698 -0.146703
v 0.021969 -0.040698 -0.146703
v 0.022348 -0.040819 -0.147538
v 0.022348 -0.040819 -0.147538
v 0.022219 -0.043843 -0.147157
v 0.022219 -0.043843 -0.147157
v 0.021839 -0.043721 -0.146323
v 0.021839 -0.043721 -0.146323
v 0.021621 -0.043600 -0.145432
v 0.021621 -0.043600 -0.145432
v 0.021686 -0.042088 -0.145623
v 0.021904 -0.042210 -0.146513
v 0.022283 -0.042331 -0.147347
v 0.020948 -0.043284 -0.143151
v 0.020948 -0.043284 -0.143151
v 0.020948 -0.043284 -0.143151
v 0.020948 -0.043284 -0.143151
v 0.020975 -0.043355 -0.143706
v 0.020975 -0.043355 -0.143706
v 0.020917 -0.043423 -0.144265
v 0.020917 -0.043423 -0.144265
v 0.020774 -0.043485 -0.144809
v 0.020774 -0.043485 -0.144809
v 0.020689 -0.045450 -0.144562
v 0.020833 -0.045388 -0.144018
v 0.020891 -0.045320 -0.143458
v 0.020867 -0.043200 -0.142510
v 0.020867 -0.043200 -0.142510
v 0.020867 -0.043200 -0.142510
v 0.020867 -0.043200 -0.142510
v 0.020822 -0.045235 -0.142579
v 0.020822 -0.045235 -0.142579
v 0.020822 -0.045235 -0.142579
v 0.020822 -0.045235 -0.142579
v 0.011218 -0.047400 -0.146304
v 0.011218 -0.047400 -0.146304
v 0.011218 -0.047400 -0.146304
v 0.009450 -0.047305 -0.146149
v 0.009450 -0.047305 -0.146149
v 0.007686 -0.047176 -0.145726
v 0.007686 -0.047176 -0.145726
v 0.005989 -0.047016 -0.145035
v 0.005989 -0.047016 -0.145035
v 0.005989 -0.047016 -0.145035
v 0.004418 -0.046831 -0.144097
v 0.004418 -0.046831 -0.144097
v 0.003025 -0.046626 -0.142947
v 0.003025 -0.046626 -0.142947
v 0.003025 -0.046626 -0.142947
v 0.001847 -0.046410 -0.141633
v 0.001847 -0.046410 -0.141633
v 0.000904 -0.046191 -0.140212
v 0.000904 -0.046191 -0.140212
v 0.000175 -0.045966 -0.138670
v 0.000175 -0.045966 -0.138670
v -0.000339 -0.045731 -0.136985
v -0.000339 -0.045731 -0.136985
v -0.000602 -0.045496 -0.135201
v -0.000602 -0.045496 -0.135201
v -0.000590 -0.045266 -0.133377
v -0.000590 -0.045266 -0.133377
v -0.000301 -0.045052 -0.131573
v -0.000301 -0.045052 -0.131573
v 0.000253 -0.044859 -0.129852
v 0.000253 -0.044859 -0.129852
v 0.001039 -0.044693 -0.128267
v 0.001039 -0.044693 -0.128267
v 0.002013 -0.044557 -0.126856
v 0.002013 -0.044557 -0.126856
v 0.003179 -0.044448 -0.125596
v 0.003179 -0.044448 -0.125596
v 0.004559 -0.044366 -0.124478
v 0.004559 -0.044366 -0.124478
v 0.006124 -0.044317 -0.123555
v 0.006124 -0.044317 -0.123555
v 0.007830 -0.044304 -0.122867
v 0.007830 -0.044304 -0.122867
v 0.009619 -0.044327 -0.122444
v 0.009619 -0.044327 -0.122444
v 0.011430 -0.044386 -0.122295
v 0.011430 -0.044386 -0.122295
v 0.013202 -0.044476 -0.122411
v 0.013202 -0.044476 -0.122411
v 0.014880 -0.044593 -0.122767
v 0.014880 -0.044593 -0.122767
v 0.016489 -0.044736 -0.123357
v 0.016489 -0.044736 -0.123357
v 0.018046 -0.044909 -0.124199
v 0.018046 -0.044909 -0.124199
v 0.019490 -0.045108 -0.125285
v 0.019490 -0.045108 -0.125285
v 0.020767 -0.045327 -0.126591
v 0.020767 -0.045327 -0.126591
v 0.021828 -0.045559 -0.128074
v 0.021828 -0.045559 -0.128074
v 0.022642 -0.045796 -0.129683
v 0.022642 -0.045796 -0.129683
v 0.023194 -0.046031 -0.131356
v 0.023194 -0.046031 -0.131356
v 0.023307 -0.041934 -0.131634
v 0.023307 -0.041934 -0.131634
v 0.022609 -0.041664 -0.129723
v 0.022609 -0.041664 -0.129723
v 0.021558 -0.041390 -0.127907
v 0.021558 -0.041390 -0.127907
v 0.020181 -0.041126 -0.126278
v 0.020181 -0.041126 -0.126278
v 0.018534 -0.040884 -0.124919
v 0.018534 -0.040884 -0.124919
v 0.016699 -0.040676 -0.123885
v 0.016699 -0.040676 -0.123885
v 0.014772 -0.040507 -0.123202
v 0.014772 -0.040507 -0.123202
v 0.012842 -0.040381 -0.122860
v 0.012842 -0.040381 -0.122860
v 0.010881 -0.040294 -0.122834
v 0.010881 -0.040294 -0.122834
v 0.008853 -0.040246 -0.123143
v 0.008853 -0.040246 -0.123143
v 0.006846 -0.040244 -0.123813
v 0.006846 -0.040244 -0.123813
v 0.004957 -0.040293 -0.124838
v 0.004957 -0.040293 -0.124838
v 0.003279 -0.040389 -0.126177
v 0.003279 -0.040389 -0.126177
v 0.001884 -0.040529 -0.127762
v 0.001884 -0.040529 -0.127762
v 0.000816 -0.040703 -0.129506
v 0.000816 -0.040703 -0.129506
v 0.000085 -0.040900 -0.131317
v 0.000085 -0.040900 -0.131317
v -0.000342 -0.041121 -0.133221
v -0.000342 -0.041121 -0.133221
v -0.000451 -0.041373 -0.135255
v -0.000451 -0.041373 -0.135255
v -0.000200 -0.041646 -0.137338
v -0.000200 -0.041646 -0.137338
v 0.000426 -0.041929 -0.139375
v 0.000426 -0.041929 -0.139375
v 0.001405 -0.042209 -0.141267
v 0.001405 -0.042209 -0.141267
v 0.002684 -0.042474 -0.142932
v 0.002684 -0.042474 -0.142932
v 0.004187 -0.042712 -0.144309
v 0.004187 -0.042712 -0.144309
v 0.005825 -0.042916 -0.145372
v 0.005825 -0.042916 -0.145372
v 0.007616 -0.043091 -0.146156
v 0.007616 -0.043091 -0.146156
v 0.009601 -0.043239 -0.146657
v 0.009601 -0.043239 -0.146657
v 0.011708 -0.043349 -0.146816
v 0.011708 -0.043349 -0.146816
v 0.013846 -0.043414 -0.146602
v 0.013846 -0.043414 -0.146602
v 0.015913 -0.043429 -0.146016
v 0.015913 -0.043429 -0.146016
v 0.017817 -0.043394 -0.145093
v 0.017817 -0.043394 -0.145093
v 0.019484 -0.043315 -0.143898
v 0.019484 -0.043315 -0.143898
v 0.011087 -0.045358 -0.146555
v 0.015826 -0.045461 -0.145760
v 0.018597 -0.045392 -0.144269
v 0.014286 -0.045455 -0.146234
v 0.012692 -0.045420 -0.146501
v 0.009525 -0.045272 -0.146403
v 0.006606 -0.045038 -0.145539
v 0.004100 -0.044744 -0.144053
v 0.001929 -0.044377 -0.141883
v 0.001042 -0.044172 -0.140557
v 0.000339 -0.043961 -0.139119
v -0.000385 -0.043608 -0.136562
v -0.000527 -0.043276 -0.133970
v -0.000135 -0.042984 -0.131522
v 0.000729 -0.042735 -0.129250
v 0.002117 -0.042523 -0.127092
v 0.004000 -0.042367 -0.125216
v 0.006272 -0.042284 -0.123781
v 0.008766 -0.042278 -0.122887
v 0.011294 -0.042345 -0.122554
v 0.013715 -0.042471 -0.122734
v 0.016135 -0.042662 -0.123425
v 0.018447 -0.042916 -0.124663
v 0.020466 -0.043223 -0.126407
v 0.022040 -0.043559 -0.128541
v 0.023078 -0.043900 -0.130896
v 0.001926 -0.043893 -0.137636
v 0.001926 -0.043893 -0.137636
v 0.002695 -0.044150 -0.139416
v 0.002695 -0.044150 -0.139416
v 0.003849 -0.044408 -0.141075
v 0.003849 -0.044408 -0.141075
v 0.005351 -0.044651 -0.142495
v 0.005351 -0.044651 -0.142495
v 0.007115 -0.044863 -0.143577
v 0.007115 -0.044863 -0.143577
v 0.009025 -0.045032 -0.144267
v 0.009025 -0.045032 -0.144267
v 0.010955 -0.045151 -0.144556
v 0.010955 -0.045151 -0.144556
v 0.012798 -0.045221 -0.144486
v 0.012798 -0.045221 -0.144486
v 0.014599 -0.045248 -0.144083
v 0.014599 -0.045248 -0.144083
v 0.016396 -0.045227 -0.143310
v 0.016396 -0.045227 -0.143310
v 0.018073 -0.045154 -0.142155
v 0.018073 -0.045154 -0.142155
v 0.019510 -0.045027 -0.140656
v 0.019510 -0.045027 -0.140656
v 0.020610 -0.044852 -0.138899
v 0.020610 -0.044852 -0.138899
v 0.021314 -0.044643 -0.136998
v 0.021314 -0.044643 -0.136998
v 0.021617 -0.044414 -0.135079
v 0.021617 -0.044414 -0.135079
v 0.021706 -0.042333 -0.135341
v 0.021706 -0.042333 -0.135341
v 0.021404 -0.042561 -0.137260
v 0.021404 -0.042561 -0.137260
v 0.020699 -0.042771 -0.139161
v 0.020699 -0.042771 -0.139161
v 0.019600 -0.042945 -0.140918
v 0.019600 -0.042945 -0.140918
v 0.018162 -0.043072 -0.142417
v 0.018162 -0.043072 -0.142417
v 0.016485 -0.043146 -0.143572
v 0.016485 -0.043146 -0.143572
v 0.014688 -0.043166 -0.144345
v 0.014688 -0.043166 -0.144345
v 0.014688 -0.043166 -0.144345
v 0.012887 -0.043140 -0.144748
v 0.012887 -0.043140 -0.144748
v 0.012887 -0.043140 -0.144748
v 0.011045 -0.043070 -0.144819
v 0.011045 -0.043070 -0.144819
v 0.009114 -0.042950 -0.144529
v 0.009114 -0.042950 -0.144529
v 0.007204 -0.042782 -0.143840
v 0.007204 -0.042782 -0.143840
v 0.005440 -0.042570 -0.142757
v 0.005440 -0.042570 -0.142757
v 0.003939 -0.042327 -0.141337
v 0.003939 -0.042327 -0.141337
v 0.002785 -0.042068 -0.139678
v 0.002785 -0.042068 -0.139678
v 0.002015 -0.041811 -0.137898
v 0.002015 -0.041811 -0.137898
v 0.002481 -0.043035 -0.139045
v 0.001892 -0.042816 -0.137510
v 0.003354 -0.043258 -0.140517
v 0.004499 -0.043475 -0.141850
v 0.005877 -0.043675 -0.142973
v 0.007426 -0.043849 -0.143832
v 0.009069 -0.043991 -0.144398
v 0.010727 -0.044096 -0.144669
v 0.012843 -0.044180 -0.144617
v 0.014903 -0.044207 -0.144127
v 0.016937 -0.044171 -0.143149
v 0.018769 -0.044065 -0.141682
v 0.020230 -0.043891 -0.139808
v 0.021199 -0.043665 -0.137679
v 0.021642 -0.043407 -0.135481
v 0.014215 -0.043175 -0.144577
v 0.014215 -0.043175 -0.144577
v 0.010767 -0.044739 -0.141349
v 0.010767 -0.044739 -0.141349
v 0.010817 -0.044702 -0.141036
v 0.010817 -0.044702 -0.141036
v 0.010817 -0.044702 -0.141036
v 0.010932 -0.044668 -0.140725
v 0.010932 -0.044668 -0.140725
v 0.010932 -0.044668 -0.140725
v 0.011111 -0.044639 -0.140438
v 0.011111 -0.044639 -0.140438
v 0.011346 -0.044619 -0.140193
v 0.011346 -0.044619 -0.140193
v 0.011620 -0.044606 -0.140005
v 0.011620 -0.044606 -0.140005
v 0.011914 -0.044603 -0.139878
v 0.011914 -0.044603 -0.139878
v 0.012208 -0.044607 -0.139813
v 0.012208 -0.044607 -0.139813
v 0.012509 -0.044619 -0.139801
v 0.012509 -0.044619 -0.139801
v 0.012824 -0.044638 -0.139848
v 0.012824 -0.044638 -0.139848
v 0.013136 -0.044666 -0.139961
v 0.013136 -0.044666 -0.139961
v 0.013425 -0.044701 -0.140138
v 0.013425 -0.044701 -0.140138
v 0.013670 -0.044740 -0.140370
v 0.013670 -0.044740 -0.140370
v 0.013858 -0.044782 -0.140641
v 0.013858 -0.044782 -0.140641
v 0.013984 -0.044824 -0.140932
v 0.013984 -0.044824 -0.140932
v 0.013899 -0.046807 -0.140682
v 0.013899 -0.046807 -0.140682
v 0.013773 -0.046765 -0.140391
v 0.013773 -0.046765 -0.140391
v 0.013585 -0.046723 -0.140120
v 0.013585 -0.046723 -0.140120
v 0.013340 -0.046683 -0.139888
v 0.013340 -0.046683 -0.139888
v 0.013051 -0.046648 -0.139711
v 0.013051 -0.046648 -0.139711
v 0.012739 -0.046621 -0.139599
v 0.012739 -0.046621 -0.139599
v 0.012424 -0.046601 -0.139551
v 0.012424 -0.046601 -0.139551
v 0.012123 -0.046590 -0.139563
v 0.012123 -0.046590 -0.139563
v 0.011829 -0.046586 -0.139629
v 0.011829 -0.046586 -0.139629
v 0.011535 -0.046589 -0.139755
v 0.011535 -0.046589 -0.139755
v 0.011261 -0.046601 -0.139944
v 0.011261 -0.046601 -0.139944
v 0.011026 -0.046622 -0.140189
v 0.011026 -0.046622 -0.140189
v 0.010847 -0.046650 -0.140476
v 0.010847 -0.046650 -0.140476
v 0.010732 -0.046684 -0.140786
v 0.010732 -0.046684 -0.140786
v 0.010682 -0.046722 -0.141100
v 0.010682 -0.046722 -0.141100
v 0.010753 -0.045704 -0.141001
v 0.010723 -0.045736 -0.141269
v 0.010832 -0.045673 -0.140732
v 0.010959 -0.045646 -0.140474
v 0.011131 -0.045624 -0.140238
v 0.011341 -0.045608 -0.140038
v 0.011578 -0.045598 -0.139880
v 0.011829 -0.045594 -0.139768
v 0.012165 -0.045599 -0.139688
v 0.012511 -0.045612 -0.139679
v 0.012872 -0.045637 -0.139749
v 0.013221 -0.045671 -0.139905
v 0.013529 -0.045714 -0.140140
v 0.013768 -0.045762 -0.140436
v 0.013927 -0.045810 -0.140765
v 0.007054 -0.043694 -0.134313
v 0.007054 -0.043694 -0.134313
v 0.007189 -0.043592 -0.133458
v 0.007189 -0.043592 -0.133458
v 0.007503 -0.043499 -0.132612
v 0.007503 -0.043499 -0.132612
v 0.007993 -0.043421 -0.131829
v 0.007993 -0.043421 -0.131829
v 0.008633 -0.043365 -0.131161
v 0.008633 -0.043365 -0.131161
v 0.008633 -0.043365 -0.131161
v 0.009381 -0.043332 -0.130646
v 0.009381 -0.043332 -0.130646
v 0.010181 -0.043323 -0.130302
v 0.010181 -0.043323 -0.130302
v 0.010983 -0.043335 -0.130122
v 0.010983 -0.043335 -0.130122
v 0.011804 -0.043366 -0.130091
v 0.011804 -0.043366 -0.130091
v 0.012665 -0.043419 -0.130220
v 0.012665 -0.043419 -0.130220
v 0.013516 -0.043494 -0.130527
v 0.013516 -0.043494 -0.130527
v 0.014302 -0.043589 -0.131009
v 0.014302 -0.043589 -0.131009
v 0.014970 -0.043697 -0.131642
v 0.014970 -0.043697 -0.131642
v 0.015485 -0.043812 -0.132381
v 0.015485 -0.043812 -0.132381
v 0.015828 -0.043927 -0.133174
v 0.015828 -0.043927 -0.133174
v 0.015743 -0.045909 -0.132925
v 0.015743 -0.045909 -0.132925
v 0.015400 -0.045795 -0.132132
v 0.015400 -0.045795 -0.132132
v 0.014886 -0.045679 -0.131392
v 0.014886 -0.045679 -0.131392
v 0.014217 -0.045571 -0.130760
v 0.014217 -0.045571 -0.130760
v 0.013431 -0.045477 -0.130277
v 0.013431 -0.045477 -0.130277
v 0.012580 -0.045402 -0.129970
v 0.012580 -0.045402 -0.129970
v 0.011719 -0.045348 -0.129841
v 0.011719 -0.045348 -0.129841
v 0.011719 -0.045348 -0.129841
v 0.010898 -0.045317 -0.129873
v 0.010898 -0.045317 -0.129873
v 0.010096 -0.045305 -0.130052
v 0.010096 -0.045305 -0.130052
v 0.009296 -0.045315 -0.130397
v 0.009296 -0.045315 -0.130397
v 0.008548 -0.045347 -0.130911
v 0.008548 -0.045347 -0.130911
v 0.007908 -0.045404 -0.131579
v 0.007908 -0.045404 -0.131579
v 0.007418 -0.045482 -0.132362
v 0.007418 -0.045482 -0.132362
v 0.007104 -0.045575 -0.133209
v 0.007104 -0.045575 -0.133209
v 0.006970 -0.045677 -0.134064
v 0.006970 -0.045677 -0.134064
v 0.007090 -0.044612 -0.133579
v 0.007007 -0.044700 -0.134308
v 0.007304 -0.044529 -0.132845
v 0.007650 -0.044455 -0.132140
v 0.008120 -0.044394 -0.131499
v 0.008692 -0.044350 -0.130953
v 0.009338 -0.044323 -0.130522
v 0.010023 -0.044314 -0.130216
v 0.010941 -0.044326 -0.129997
v 0.011883 -0.044363 -0.129974
v 0.012869 -0.044430 -0.130164
v 0.013821 -0.044524 -0.130588
v 0.014659 -0.044640 -0.131230
v 0.015312 -0.044770 -0.132037
v 0.015747 -0.044902 -0.132935
v 0.009027 -0.042930 -0.127576
v 0.009027 -0.042930 -0.127576
v 0.009076 -0.042893 -0.127263
v 0.009076 -0.042893 -0.127263
v 0.009191 -0.042859 -0.126952
v 0.009191 -0.042859 -0.126952
v 0.009371 -0.042830 -0.126665
v 0.009371 -0.042830 -0.126665
v 0.009606 -0.042810 -0.126420
v 0.009606 -0.042810 -0.126420
v 0.009880 -0.042797 -0.126232
v 0.009880 -0.042797 -0.126232
v 0.010173 -0.042794 -0.126105
v 0.010173 -0.042794 -0.126105
v 0.010467 -0.042798 -0.126040
v 0.010467 -0.042798 -0.126040
v 0.010769 -0.042810 -0.126028
v 0.010769 -0.042810 -0.126028
v 0.011084 -0.042829 -0.126075
v 0.011084 -0.042829 -0.126075
v 0.011396 -0.042857 -0.126188
v 0.011396 -0.042857 -0.126188
v 0.011684 -0.042892 -0.126365
v 0.011684 -0.042892 -0.126365
v 0.011929 -0.042931 -0.126597
v 0.011929 -0.042931 -0.126597
v 0.012118 -0.042973 -0.126868
v 0.012118 -0.042973 -0.126868
v 0.012244 -0.043015 -0.127159
v 0.012244 -0.043015 -0.127159
v 0.012159 -0.044998 -0.126909
v 0.012159 -0.044998 -0.126909
v 0.012033 -0.044956 -0.126618
v 0.012033 -0.044956 -0.126618
v 0.011844 -0.044914 -0.126347
v 0.011844 -0.044914 -0.126347
v 0.011599 -0.044874 -0.126115
v 0.011599 -0.044874 -0.126115
v 0.011311 -0.044839 -0.125938
v 0.011311 -0.044839 -0.125938
v 0.010999 -0.044812 -0.125826
v 0.010999 -0.044812 -0.125826
v 0.010684 -0.044792 -0.125778
v 0.010684 -0.044792 -0.125778
v 0.010383 -0.044781 -0.125790
v 0.010383 -0.044781 -0.125790
v 0.010088 -0.044777 -0.125856
v 0.010088 -0.044777 -0.125856
v 0.009795 -0.044780 -0.125982
v 0.009795 -0.044780 -0.125982
v 0.009521 -0.044792 -0.126171
v 0.009521 -0.044792 -0.126171
v 0.009286 -0.044813 -0.126416
v 0.009286 -0.044813 -0.126416
v 0.009106 -0.044841 -0.126703
v 0.009106 -0.044841 -0.126703
v 0.008991 -0.044875 -0.127013
v 0.008991 -0.044875 -0.127013
v 0.008942 -0.044913 -0.127327
v 0.008942 -0.044913 -0.127327
v 0.009013 -0.043895 -0.127228
v 0.008982 -0.043927 -0.127495
v 0.009091 -0.043864 -0.126959
v 0.009218 -0.043837 -0.126700
v 0.009391 -0.043815 -0.126465
v 0.009601 -0.043799 -0.126265
v 0.009837 -0.043789 -0.126107
v 0.010088 -0.043785 -0.125995
v 0.010425 -0.043790 -0.125915
v 0.010771 -0.043803 -0.125906
v 0.011132 -0.043828 -0.125976
v 0.011481 -0.043862 -0.126131
v 0.011788 -0.043905 -0.126367
v 0.012028 -0.043953 -0.126663
v 0.012187 -0.044001 -0.126992
v 0.002958 -0.043651 -0.135364
v 0.002958 -0.043651 -0.135364
v 0.003007 -0.043614 -0.135050
v 0.003007 -0.043614 -0.135050
v 0.003122 -0.043579 -0.134740
v 0.003122 -0.043579 -0.134740
v 0.003302 -0.043551 -0.134453
v 0.003302 -0.043551 -0.134453
v 0.003537 -0.043530 -0.134208
v 0.003537 -0.043530 -0.134208
v 0.003811 -0.043518 -0.134019
v 0.003811 -0.043518 -0.134019
v 0.004104 -0.043515 -0.133893
v 0.004104 -0.043515 -0.133893
v 0.004398 -0.043519 -0.133827
v 0.004398 -0.043519 -0.133827
v 0.004699 -0.043531 -0.133816
v 0.004699 -0.043531 -0.133816
v 0.005015 -0.043550 -0.133863
v 0.005015 -0.043550 -0.133863
v 0.005327 -0.043578 -0.133976
v 0.005327 -0.043578 -0.133976
v 0.005615 -0.043612 -0.134152
v 0.005615 -0.043612 -0.134152
v 0.005860 -0.043652 -0.134384
v 0.005860 -0.043652 -0.134384
v 0.006049 -0.043694 -0.134655
v 0.006049 -0.043694 -0.134655
v 0.006175 -0.043736 -0.134946
v 0.006175 -0.043736 -0.134946
v 0.006090 -0.045719 -0.134697
v 0.006090 -0.045719 -0.134697
v 0.005964 -0.045677 -0.134406
v 0.005964 -0.045677 -0.134406
v 0.005775 -0.045635 -0.134135
v 0.005775 -0.045635 -0.134135
v 0.005530 -0.045595 -0.133903
v 0.005530 -0.045595 -0.133903
v 0.005242 -0.045560 -0.133726
v 0.005242 -0.045560 -0.133726
v 0.004930 -0.045533 -0.133613
v 0.004930 -0.045533 -0.133613
v 0.004614 -0.045513 -0.133566
v 0.004614 -0.045513 -0.133566
v 0.004313 -0.045502 -0.133577
v 0.004313 -0.045502 -0.133577
v 0.004019 -0.045497 -0.133643
v 0.004019 -0.045497 -0.133643
v 0.003726 -0.045501 -0.133770
v 0.003726 -0.045501 -0.133770
v 0.003452 -0.045513 -0.133958
v 0.003452 -0.045513 -0.133958
v 0.003217 -0.045534 -0.134203
v 0.003217 -0.045534 -0.134203
v 0.003037 -0.045562 -0.134490
v 0.003037 -0.045562 -0.134490
v 0.002922 -0.045596 -0.134801
v 0.002922 -0.045596 -0.134801
v 0.002873 -0.045633 -0.135114
v 0.002873 -0.045633 -0.135114
v 0.002944 -0.044615 -0.135016
v 0.002913 -0.044648 -0.135283
v 0.003022 -0.044585 -0.134746
v 0.003149 -0.044558 -0.134488
v 0.003321 -0.044535 -0.134253
v 0.003531 -0.044519 -0.134053
v 0.003768 -0.044509 -0.133894
v 0.004019 -0.044506 -0.133782
v 0.004356 -0.044510 -0.133702
v 0.004701 -0.044524 -0.133694
v 0.005063 -0.044548 -0.133763
v 0.005412 -0.044583 -0.133919
v 0.005719 -0.044626 -0.134154
v 0.005959 -0.044673 -0.134450
v 0.006118 -0.044722 -0.134779
v 0.016836 -0.044019 -0.133562
v 0.016836 -0.044019 -0.133562
v 0.016886 -0.043981 -0.133248
v 0.016886 -0.043981 -0.133248
v 0.017001 -0.043947 -0.132938
v 0.017001 -0.043947 -0.132938
v 0.017180 -0.043919 -0.132651
v 0.017180 -0.043919 -0.132651
v 0.017415 -0.043898 -0.132406
v 0.017415 -0.043898 -0.132406
v 0.017689 -0.043886 -0.132217
v 0.017689 -0.043886 -0.132217
v 0.017983 -0.043882 -0.132091
v 0.017983 -0.043882 -0.132091
v 0.018277 -0.043887 -0.132025
v 0.018277 -0.043887 -0.132025
v 0.018578 -0.043898 -0.132014
v 0.018578 -0.043898 -0.132014
v 0.018893 -0.043918 -0.132061
v 0.018893 -0.043918 -0.132061
v 0.018893 -0.043918 -0.132061
v 0.019205 -0.043945 -0.132174
v 0.019205 -0.043945 -0.132174
v 0.019205 -0.043945 -0.132174
v 0.019494 -0.043980 -0.132350
v 0.019494 -0.043980 -0.132350
v 0.019739 -0.044020 -0.132582
v 0.019739 -0.044020 -0.132582
v 0.019927 -0.044062 -0.132853
v 0.019927 -0.044062 -0.132853
v 0.020053 -0.044104 -0.133144
v 0.020053 -0.044104 -0.133144
v 0.019968 -0.046086 -0.132895
v 0.019968 -0.046086 -0.132895
v 0.019843 -0.046044 -0.132604
v 0.019843 -0.046044 -0.132604
v 0.019654 -0.046002 -0.132333
v 0.019654 -0.046002 -0.132333
v 0.019409 -0.045962 -0.132101
v 0.019409 -0.045962 -0.132101
v 0.019121 -0.045928 -0.131924
v 0.019121 -0.045928 -0.131924
v 0.018809 -0.045900 -0.131811
v 0.018809 -0.045900 -0.131811
v 0.018493 -0.045881 -0.131764
v 0.018493 -0.045881 -0.131764
v 0.018192 -0.045869 -0.131775
v 0.018192 -0.045869 -0.131775
v 0.017898 -0.045865 -0.131841
v 0.017898 -0.045865 -0.131841
v 0.017604 -0.045868 -0.131968
v 0.017604 -0.045868 -0.131968
v 0.017330 -0.045880 -0.132156
v 0.017330 -0.045880 -0.132156
v 0.017096 -0.045901 -0.132401
v 0.017096 -0.045901 -0.132401
v 0.016916 -0.045930 -0.132688
v 0.016916 -0.045930 -0.132688
v 0.016801 -0.045964 -0.132999
v 0.016801 -0.045964 -0.132999
v 0.016751 -0.046001 -0.133312
v 0.016751 -0.046001 -0.133312
v 0.016823 -0.044983 -0.133214
v 0.016792 -0.045015 -0.133481
v 0.016901 -0.044952 -0.132944
v 0.017028 -0.044925 -0.132686
v 0.017200 -0.044903 -0.132451
v 0.017410 -0.044887 -0.132250
v 0.017647 -0.044877 -0.132092
v 0.017898 -0.044874 -0.131980
v 0.018235 -0.044878 -0.131900
v 0.018580 -0.044892 -0.131892
v 0.018941 -0.044916 -0.131961
v 0.019291 -0.044951 -0.132117
v 0.019598 -0.044993 -0.132352
v 0.019837 -0.045041 -0.132648
v 0.019997 -0.045089 -0.132977
v 0.011838 -0.046476 -0.138751
v 0.011838 -0.046476 -0.138751
v 0.012354 -0.047012 -0.142838
v 0.012354 -0.047012 -0.142838
v 0.012354 -0.047012 -0.142838
v 0.018908 -0.043820 -0.212592
v 0.019100 -0.043804 -0.212399
v 0.018689 -0.043832 -0.212760
v 0.018447 -0.043839 -0.212898
v 0.018189 -0.043841 -0.213000
v 0.017923 -0.043838 -0.213066
v 0.017657 -0.043830 -0.213094
v 0.017314 -0.043813 -0.213079
v 0.016978 -0.043789 -0.213005
v 0.016648 -0.043758 -0.212869
v 0.016341 -0.043720 -0.212670
v 0.016074 -0.043677 -0.212417
v 0.015860 -0.043630 -0.212121
v 0.015708 -0.043583 -0.211800
v 0.014844 -0.042962 -0.207164
v 0.032246 -0.039683 -0.175204
v 0.032246 -0.039982 -0.177573
v 0.031956 -0.040270 -0.179962
v 0.031371 -0.040541 -0.182316
v 0.030503 -0.040790 -0.184584
v 0.029372 -0.041010 -0.186716
v 0.028013 -0.041198 -0.188671
v 0.030890 -0.038668 -0.166911
v 0.030890 -0.038668 -0.166911
v 0.024383 -0.033479 -0.150642
v 0.037680 -0.035402 -0.151827
v 0.036420 -0.035062 -0.149559
v 0.038630 -0.035746 -0.154241
v 0.040952 -0.038943 -0.166363
v 0.040952 -0.038943 -0.166363
v 0.042995 -0.040557 -0.178484
v 0.042995 -0.040855 -0.180854
v 0.042705 -0.041144 -0.183242
v 0.042120 -0.041415 -0.185597
v 0.041252 -0.041663 -0.187865
v 0.040121 -0.041884 -0.189997
v 0.038762 -0.042071 -0.191952
v 0.020267 -0.041869 -0.196636
v 0.019564 -0.043723 -0.211598
v 0.019564 -0.043723 -0.211598
v 0.028478 -0.042955 -0.202463
v 0.022080 -0.032894 -0.146780
v 0.022298 -0.033016 -0.147671
v 0.022677 -0.033137 -0.148505
vn 0.9913 -0.0263 0.1288
vn 0.9913 -0.0263 0.1287
vn 0.9521 -0.0024 0.3056
vn 0.9436 0.0013 0.3311
vn 0.8760 0.0232 0.4818
vn 0.8470 0.0305 0.5307
vn 0.7617 0.0487 0.6461
vn 0.7019 0.0593 0.7098
vn 0.6131 0.0728 0.7867
vn 0.5159 0.0853 0.8524
vn 0.4384 0.0938 0.8939
vn 0.3041 0.1062 0.9467
vn 0.2493 0.1105 0.9621
vn 0.0852 0.1209 0.9890
vn 0.0582 0.1223 0.9908
vn -0.1243 0.1292 0.9838
vn -0.3027 0.1319 0.9439
vn -0.3283 0.1318 0.9353
vn -0.4805 0.1298 0.8673
vn -0.4805 0.1298 0.8674
vn -0.6237 0.1239 0.7717
vn -0.6465 0.1225 0.7530
vn 0.9522 -0.0024 0.3056
vn 0.8759 0.0231 0.4819
vn -0.7509 0.1141 0.6504
vn -0.7889 0.1100 0.6046
vn -0.8553 0.1006 0.5082
vn -0.8978 0.0927 0.4306
vn -0.9323 0.0842 0.3517
vn -0.9675 0.0720 0.2425
vn -0.9800 0.0656 0.1878
vn -0.9974 0.0493 0.0525
vn -0.9986 0.0460 0.0258
vn -0.9913 0.0263 -0.1287
vn -0.9974 0.0493 0.0524
vn -0.7889 0.1099 0.6046
vn 0.9522 -0.0023 0.3056
vn 0.8760 0.0232 0.4817
vn 0.8470 0.0305 0.5306
vn 0.7015 0.0594 0.7102
vn 0.3039 0.1062 0.9468
vn 0.0851 0.1209 0.9890
vn 0.0582 0.1222 0.9908
vn -0.3027 0.1317 0.9439
vn -0.4805 0.1299 0.8673
vn -0.4806 0.1298 0.8673
vn -0.6238 0.1239 0.7717
vn 0.9522 -0.0022 0.3056
vn 0.0581 0.1222 0.9908
vn -0.7509 0.1141 0.6505
vn -0.8556 0.1006 0.5077
vn -0.9326 0.0842 0.3510
vn -0.9675 0.0719 0.2424
vn -0.9799 0.0657 0.1882
vn -0.9986 0.0461 0.0258
vn -0.9675 0.0720 0.2424
vn 0.5162 0.0852 0.8522
vn 0.8760 0.0231 0.4818
vn 0.7617 0.0488 0.6460
vn -0.3025 0.1318 0.9440
vn -0.8557 0.1006 0.5077
vn -0.9323 0.0842 0.3516
vn -0.9800 0.0657 0.1881
vn -0.9986 0.0460 0.0261
vn 0.8472 0.0306 0.5305
vn 0.7014 0.0594 0.7103
vn 0.6131 0.0727 0.7867
vn 0.5163 0.0852 0.8522
vn 0.3042 0.1062 0.9467
vn 0.0581 0.1221 0.9908
vn -0.3026 0.1319 0.9439
vn -0.6240 0.1239 0.7716
vn 0.6131 0.0729 0.7866
vn 0.0582 0.1224 0.9908
vn -0.3026 0.1318 0.9439
vn -0.7511 0.1141 0.6502
vn -0.8557 0.1006 0.5076
vn -0.9326 0.0841 0.3509
vn -0.9801 0.0656 0.1876
vn -0.9986 0.0460 0.0257
vn -0.9675 0.0719 0.2425
vn 0.8471 0.0306 0.5305
vn 0.7014 0.0594 0.7102
vn 0.3040 0.1062 0.9467
vn 0.0854 0.1209 0.9890
vn -0.3027 0.1318 0.9439
vn -0.8978 0.0926 0.4306
vn 0.9974 -0.0493 -0.0524
vn 0.9955 -0.0527 -0.0793
vn 0.9675 -0.0719 -0.2424
vn 0.9517 -0.0782 -0.2969
vn 0.8978 -0.0927 -0.4306
vn 0.8556 -0.1006 -0.5077
vn 0.7889 -0.1099 -0.6046
vn 0.7111 -0.1178 -0.6932
vn 0.6465 -0.1225 -0.7530
vn 0.5297 -0.1282 -0.8384
vn 0.4805 -0.1298 -0.8673
vn 0.3283 -0.1318 -0.9353
vn 0.3026 -0.1319 -0.9439
vn 0.1243 -0.1292 -0.9838
vn -0.0582 -0.1223 -0.9908
vn -0.0849 -0.1209 -0.9890
vn -0.2493 -0.1105 -0.9621
vn -0.4119 -0.0965 -0.9061
vn -0.4384 -0.0938 -0.8939
vn 0.1243 -0.1293 -0.9838
vn -0.0581 -0.1223 -0.9908
vn -0.5654 -0.0792 -0.8210
vn -0.6131 -0.0728 -0.7867
vn -0.7018 -0.0593 -0.7099
vn -0.7617 -0.0487 -0.6461
vn -0.8153 -0.0379 -0.5778
vn -0.8760 -0.0232 -0.4818
vn -0.9017 -0.0158 -0.4321
vn -0.9522 0.0023 -0.3056
vn -0.9600 0.0058 -0.2801
vn -0.8759 -0.0231 -0.4819
vn -0.6131 -0.0727 -0.7867
vn -0.9913 0.0262 -0.1287
vn -0.8152 -0.0379 -0.5779
vn -0.7618 -0.0487 -0.6460
vn -0.7015 -0.0594 -0.7102
vn -0.5655 -0.0792 -0.8209
vn -0.4127 -0.0964 -0.9058
vn -0.2495 -0.1105 -0.9621
vn -0.0851 -0.1209 -0.9890
vn 0.3025 -0.1319 -0.9440
vn 0.4806 -0.1298 -0.8673
vn 0.5297 -0.1282 -0.8385
vn 0.6466 -0.1226 -0.7529
vn 0.7114 -0.1177 -0.6929
vn 0.7889 -0.1106 -0.6046
vn 0.8557 -0.1006 -0.5076
vn 0.8977 -0.0930 -0.4308
vn 0.9955 -0.0526 -0.0793
vn 0.9974 -0.0493 -0.0525
vn 0.9914 -0.0258 0.1286
vn 0.9974 -0.0494 -0.0527
vn 0.9913 -0.0261 0.1286
vn 0.6466 -0.1225 -0.7529
vn 0.7889 -0.1098 -0.6046
vn 0.8977 -0.0926 -0.4308
vn 0.9674 -0.0720 -0.2427
vn -0.4383 -0.0938 -0.8939
vn -0.6131 -0.0737 -0.7866
vn -0.7616 -0.0489 -0.6461
vn -0.8760 -0.0231 -0.4818
vn -0.9914 0.0257 -0.1287
vn -0.9976 0.0488 0.0485
vn -0.9712 0.0703 0.2278
vn -0.9130 0.0892 0.3981
vn -0.8238 0.1054 0.5569
vn -0.7133 0.1176 0.6909
vn -0.5808 0.1262 0.8042
vn -0.4285 0.1309 0.8940
vn -0.2635 0.1317 0.9556
vn -0.0763 0.1278 0.9889
vn 0.1107 0.1195 0.9866
vn 0.2933 0.1071 0.9500
vn 0.4619 0.0914 0.8822
vn 0.5158 0.0853 0.8525
vn 0.6112 0.0730 0.7881
vn 0.7018 0.0593 0.7099
vn 0.8471 0.0303 0.5306
vn 0.9913 -0.0262 0.1287
vn 0.9216 0.0094 0.3880
vn 0.8430 0.0315 0.5370
vn 0.7386 0.0530 0.6720
vn -0.9905 0.0255 -0.1350
vn -0.9415 -0.0021 -0.3370
vn -0.8541 -0.0288 -0.5193
vn -0.8471 -0.0305 -0.5305
vn -0.7139 -0.0573 -0.6979
vn -0.7018 -0.0592 -0.7099
vn -0.5401 -0.0824 -0.8376
vn -0.5159 -0.0853 -0.8524
vn -0.4063 -0.0970 -0.9086
vn -0.3041 -0.1063 -0.9467
vn -0.2584 -0.1098 -0.9598
vn -0.0852 -0.1209 -0.9890
vn -0.1175 -0.1191 -0.9859
vn 0.0293 -0.1261 -0.9916
vn 0.1932 -0.1309 -0.9724
vn 0.3550 -0.1314 -0.9256
vn 0.4805 -0.1298 -0.8674
vn 0.4772 -0.1299 -0.8692
vn 0.5915 -0.1256 -0.7964
vn 0.6240 -0.1241 -0.7715
vn 0.6907 -0.1193 -0.7132
vn 0.7513 -0.1143 -0.6500
vn 0.7782 -0.1111 -0.6181
vn 0.8556 -0.1002 -0.5078
vn 0.8621 -0.0995 -0.4969
vn 0.9265 -0.0858 -0.3663
vn 0.9326 -0.0839 -0.3511
vn 0.9807 -0.0652 -0.1841
vn 0.9800 -0.0656 -0.1878
vn 0.9986 -0.0461 -0.0258
vn 0.9991 -0.0429 -0.0002
vn 0.7889 -0.1100 -0.6046
vn 0.3027 -0.1319 -0.9439
vn -0.0583 -0.1224 -0.9908
vn -0.6131 -0.0729 -0.7866
vn -0.0425 -0.9913 0.1248
vn 0.2794 -0.9231 -0.2642
vn 0.2377 -0.9478 -0.2125
vn 0.2918 -0.9147 -0.2795
vn 0.3122 -0.8998 -0.3049
vn 0.3211 -0.8927 -0.3161
vn 0.2641 -0.9328 -0.2453
vn 0.2519 -0.9400 -0.2300
vn 0.2376 -0.9478 -0.2125
vn 0.2450 -0.9439 -0.2215
vn 0.2404 -0.9464 -0.2159
vn 0.2385 -0.9474 -0.2135
vn 0.1511 -0.9827 -0.1066
vn 0.1511 -0.9827 -0.1067
vn 0.0561 -0.9984 0.0079
vn 0.0156 -0.9983 0.0561
vn 0.0334 -0.9988 0.0350
vn 0.2385 -0.9474 -0.2134
vn 0.1891 -0.9700 -0.1529
vn 0.2561 -0.9376 -0.2352
vn 0.3042 -0.9058 -0.2950
vn 0.2405 -0.9463 -0.2160
vn 0.2447 -0.9440 -0.2211
vn 0.2526 -0.9396 -0.2310
vn 0.2633 -0.9333 -0.2441
vn 0.2750 -0.9260 -0.2586
vn 0.2881 -0.9173 -0.2749
vn 0.0757 -0.9970 -0.0156
vn 0.0560 -0.9984 0.0080
vn -0.0424 -0.9913 0.1248
vn 0.0213 -0.9986 0.0492
vn 0.0118 -0.9981 0.0607
vn -0.0068 -0.9966 0.0827
vn 0.0416 -0.9988 0.0253
vn 0.0493 -0.9987 0.0160
vn 0.0619 -0.9981 0.0008
vn 0.1512 -0.9827 -0.1067
vn 0.0725 -0.9973 -0.0117
vn 0.0792 -0.9967 -0.0199
vn 0.1984 -0.9663 -0.1643
vn -0.9955 0.0526 0.0793
vn -0.9674 0.0720 0.2427
vn -0.9517 0.0782 0.2970
vn -0.8977 0.0927 0.4307
vn -0.8554 0.1006 0.5080
vn -0.7889 0.1106 0.6046
vn -0.7113 0.1177 0.6930
vn -0.5297 0.1282 0.8385
vn -0.4807 0.1298 0.8672
vn 0.2494 0.1105 0.9621
vn 0.4127 0.0964 0.9058
vn -0.8977 0.0926 0.4308
vn -0.7889 0.1097 0.6046
vn -0.6466 0.1224 0.7529
vn -0.4808 0.1298 0.8672
vn 0.0581 0.1223 0.9908
vn 0.5655 0.0791 0.8209
vn 0.6130 0.0722 0.7868
vn 0.7616 0.0486 0.6462
vn 0.8150 0.0379 0.5782
vn 0.9017 0.0158 0.4321
vn 0.9600 -0.0058 0.2801
vn 0.9913 -0.0259 0.1287
vn 0.7617 0.0488 0.6461
vn 0.6131 0.0730 0.7867
vn 0.4382 0.0936 0.8940
vn 0.2188 -0.9572 -0.1893
vn 0.2332 -0.9501 -0.2070
vn 0.2338 -0.9498 -0.2078
vn 0.2532 -0.9393 -0.2316
vn 0.2736 -0.9269 -0.2570
vn 0.3212 -0.8927 -0.3162
vn 0.2977 -0.9105 -0.2869
vn 0.2064 -0.9628 -0.1741
vn 0.1969 -0.9669 -0.1624
vn 0.1904 -0.9695 -0.1544
vn 0.1871 -0.9708 -0.1504
vn 0.1870 -0.9708 -0.1502
vn 0.0559 -0.9984 0.0080
vn 0.0557 -0.9984 0.0083
vn 0.0385 -0.9988 0.0288
vn 0.0740 -0.9972 -0.0135
vn 0.1103 -0.9922 -0.0574
vn 0.1868 -0.9708 -0.1501
vn 0.2331 -0.9502 -0.2069
vn 0.2181 -0.9576 -0.1884
vn 0.2057 -0.9632 -0.1731
vn 0.1960 -0.9673 -0.1612
vn 0.1899 -0.9697 -0.1539
vn 0.2497 -0.9412 -0.2274
vn 0.2637 -0.9331 -0.2445
vn 0.2674 -0.9308 -0.2491
vn 0.2854 -0.9192 -0.2715
vn 0.3035 -0.9063 -0.2941
vn 0.0563 -0.9984 0.0083
vn -0.0389 -0.9919 0.1206
vn 0.0565 -0.9984 0.0073
vn 0.1136 -0.9916 -0.0613
vn 0.1818 -0.9728 -0.1439
vn 0.2490 -0.9417 -0.2263
vn 0.0362 -0.9988 0.0316
vn -0.7100 0.1178 0.6943
vn -0.8295 0.1046 0.5486
vn -0.9195 0.0876 0.3832
vn -0.9195 0.0877 0.3832
vn 0.6422 -0.1228 -0.7566
vn 0.0425 0.9913 -0.1248
vn 0.0424 0.9913 -0.1248
vn 0.0425 0.9913 -0.1249
vn 0.0425 0.9913 -0.1250
vn 0.0425 0.9912 -0.1250
vn 0.0424 0.9913 -0.1247
vn 0.0424 0.9912 -0.1250
vn -0.7654 -0.0480 -0.6418
vn -0.7654 -0.0481 -0.6418
vn -0.7653 -0.0480 -0.6418
vn -0.7654 -0.0480 -0.6417
vn -0.7737 -0.0464 -0.6318
vn -0.8305 -0.0344 -0.5559
vn -0.8420 -0.0317 -0.5385
vn -0.8970 -0.0172 -0.4417
vn -0.9050 -0.0146 -0.4251
vn -0.9496 0.0012 -0.3134
vn -0.9525 0.0025 -0.3044
vn -0.9689 0.0104 -0.2472
vn -0.9835 0.0195 -0.1797
vn -0.8580 -0.0278 -0.5129
vn -0.9287 -0.0069 -0.3708
vn -0.9287 -0.0069 -0.3707
vn 0.7653 0.0480 0.6418
vn 0.7654 0.0480 0.6418
vn 0.7654 0.0481 0.6418
vn -0.7101 0.1178 0.6942
vn -0.9195 0.0876 0.3833
vn -0.2666 0.1316 0.9548
vn -0.4118 0.1312 0.9018
vn -0.2667 0.1316 0.9548
vn -0.2665 0.1316 0.9548
vn -0.1088 0.1287 0.9857
vn -0.1089 0.1287 0.9857
vn 0.0567 0.1223 0.9909
vn 0.0567 0.1224 0.9909
vn 0.2219 0.1125 0.9686
vn 0.3808 0.0994 0.9193
vn 0.3808 0.0995 0.9193
vn 0.5282 0.0838 0.8450
vn 0.5281 0.0838 0.8450
vn 0.6571 0.0664 0.7509
vn 0.6572 0.0664 0.7508
vn 0.7653 0.0480 0.6419
vn 0.6573 0.0664 0.7507
vn 0.0561 0.1224 0.9909
vn 0.3811 0.0994 0.9192
vn 0.7653 0.0481 0.6419
vn -0.0425 -0.9913 0.1249
vn -0.0424 -0.9913 0.1249
vn -0.0425 -0.9912 0.1252
vn -0.0425 -0.9912 0.1250
vn -0.0426 -0.9912 0.1250
vn -0.0424 -0.9913 0.1247
vn -0.9885 0.0236 -0.1495
vn -0.9984 0.0467 0.0307
vn -0.9885 0.0236 -0.1492
vn -0.9885 0.0236 -0.1493
vn -0.9449 -0.0007 -0.3273
vn -0.8690 -0.0250 -0.4942
vn -0.8689 -0.0250 -0.4943
vn -0.8690 -0.0250 -0.4941
vn -0.8841 0.0955 0.4574
vn -0.8842 0.0955 0.4573
vn -0.9441 0.0804 0.3196
vn -0.9367 0.0829 0.3401
vn -0.9795 0.0659 0.1902
vn -0.9830 0.0631 0.1723
vn -0.9982 0.0473 0.0360
vn -0.9987 0.0454 0.0212
vn -0.9982 0.0369 -0.0466
vn -0.9914 0.0258 -0.1286
vn -0.9830 0.0638 0.1723
vn -0.9443 0.0806 0.3190
vn -0.9913 0.0261 -0.1287
vn -0.9913 0.0262 -0.1289
vn -0.9913 0.0263 -0.1286
vn -0.9914 0.0264 -0.1286
vn -0.9914 0.0263 -0.1284
vn -0.9914 0.0264 -0.1284
vn -0.9914 0.0262 -0.1284
vn 0.6388 -0.1230 -0.7595
vn 0.5828 -0.1260 -0.8028
vn 0.7632 -0.1128 -0.6362
vn 0.6490 -0.1224 -0.7509
vn 0.4585 -0.1303 -0.8791
vn 0.3539 -0.1317 -0.9260
vn 0.5112 -0.1290 -0.8497
vn 0.2265 -0.1313 -0.9651
vn 0.1830 -0.1305 -0.9744
vn 0.0948 -0.1282 -0.9872
vn 0.0063 -0.1252 -0.9921
vn -0.0377 -0.1232 -0.9917
vn -0.1679 -0.1160 -0.9790
vn -0.1670 -0.1161 -0.9791
vn -0.3319 -0.1039 -0.9376
vn -0.4081 -0.0972 -0.9078
vn -0.4800 -0.0893 -0.8727
vn -0.6154 -0.0724 -0.7849
vn -0.6153 -0.0725 -0.7849
vn -0.7395 -0.0528 -0.6711
vn -0.7947 -0.0423 -0.6056
vn -0.8452 -0.0310 -0.5336
vn -0.8681 -0.0252 -0.4958
vn -0.9262 -0.0078 -0.3771
vn -0.9262 -0.0078 -0.3770
vn -0.9778 0.0156 -0.2088
vn -0.9859 0.0214 -0.1658
vn -0.9986 0.0382 -0.0367
vn -0.9976 0.0487 0.0484
vn -0.9896 0.0590 0.1314
vn -0.9653 0.0730 0.2507
vn -0.9543 0.0772 0.2888
vn -0.8938 0.0935 0.4385
vn -0.8938 0.0935 0.4386
vn -0.8056 0.1078 0.5826
vn -0.7791 0.1113 0.6169
vn -0.6903 0.1194 0.7136
vn -0.6235 0.1240 0.7719
vn -0.5516 0.1274 0.8243
vn -0.4358 0.1313 0.8904
vn -0.3956 0.1315 0.9090
vn -0.2297 0.1313 0.9644
vn -0.2297 0.1312 0.9644
vn -0.0621 0.1273 0.9899
vn -0.0210 0.1258 0.9918
vn 0.1000 0.1201 0.9877
vn 0.1793 0.1151 0.9770
vn 0.2595 0.1097 0.9595
vn 0.3794 0.0996 0.9198
vn 0.4188 0.0958 0.9030
vn 0.5704 0.0785 0.8176
vn 0.5705 0.0785 0.8175
vn 0.7065 0.0585 0.7053
vn 0.7373 0.0534 0.6734
vn 0.8204 0.0367 0.5707
vn 0.8673 0.0254 0.4972
vn 0.9072 0.0141 0.4205
vn 0.9532 -0.0028 0.3024
vn 0.9648 -0.0082 0.2627
vn 0.9941 -0.0295 0.1044
vn 0.9699 -0.0109 0.2433
vn 0.9941 -0.0294 0.1045
vn 0.3126 -0.1318 -0.9407
vn 0.1220 -0.1291 -0.9841
vn -0.0198 -0.1241 -0.9921
vn -0.1660 -0.1162 -0.9793
vn -0.3117 -0.1055 -0.9443
vn -0.4520 -0.0923 -0.8872
vn -0.5818 -0.0770 -0.8097
vn -0.6969 -0.0601 -0.7146
vn -0.7942 -0.0424 -0.6062
vn -0.8722 -0.0242 -0.4886
vn -0.9325 -0.0055 -0.3612
vn -0.9750 0.0138 -0.2220
vn -0.9967 0.0333 -0.0745
vn -0.9957 0.0522 0.0762
vn -0.9718 0.0700 0.2253
vn -0.9260 0.0860 0.3675
vn -0.8611 0.0997 0.4986
vn -0.7805 0.1110 0.6153
vn -0.6843 0.1199 0.7193
vn -0.5702 0.1266 0.8117
vn -0.4411 0.1307 0.8879
vn -0.2998 0.1318 0.9448
vn -0.1519 0.1299 0.9798
vn -0.0023 0.1250 0.9922
vn 0.1441 0.1175 0.9826
vn 0.2828 0.1079 0.9531
vn 0.4158 0.0961 0.9043
vn 0.5445 0.0818 0.8347
vn 0.6638 0.0654 0.7451
vn 0.7693 0.0473 0.6371
vn 0.8571 0.0281 0.5145
vn 0.9243 0.0085 0.3816
vn 0.8153 0.0378 0.5778
vn 0.5654 0.0792 0.8210
vn 0.4119 0.0965 0.9061
vn 0.0853 0.1209 0.9890
vn -0.5297 0.1282 0.8384
vn -0.7111 0.1178 0.6932
vn -0.9517 0.0781 0.2970
vn 0.9799 -0.0657 -0.1881
vn 0.9324 -0.0842 -0.3514
vn 0.8553 -0.1006 -0.5083
vn 0.7509 -0.1141 -0.6505
vn 0.6238 -0.1239 -0.7717
vn 0.4808 -0.1298 -0.8672
vn 0.4805 -0.1297 -0.8673
vn 0.3027 -0.1318 -0.9439
vn -0.3042 -0.1062 -0.9467
vn -0.5162 -0.0852 -0.8522
vn -0.7019 -0.0593 -0.7098
vn -0.9436 -0.0013 -0.3311
vn -0.0581 -0.1222 -0.9908
vn 0.9675 -0.0720 -0.2424
vn 0.9986 -0.0461 -0.0257
vn 0.9801 -0.0656 -0.1875
vn 0.9675 -0.0720 -0.2425
vn 0.9326 -0.0841 -0.3509
vn 0.8555 -0.1006 -0.5079
vn 0.7512 -0.1141 -0.6501
vn 0.6240 -0.1239 -0.7716
vn 0.4804 -0.1298 -0.8674
vn 0.3026 -0.1318 -0.9439
vn -0.0853 -0.1209 -0.9890
vn -0.5163 -0.0852 -0.8522
vn -0.7020 -0.0593 -0.7097
vn -0.8470 -0.0305 -0.5307
vn -0.9913 0.0262 -0.1288
vn -0.9913 0.0263 -0.1288
vn -0.0582 -0.1222 -0.9908
vn -0.7617 -0.0487 -0.6460
vn -0.8760 -0.0232 -0.4817
vn 0.9986 -0.0460 -0.0259
vn 0.9800 -0.0657 -0.1881
vn 0.9325 -0.0842 -0.3513
vn 0.8556 -0.1006 -0.5078
vn 0.6465 -0.1226 -0.7530
vn 0.3027 -0.1317 -0.9439
vn -0.9522 0.0024 -0.3056
vn 0.9986 -0.0460 -0.0256
vn 0.9800 -0.0656 -0.1879
vn 0.9323 -0.0842 -0.3516
vn 0.8558 -0.1006 -0.5075
vn -0.8471 -0.0306 -0.5305
vn 0.3027 -0.1320 -0.9439
vn -0.7617 -0.0488 -0.6461
vn -0.8759 -0.0231 -0.4818
vn 0.9675 -0.0719 -0.2425
vn 0.9799 -0.0657 -0.1884
vn 0.9325 -0.0841 -0.3511
vn 0.4805 -0.1299 -0.8673
vn -0.9521 0.0021 -0.3057
vn 0.3028 -0.1320 -0.9439
vn -0.0425 -0.9913 0.1247
vn 0.8996 -0.0922 -0.4268
vn 0.8243 -0.1054 -0.5563
vn 0.7568 -0.1135 -0.6437
vn 0.7265 -0.1166 -0.6772
vn 0.6608 -0.1216 -0.7406
vn 0.6080 -0.1246 -0.7841
vn 0.5514 -0.1274 -0.8245
vn 0.4720 -0.1300 -0.8720
vn 0.4306 -0.1309 -0.8930
vn 0.3236 -0.1321 -0.9369
vn 0.3017 -0.1318 -0.9443
vn 0.1687 -0.1302 -0.9770
vn 0.1688 -0.1303 -0.9770
vn 0.0356 -0.1264 -0.9913
vn 0.1688 -0.1302 -0.9770
vn 0.0136 -0.1255 -0.9920
vn -0.1361 -0.1180 -0.9836
vn -0.2830 -0.1078 -0.9530
vn -0.3039 -0.1062 -0.9468
vn -0.4286 -0.0945 -0.8986
vn -0.4693 -0.0905 -0.8784
vn -0.5667 -0.0789 -0.8201
vn -0.6227 -0.0714 -0.7792
vn -0.6921 -0.0606 -0.7192
vn -0.7558 -0.0498 -0.6529
vn -0.7994 -0.0411 -0.5994
vn -0.8626 -0.0267 -0.5052
vn -0.8846 -0.0205 -0.4659
vn -0.9388 -0.0032 -0.3444
vn -0.9461 -0.0002 -0.3238
vn -0.9835 0.0195 -0.1796
vn -0.9461 -0.0003 -0.3238
vn 0.0139 -0.1255 -0.9920
vn -0.2831 -0.1079 -0.9530
vn -0.4284 -0.0950 -0.8986
vn -0.5668 -0.0791 -0.8201
vn -0.6922 -0.0608 -0.7191
vn -0.7994 -0.0413 -0.5993
vn -0.8847 -0.0208 -0.4657
vn 0.3235 -0.1319 -0.9370
vn 0.4720 -0.1297 -0.8720
vn 0.6080 -0.1248 -0.7840
vn 0.7265 -0.1162 -0.6773
vn -0.9973 0.0347 -0.0640
vn -0.9973 0.0347 -0.0643
vn -0.9973 0.0496 0.0543
vn -0.9828 0.0639 0.1735
vn -0.9536 0.0775 0.2910
vn -0.9102 0.0899 0.4042
vn -0.8538 0.1009 0.5107
vn -0.7856 0.1104 0.6088
vn -0.7083 0.1180 0.6959
vn -0.7857 0.1103 0.6087
vn -0.9973 0.0496 0.0540
vn -0.9973 0.0346 -0.0646
vn 0.8693 0.0250 0.4937
vn 0.8420 0.0317 0.5385
vn 0.8342 0.0336 0.5504
vn 0.8943 0.0179 0.4472
vn 0.9053 0.0148 0.4246
vn 0.8693 0.0249 0.4937
vn 0.9399 0.0028 0.3415
vn 0.9525 -0.0024 0.3044
vn 0.9835 -0.0195 0.1797
vn 0.9482 -0.0006 0.3176
vn 0.9835 -0.0195 0.1796
vn 0.9835 -0.0197 0.1798
vn 0.9836 -0.0193 0.1795
vn 0.9836 -0.0195 0.1796
vn 0.9973 -0.0347 0.0640
vn 0.9973 -0.0347 0.0643
vn 0.9973 -0.0496 -0.0543
vn 0.9973 -0.0494 -0.0538
vn 0.9828 -0.0640 -0.1735
vn 0.9828 -0.0638 -0.1730
vn 0.9536 -0.0775 -0.2910
vn 0.9102 -0.0899 -0.4042
vn 0.8538 -0.1009 -0.5107
vn 0.7858 -0.1103 -0.6085
vn 0.7856 -0.1104 -0.6089
vn 0.7083 -0.1180 -0.6959
vn 0.7856 -0.1104 -0.6088
vn 0.9973 -0.0495 -0.0540
vn -0.7083 0.1180 0.6960
vn 0.8996 -0.0923 -0.4268
vn 0.8996 -0.0923 -0.4269
vn 0.7083 -0.1180 -0.6960
vn -0.9885 0.0236 -0.1494
vn -0.9984 0.0466 0.0307
vn -0.9449 -0.0007 -0.3274
vn -0.8694 -0.0249 -0.4935
vt 0.000000 0.000000
vt -0.200000 0.000000
vt -0.000000 -0.029169
vt -0.100000 -0.033336
vt -0.000000 -0.058337
vt -0.100000 -0.066671
vt -0.000000 -0.087506
vt -0.100000 -0.100007
vt -0.000000 -0.116675
vt -0.100000 -0.133343
vt -0.000000 -0.145844
vt -0.100000 -0.166678
vt -0.000000 -0.175012
vt -0.100000 -0.200014
vt -0.000000 -0.204181
vt -0.100000 -0.233350
vt -0.000000 -0.233350
vt -0.000000 -0.262518
vt -0.100000 -0.266685
vt -0.000000 -0.291687
vt -0.100000 -0.291687
vt -0.100000 -0.316689
vt -0.200000 -0.291687
vt -0.200000 -0.320856
vt -0.200000 -0.029169
vt -0.200000 -0.058337
vt -0.200000 -0.087506
vt -0.200000 -0.116675
vt -0.200000 -0.145844
vt -0.200000 -0.175012
vt -0.200000 -0.204181
vt -0.200000 -0.233350
vt -0.200000 -0.262518
vt -0.100000 -0.341691
vt -0.200000 -0.350024
vt -0.100000 -0.366692
vt -0.200000 -0.379193
vt -0.100000 -0.391694
vt -0.200000 -0.408362
vt -0.100000 -0.416696
vt -0.200000 -0.437531
vt -0.100000 -0.441697
vt -0.200000 -0.466699
vt -0.000000 -0.466699
vt -0.000000 -0.437531
vt -0.000000 -0.408362
vt -0.000000 -0.379193
vt -0.000000 -0.350024
vt -0.000000 -0.320856
vt -0.000000 -0.029169
vt -0.000000 -0.058337
vt -0.000000 -0.087506
vt -0.000000 -0.116675
vt -0.000000 -0.145844
vt -0.000000 -0.175012
vt -0.000000 -0.204181
vt -0.000000 -0.233350
vt -0.000000 -0.262518
vt -0.000000 -0.291687
vt -0.000000 -0.437531
vt -0.000000 -0.408362
vt -0.000000 -0.379193
vt -0.000000 -0.350024
vt -0.000000 -0.320856
vt -0.000000 -0.029169
vt -0.000000 -0.058337
vt -0.000000 -0.087506
vt -0.000000 -0.116675
vt -0.000000 -0.145844
vt -0.000000 -0.175012
vt -0.000000 -0.204181
vt -0.000000 -0.233350
vt -0.000000 -0.262518
vt -0.000000 -0.291687
vt 0.000000 -0.466699
vt -0.000000 -0.437531
vt -0.000000 -0.408362
vt -0.000000 -0.379193
vt -0.000000 -0.350024
vt -0.000000 -0.320856
vt 0.000000 0.000000
vt -0.000000 -0.079551
vt -0.100000 -0.090915
vt -0.000000 -0.159102
vt -0.100000 -0.181831
vt -0.000000 -0.238653
vt -0.100000 -0.272746
vt -0.000000 -0.318204
vt -0.100000 -0.363662
vt -0.000000 -0.397755
vt -0.100000 -0.454577
vt -0.000000 -0.477306
vt -0.100000 -0.545493
vt 0.000000 -0.556857
vt -0.100000 -0.636408
vt 0.000000 -0.636408
vt 0.000000 -0.715959
vt -0.100000 -0.727323
vt 0.000000 -0.795510
vt -0.100000 -0.795510
vt -0.100000 -0.863697
vt -0.200000 -0.795510
vt -0.200000 -0.875061
vt -0.200000 -0.079551
vt -0.200000 -0.159102
vt -0.200000 -0.238653
vt -0.200000 -0.318204
vt -0.200000 -0.397755
vt -0.200000 -0.477306
vt -0.200000 -0.556857
vt -0.200000 -0.636408
vt -0.200000 -0.715959
vt -0.100000 -0.931883
vt -0.200000 -0.954612
vt -0.100000 -1.000070
vt -0.200000 -1.034163
vt -0.100000 -1.068256
vt -0.200000 -1.113714
vt -0.100000 -1.136443
vt -0.200000 -1.193265
vt -0.100000 -1.204629
vt -0.200000 -1.272816
vt 0.000000 -1.272816
vt 0.000000 -1.193265
vt 0.000000 -1.113714
vt 0.000000 -1.034163
vt 0.000000 -0.954612
vt 0.000000 -0.875061
vt -0.000000 -0.029169
vt -0.000000 -0.058337
vt -0.000000 -0.087506
vt -0.000000 -0.116675
vt -0.000000 -0.145844
vt -0.000000 -0.175012
vt -0.000000 -0.204181
vt -0.000000 -0.233350
vt -0.000000 -0.262518
vt -0.000000 -0.291687
vt -0.000000 -0.466699
vt -0.000000 -0.437531
vt -0.000000 -0.408362
vt -0.000000 -0.379193
vt -0.000000 -0.350024
vt -0.000000 -0.320856
vt 0.000000 0.000000
vt -0.210000 0.000000
vt -0.000000 -0.178548
vt -0.105000 -0.204055
vt -0.000000 -0.357096
vt -0.105000 -0.408109
vt -0.000000 -0.535643
vt -0.105000 -0.612164
vt -0.000000 -0.714191
vt -0.105000 -0.816218
vt -0.000000 -0.892739
vt -0.105000 -1.020273
vt -0.000000 -1.071287
vt -0.105000 -1.224328
vt -0.000000 -1.249835
vt -0.105000 -1.428382
vt -0.000000 -1.428382
vt -0.000000 -1.606930
vt -0.105000 -1.632437
vt -0.000000 -1.785478
vt -0.105000 -1.785478
vt -0.105000 -1.938519
vt -0.210000 -1.785478
vt -0.210000 -1.964025
vt -0.210000 -0.178548
vt -0.210000 -0.357096
vt -0.210000 -0.535643
vt -0.210000 -0.714191
vt -0.210000 -0.892739
vt -0.210000 -1.071287
vt -0.210000 -1.249835
vt -0.210000 -1.428382
vt -0.210000 -1.606930
vt -0.105000 -2.091560
vt -0.210000 -2.142573
vt -0.105000 -2.244601
vt -0.210000 -2.321121
vt -0.105000 -2.397642
vt -0.210000 -2.499669
vt -0.105000 -2.550683
vt -0.210000 -2.678217
vt -0.105000 -2.703724
vt -0.210000 -2.856765
vt 0.000000 -2.856765
vt -0.000000 -2.678217
vt -0.000000 -2.499669
vt -0.000000 -2.321121
vt -0.000000 -2.142573
vt -0.000000 -1.964025
vt -0.550000 0.026517
vt -0.550000 0.000000
vt 0.225000 0.022729
vt 1.000000 0.000000
vt 1.000000 0.026517
vt 0.225000 0.045458
vt 1.000000 0.053034
vt 0.225000 0.068187
vt 1.000000 0.079551
vt 0.225000 0.090915
vt 1.000000 0.106068
vt 0.225000 0.113644
vt 1.000000 0.132585
vt 0.225000 0.136373
vt 1.000000 0.159102
vt 0.225000 0.159102
vt 0.225000 0.181831
vt -0.550000 0.159102
vt -0.550000 0.185619
vt 0.225000 0.212136
vt -0.550000 0.212136
vt -0.550000 0.238653
vt 0.225000 0.242441
vt -0.550000 0.265170
vt 0.225000 0.272746
vt -0.550000 0.291687
vt 0.225000 0.303051
vt -0.550000 0.318204
vt 0.225000 0.333357
vt -0.550000 0.344721
vt 0.225000 0.363662
vt -0.550000 0.371238
vt 0.225000 0.393967
vt -0.550000 0.397755
vt -0.550000 0.424272
vt 1.000000 0.397755
vt 1.000000 0.424272
vt 1.000000 0.185619
vt 1.000000 0.212136
vt 1.000000 0.238653
vt 1.000000 0.265170
vt 1.000000 0.291687
vt 1.000000 0.318204
vt 1.000000 0.344721
vt 1.000000 0.371238
vt -0.550000 0.132585
vt -0.550000 0.106068
vt -0.550000 0.079551
vt -0.550000 0.053034
vt -0.212826 0.000000
vt -0.000000 0.000000
vt -0.190420 0.060579
vt -0.000000 0.061873
vt -0.172267 0.119000
vt -0.000000 0.123746
vt -0.158922 0.174689
vt -0.000000 0.185619
vt -0.150038 0.229784
vt -0.000000 0.247492
vt -0.145775 0.281901
vt -0.000000 0.309365
vt -0.145559 0.334668
vt -0.000000 0.371238
vt -0.149463 0.389600
vt -0.000000 0.433111
vt -0.157538 0.446543
vt -0.000000 0.494984
vt -0.171073 0.511729
vt -0.000000 0.556857
vt -0.189391 0.574021
vt -0.000000 0.618730
vt -0.212650 0.632919
vt -0.000000 0.680603
vt -0.240086 0.688510
vt -0.216381 0.707120
vt -0.271043 0.741759
vt -0.000000 0.742476
vt -0.216381 0.777832
vt -0.000000 0.804349
vt -0.216381 0.848544
vt -0.000000 0.866222
vt -0.216381 0.919256
vt -0.000000 0.928095
vt -0.432761 0.989968
vt 0.000000 0.989968
vt -0.378529 0.899378
vt -0.341061 0.846125
vt -0.304828 0.793788
vt -0.213699 -0.002206
vt 0.000000 0.000000
vt 0.000000 -0.061873
vt -0.245899 -0.072752
vt 0.000000 -0.123746
vt -0.282669 -0.137310
vt -0.259615 -0.141424
vt -0.329282 -0.206969
vt -0.259615 -0.212136
vt -0.378529 -0.274271
vt -0.259615 -0.282848
vt -0.410515 -0.320104
vt -0.259615 -0.353560
vt -0.439249 -0.368335
vt -0.259615 -0.424272
vt -0.461556 -0.413722
vt -0.480533 -0.462207
vt -0.259615 -0.494984
vt -0.497182 -0.519104
vt -0.259615 -0.565696
vt -0.509183 -0.574819
vt -0.259615 -0.618730
vt -0.515278 -0.617551
vt -0.518293 -0.659341
vt -0.259615 -0.671764
vt -0.518288 -0.698542
vt -0.259615 -0.724798
vt -0.515459 -0.737298
vt -0.259615 -0.777832
vt -0.508749 -0.781587
vt -0.498396 -0.825804
vt -0.259615 -0.830866
vt -0.479146 -0.885123
vt -0.259615 -0.883900
vt -0.259615 -0.936934
vt 0.000000 -0.928095
vt -0.000000 -0.989968
vt -0.454064 -0.945493
vt -0.432761 -0.989968
vt 0.000000 -0.866222
vt 0.000000 -0.804349
vt 0.000000 -0.742476
vt 0.000000 -0.680603
vt 0.000000 -0.618730
vt 0.000000 -0.556857
vt 0.000000 -0.494984
vt 0.000000 -0.433111
vt 0.000000 -0.371238
vt 0.000000 -0.309365
vt 0.000000 -0.247492
vt 0.000000 -0.185619
vt -0.147496 -0.027294
vt -0.150000 0.000000
vt -0.350000 0.000000
vt -0.147496 0.027294
vt -0.344157 0.063687
vt -0.139468 0.055214
vt -0.325426 0.128833
vt -0.125549 0.082081
vt -0.292948 0.191523
vt -0.106066 0.106066
vt -0.247487 0.247487
vt -0.082081 0.125549
vt -0.191523 0.292948
vt -0.055214 0.139468
vt -0.128833 0.325426
vt -0.027294 0.147496
vt -0.063687 0.344157
vt -0.000000 0.150000
vt -0.000000 0.350000
vt 0.063687 0.344157
vt 0.027294 0.147496
vt 0.128833 0.325426
vt 0.055214 0.139468
vt 0.191523 0.292948
vt 0.082081 0.125549
vt 0.247487 0.247487
vt 0.106066 0.106066
vt 0.292948 0.191523
vt 0.125549 0.082081
vt 0.325426 0.128833
vt 0.139468 0.055214
vt 0.344157 0.063687
vt 0.147496 0.027294
vt 0.350000 0.000000
vt 0.150000 0.000000
vt 0.344157 -0.063687
vt 0.147496 -0.027294
vt 0.139468 -0.055214
vt 0.325426 -0.128833
vt 0.125549 -0.082081
vt 0.292948 -0.191523
vt 0.106066 -0.106066
vt 0.247487 -0.247487
vt 0.082081 -0.125549
vt 0.191523 -0.292948
vt 0.055214 -0.139468
vt 0.128833 -0.325426
vt 0.027294 -0.147496
vt 0.063687 -0.344157
vt 0.000000 -0.150000
vt 0.000000 -0.350000
vt -0.027294 -0.147496
vt -0.063687 -0.344157
vt -0.128833 -0.325426
vt -0.055214 -0.139468
vt -0.191523 -0.292948
vt -0.082081 -0.125549
vt -0.247487 -0.247487
vt -0.106066 -0.106066
vt -0.292948 -0.191523
vt -0.125549 -0.082081
vt -0.325426 -0.128833
vt -0.139468 -0.055214
vt -0.344157 -0.063687
vt 0.143961 0.766862
vt 0.285274 0.829342
vt 0.101608 0.794028
vt 0.031320 1.000004
vt 0.000000 0.834207
vt 0.000000 1.000176
vt 0.195949 0.720279
vt 0.237627 0.664460
vt 0.285274 0.622047
vt 0.260760 0.617628
vt 0.276057 0.567713
vt 0.282570 0.522814
vt 0.570547 0.414700
vt 0.570547 0.622047
vt 0.873754 0.414700
vt 0.873754 0.622047
vt 0.999366 0.793836
vt 0.944291 0.829215
vt 0.282588 0.477448
vt 0.285274 0.414700
vt 0.570547 0.311026
vt 0.285274 0.311026
vt 0.570547 0.207352
vt 0.285274 0.207352
vt 0.570547 0.103678
vt 0.285274 0.103678
vt 0.446632 0.000004
vt 0.223242 0.000004
vt 0.058936 0.185438
vt 0.000000 0.000004
vt 0.000000 0.165801
vt 0.275635 0.430398
vt 0.261749 0.384898
vt 0.234944 0.331130
vt 0.198896 0.282985
vt 0.159237 0.245038
vt 0.114344 0.213353
vt 0.811812 0.000004
vt 0.873754 0.103678
vt 0.873754 0.207352
vt 0.873754 0.311026
vt 1.176961 0.000004
vt 1.176961 1.658785
vt 0.981617 1.005352
vt 1.011247 1.265662
vt 1.068125 1.448700
vt 0.873754 0.829228
vt 0.918959 0.846982
vt 0.895130 0.866802
vt 0.855093 0.909082
vt 0.570547 0.829287
vt 0.822099 0.957061
vt 0.800843 1.000004
vt 0.416089 1.000004
vt 1.000000 -0.026517
vt 0.225000 -0.030305
vt 1.000000 -0.053034
vt 0.225000 -0.060610
vt 1.000000 -0.079551
vt 0.225000 -0.090915
vt 1.000000 -0.106068
vt 0.225000 -0.121221
vt 1.000000 -0.132585
vt 0.225000 -0.151526
vt 1.000000 -0.159102
vt 0.225000 -0.181831
vt 1.000000 -0.185619
vt 0.225000 -0.212136
vt 1.000000 -0.212136
vt 1.000000 -0.238653
vt 0.225000 -0.242441
vt 1.000000 -0.265170
vt 0.225000 -0.265170
vt 0.225000 -0.287899
vt -0.550000 -0.265170
vt -0.550000 -0.291687
vt -0.550000 -0.026517
vt -0.550000 -0.053034
vt -0.550000 -0.079551
vt -0.550000 -0.106068
vt -0.550000 -0.132585
vt -0.550000 -0.159102
vt -0.550000 -0.185619
vt -0.550000 -0.212136
vt -0.550000 -0.238653
vt 0.225000 -0.310628
vt -0.550000 -0.318204
vt 0.225000 -0.333357
vt -0.550000 -0.344721
vt 0.225000 -0.356085
vt -0.550000 -0.371238
vt 0.225000 -0.378814
vt -0.550000 -0.397755
vt 0.225000 -0.401543
vt -0.550000 -0.424272
vt 1.000000 -0.424272
vt 1.000000 -0.397755
vt 1.000000 -0.371238
vt 1.000000 -0.344721
vt 1.000000 -0.318204
vt 1.000000 -0.291687
vt -0.912651 2.776853
vt -1.162666 2.710623
vt -0.858476 2.738343
vt -0.841733 2.710623
vt -0.856422 2.737151
vt -0.783264 2.704432
vt -0.841733 2.621495
vt -0.704991 2.686440
vt -0.520801 2.532367
vt -0.612370 2.683389
vt -0.520801 2.698164
vt -1.162666 2.799341
vt -0.958809 2.824570
vt -0.994240 2.878711
vt -1.162666 2.888878
vt -1.018644 2.938584
vt -1.030581 2.998484
vt -1.031208 3.059551
vt -1.162666 3.067133
vt -1.503774 3.067133
vt -1.503774 3.245388
vt -1.844882 2.805163
vt -1.503774 3.601901
vt -1.565131 3.798139
vt -1.440324 3.732893
vt -1.310451 3.676625
vt -1.162666 3.601901
vt -1.031633 3.590684
vt -1.162666 3.245388
vt -0.858902 3.326145
vt -0.915204 3.285671
vt -0.961920 3.236214
vt -0.998007 3.178635
vt -1.020231 3.120649
vt -0.796099 3.355797
vt -0.743304 3.544179
vt -0.729201 3.374356
vt -0.660124 3.382078
vt -0.520801 3.532539
vt -0.589910 3.379346
vt -0.520801 3.366570
vt -1.844882 3.958413
vt -1.503774 2.888878
vt -1.832656 2.798139
vt -1.503774 2.798729
vt -1.503774 2.710623
vt -1.298651 2.587788
vt -1.162666 2.621495
vt -1.050514 2.545675
vt -0.799304 2.532367
vt -1.573368 2.673350
vt -0.000000 0.000000
vt -0.275000 0.265764
vt -0.000000 0.265764
vt -0.000000 0.531528
vt -0.550000 0.531528
vt -0.550000 0.265764
vt -1.068580 0.550000
vt -1.068580 0.000000
vt -0.534290 0.275000
vt -0.000000 0.000000
vt 0.000000 0.550000
vt -0.201460 -0.114044
vt -0.203964 -0.086750
vt -0.548118 0.069711
vt -0.201460 -0.059455
vt -0.193432 -0.031536
vt -0.179514 -0.004668
vt -0.160030 0.019316
vt -0.202759 0.604525
vt -0.136046 0.038800
vt -0.109178 0.052719
vt -0.081259 0.060746
vt -0.053964 0.063250
vt -0.026670 0.060746
vt -0.155959 0.665995
vt 0.001250 0.052719
vt -0.097822 0.721503
vt -0.029602 0.768085
vt 0.046448 0.803197
vt 0.028117 0.038800
vt 0.127293 0.825121
vt 0.209501 0.833224
vt 0.519069 0.595812
vt 0.289712 0.828010
vt 0.365062 0.810945
vt 0.052102 0.019316
vt 0.071585 -0.004668
vt 0.637310 0.062045
vt 0.085504 -0.031536
vt 0.436674 -0.248655
vt 0.093532 -0.059455
vt 0.096036 -0.086750
vt 0.093532 -0.114044
vt 0.085504 -0.141964
vt 0.071585 -0.168831
vt 0.285065 -0.530680
vt 0.052102 -0.192816
vt 0.012191 -0.238355
vt 0.028117 -0.212299
vt 0.001250 -0.226218
vt -0.026670 -0.234246
vt -0.053964 -0.236750
vt 0.180405 -0.833285
vt -0.081259 -0.234246
vt -0.109178 -0.226218
vt -0.136046 -0.212299
vt -0.717276 -0.253601
vt -0.160030 -0.192816
vt -0.179514 -0.168831
vt -0.193432 -0.141964
vt 0.679479 0.142580
vt 0.706690 0.230946
vt 0.717166 0.322812
vt 0.710800 0.413496
vt -0.411750 2.107538
vt -1.309431 2.687221
vt -0.472644 1.711099
vt -1.411349 2.364625
vt -1.457436 2.029465
vt -0.536319 0.486953
vt -1.561997 0.019282
vt -0.534803 0.253266
vt -1.560481 -0.214404
vt -0.505107 0.016319
vt -1.530785 -0.451352
vt -1.471997 -0.686446
vt -1.384458 -0.914351
vt -1.269803 -1.129892
vt -0.446319 -0.218776
vt -1.130865 -1.328442
vt -0.971452 -1.506243
vt -0.358780 -0.446681
vt -0.796021 -1.660631
vt -0.244124 -0.662222
vt -0.105187 -0.860771
vt 0.054227 -1.038573
vt 0.229658 -1.192960
vt 1.157995 -3.187275
vt 1.616054 -2.276132
vt 1.570194 -3.157794
vt 1.202605 -3.256141
vt 1.298648 -3.334066
vt 1.269445 -3.320018
vt 1.243219 -3.301706
vt 1.220784 -3.280055
vt 1.329737 -3.343214
vt 1.361473 -3.347203
vt 1.392635 -3.346172
vt 1.422155 -3.340610
vt 1.450509 -3.330688
vt 1.478022 -3.316021
vt 1.503527 -3.296718
vt 1.525894 -3.273268
vt 1.544180 -3.246514
vt 1.557758 -3.217552
vt 1.566385 -3.187592
vt -0.368622 0.143506
vt -0.355078 0.375132
vt -0.710154 0.319293
vt -0.340306 0.410000
vt -0.710156 0.715000
vt -0.340306 0.715000
vt 0.000079 0.035546
vt -0.000000 0.410000
vt -1.395707 -0.524391
vt -1.000000 -0.524391
vt -1.378529 -0.497775
vt 0.550000 -0.524391
vt -1.264365 -0.304534
vt -0.422856 -0.262195
vt -1.145417 -0.037211
vt -0.422856 0.000000
vt -1.063173 0.243149
vt -0.422856 0.262195
vt -1.036268 0.383005
vt -0.000000 0.524391
vt -1.017366 0.524391
vt 0.550000 -0.201050
vt 0.550000 0.119690
vt 0.000000 0.119690
vt 0.000084 1.582731
vt -0.203740 1.491632
vt -0.000000 1.305000
vt -0.000000 1.000000
vt -0.318315 0.516562
vt -0.000000 -0.550000
vt -0.636630 -0.550000
vt -0.636630 1.238648
vt -0.396037 1.378529
vt -1.047913 0.000000
vt -0.714220 0.000000
vt -0.523956 0.205000
vt -0.351196 0.033683
vt -0.000084 0.132269
vt 0.000000 0.410000
vt -1.047913 0.410000
vt -0.000000 3.140337
vt -0.000000 3.406101
vt -0.305000 3.140337
vt -0.652500 3.406101
vt -1.305000 3.140337
vt -1.305000 3.406101
vt -1.305000 3.671866
vt -0.305000 3.671866
vt 0.000000 3.671866
vt 0.305000 -1.039884
vt 0.305000 -0.955823
vt 0.152500 -1.039884
vt -0.000000 -0.955823
vt -0.000000 -1.039884
vt -0.000000 -1.123944
vt 0.152500 -1.123944
vt 0.305000 -1.123944
vt 0.152500 -1.208005
vt 0.305000 -1.208005
vt 0.152500 -1.292065
vt 0.305000 -1.292065
vt 0.152500 -1.376126
vt 0.305000 -1.376126
vt 0.152500 -1.460186
vt 0.305000 -1.460186
vt 0.152500 -1.544247
vt 0.305000 -1.544247
vt 0.305000 -1.628308
vt -0.000000 -1.628308
vt -0.000000 -1.544247
vt -0.000000 -1.460186
vt -0.000000 -1.376126
vt -0.000000 -1.292065
vt -0.000000 -1.208005
vt 1.000000 -0.192461
vt 0.225000 -0.108401
vt -0.000000 -0.192461
vt -0.550000 -0.108401
vt -0.550000 -0.192461
vt 1.000000 -0.108401
vt 0.225000 -0.024340
vt -0.550000 -0.024340
vt -0.550000 0.059720
vt 0.225000 0.059720
vt -0.550000 0.143781
vt 0.225000 0.143781
vt -0.550000 0.227842
vt 0.225000 0.227842
vt -0.550000 0.311902
vt 0.225000 0.311902
vt -0.550000 0.395963
vt 0.225000 0.395963
vt -0.550000 0.480023
vt 1.000000 0.480023
vt 1.000000 0.395963
vt 1.000000 0.311902
vt 1.000000 0.227842
vt 1.000000 0.143781
vt 1.000000 0.059720
vt 1.000000 -0.024340
vt 0.489358 1.389768
vt 0.536319 0.486953
vt 1.458168 2.015384
vt 1.561997 0.019282
vt 0.534803 0.253266
vt 0.505107 0.016319
vt 0.446319 -0.218776
vt 1.471997 -0.686446
vt 1.530785 -0.451352
vt 1.560481 -0.214404
vt 0.358780 -0.446681
vt 0.244124 -0.662222
vt 1.384458 -0.914351
vt 1.269803 -1.129892
vt 1.130865 -1.328442
vt 0.971452 -1.506243
vt 0.796021 -1.660631
vt 0.105187 -0.860771
vt -0.054227 -1.038573
vt -0.229658 -1.192960
vt -1.157995 -3.187275
vt -1.616054 -2.276132
vt -1.570194 -3.157794
vt -1.566385 -3.187592
vt -1.557758 -3.217552
vt -1.544180 -3.246514
vt -1.525894 -3.273268
vt -1.503527 -3.296718
vt -1.478022 -3.316021
vt -1.450509 -3.330688
vt -1.422155 -3.340610
vt -1.392635 -3.346172
vt -1.361473 -3.347203
vt -1.329737 -3.343214
vt -1.298648 -3.334066
vt -1.202605 -3.256141
vt -1.269445 -3.320018
vt -1.243219 -3.301706
vt -1.220784 -3.280055
vt -0.000000 -0.278578
vt -0.000000 -0.371437
vt 0.152500 -0.278578
vt 0.305000 -0.371437
vt 0.305000 -0.278578
vt 0.152500 -0.185718
vt 0.305000 -0.185718
vt 0.152500 -0.092859
vt 0.305000 -0.092859
vt 0.305000 0.000000
vt -0.000000 0.000000
vt -0.000000 -0.092859
vt -0.000000 -0.185718
vt -0.410000 -0.227190
vt -0.035546 -0.227159
vt -0.211760 -0.170392
vt -0.031828 -0.178630
vt -0.026225 -0.120435
vt -0.211760 -0.113595
vt -0.020145 -0.062377
vt -0.211760 -0.056797
vt -0.016902 -0.031287
vt -0.410000 0.000000
vt -0.013697 0.000000
vt -0.410000 -0.056797
vt -0.410000 -0.113595
vt -0.410000 -0.170392
vt -0.065217 0.410000
vt -0.065177 0.013697
vt -0.032608 0.208940
vt 0.000022 0.007982
vt -0.000000 0.410000
vt 0.190282 -2.856366
vt -0.005000 -2.775805
vt 0.192018 -3.062957
vt -0.210000 -2.871522
vt -0.210000 -3.062957
vt 0.192997 -2.613596
vt -0.005000 -2.488652
vt -0.210000 -2.680087
vt -0.210000 -2.488652
vt -0.005000 -2.345076
vt -0.210000 -2.297218
vt -0.005000 -2.201500
vt -0.210000 -2.105783
vt -0.005000 -2.057924
vt -0.210000 -1.914348
vt -0.005000 -1.915408
vt -0.210000 -1.722913
vt -0.005000 -1.627196
vt -0.210000 -1.531478
vt -0.005000 -1.340044
vt -0.210000 -1.340044
vt -0.210000 -1.148609
vt -0.005000 -1.053617
vt -0.210000 -0.957174
vt -0.005000 -0.909315
vt -0.210000 -0.765739
vt -0.005000 -0.765739
vt -0.210000 -0.574304
vt -0.005000 -0.526446
vt -0.210000 -0.382870
vt -0.005000 -0.287152
vt -0.210000 -0.191435
vt -0.005000 -0.047859
vt -0.005000 0.191435
vt -0.210000 0.191435
vt -0.210000 0.382870
vt -0.005000 0.430728
vt -0.210000 0.574304
vt -0.005000 0.670022
vt -0.210000 0.765739
vt -0.005000 0.909315
vt -0.210000 0.957174
vt -0.005000 1.148609
vt -0.210000 1.148609
vt -0.210000 1.340044
vt -0.005000 1.387902
vt -0.210000 1.531478
vt -0.005000 1.627196
vt -0.210000 1.722913
vt -0.005000 1.866489
vt -0.210000 1.914348
vt -0.005000 2.105783
vt -0.210000 2.105783
vt -0.210000 2.297218
vt -0.005000 2.345076
vt -0.210000 2.488652
vt -0.005000 2.584370
vt -0.210000 2.680087
vt -0.005000 2.823663
vt -0.210000 2.871522
vt -0.210000 3.062957
vt 0.200000 2.894801
vt 0.200000 3.062957
vt 0.196971 -2.441366
vt 0.200000 -2.230913
vt 0.200000 -2.077460
vt 0.200000 -1.916468
vt 0.200000 -1.747367
vt 0.200000 -1.569530
vt 0.200000 -1.388547
vt 0.200000 -1.216932
vt 0.200000 -1.054344
vt 0.200000 -0.900087
vt 0.200000 -0.747200
vt 0.200000 -0.588966
vt 0.200000 -0.425099
vt 0.200000 -0.255294
vt 0.200000 -0.079220
vt 0.200000 0.100412
vt 0.200000 0.269852
vt 0.200000 0.428373
vt 0.200000 0.583385
vt 0.200000 0.741657
vt 0.200000 0.903294
vt 0.200000 1.068405
vt 0.200000 1.237103
vt 0.200000 1.409505
vt 0.200000 1.584882
vt 0.200000 1.750770
vt 0.200000 1.910748
vt 0.200000 2.071858
vt 0.200000 2.234110
vt 0.200000 2.397519
vt 0.200000 2.562095
vt 0.200000 2.727851
vt -0.210000 0.178548
vt -0.105000 0.153041
vt 0.000000 0.000000
vt 0.000000 0.178548
vt -0.105000 0.306082
vt 0.000000 0.357096
vt -0.105000 0.459123
vt 0.000000 0.535643
vt -0.105000 0.612164
vt 0.000000 0.714191
vt -0.105000 0.765205
vt 0.000000 0.892739
vt -0.105000 0.918246
vt 0.000000 1.071287
vt -0.105000 1.071287
vt -0.105000 1.224328
vt -0.210000 1.071287
vt -0.210000 1.249835
vt -0.105000 1.428382
vt -0.210000 1.428382
vt -0.210000 1.606930
vt -0.105000 1.632437
vt -0.210000 1.785478
vt -0.105000 1.836491
vt -0.210000 1.964026
vt -0.105000 2.040546
vt -0.210000 2.142573
vt -0.105000 2.244601
vt -0.210000 2.321121
vt -0.105000 2.448655
vt -0.210000 2.499669
vt -0.105000 2.652710
vt -0.210000 2.678217
vt -0.210000 2.856765
vt 0.000000 2.678217
vt 0.000000 2.856765
vt 0.000000 1.249835
vt 0.000000 1.428382
vt 0.000000 1.606930
vt 0.000000 1.785478
vt 0.000000 1.964026
vt 0.000000 2.142573
vt 0.000000 2.321121
vt 0.000000 2.499669
vt -0.210000 0.892739
vt -0.210000 0.714191
vt -0.210000 0.535643
vt -0.210000 0.357096
vt 0.993138 -0.183783
vt 1.205942 -0.099020
vt 1.010000 0.000000
vt 1.204752 0.112570
vt 0.993138 0.183783
vt 1.168402 0.314542
vt 0.939086 0.371776
vt 1.102149 0.499366
vt 0.845365 0.552682
vt 1.006877 0.671042
vt 0.714178 0.714178
vt 0.878997 0.831543
vt 0.720702 0.971951
vt 1.169397 -0.310822
vt 0.939086 -0.371776
vt 1.095956 -0.512816
vt 0.845365 -0.552682
vt 0.989866 -0.695891
vt 0.714178 -0.714178
vt 0.858031 -0.853160
vt 0.708754 -0.980698
vt 0.552682 -0.845366
vt 0.540815 -1.082413
vt 0.371776 -0.939086
vt 0.350120 -1.158238
vt 0.183783 -0.993138
vt 0.143001 -1.201520
vt 0.000000 -1.010000
vt -0.071836 -1.207866
vt -0.133910 -1.010137
vt -0.284407 -1.176100
vt -0.183783 -0.993138
vt -0.371776 -0.939086
vt -0.484936 -1.108574
vt -0.552682 -0.845366
vt -0.665300 -1.010681
vt -0.819998 -0.889777
vt -0.714178 -0.714178
vt -0.845365 -0.552682
vt -0.939086 -0.371776
vt -1.210283 -0.703715
vt -1.056277 -0.918847
vt -0.819998 -0.954994
vt -0.815765 -1.010808
vt -0.864546 -1.101163
vt -0.802964 -1.065974
vt -0.781894 -1.118539
vt -0.858180 -1.191847
vt -0.753426 -1.166734
vt -0.868655 -1.283713
vt -0.895867 -1.372080
vt -0.993138 -0.183783
vt -1.365845 -0.681435
vt -1.285633 -0.686650
vt -1.209633 -0.029816
vt -1.010000 0.000000
vt -1.198530 0.166210
vt -0.993138 0.183783
vt -1.153205 0.366359
vt -0.939086 0.371776
vt -1.071752 0.561646
vt -0.845365 0.552682
vt -0.955474 0.742408
vt -0.714178 0.714178
vt -0.809048 0.899745
vt -0.552682 0.845365
vt -0.639942 1.026925
vt -0.371776 0.939086
vt -0.457198 1.120299
vt -0.269994 1.179493
vt -0.183783 0.993138
vt -0.075680 1.207631
vt -0.000000 1.010000
vt 0.129486 1.203052
vt 0.183783 0.993138
vt 0.337078 1.162101
vt 0.371776 0.939086
vt 0.537368 1.084129
vt 0.552682 0.845365
vt -0.938035 -1.452615
vt -1.778104 -0.910135
vt -1.731304 -0.848665
vt -1.673167 -0.793156
vt -1.604948 -0.746575
vt -1.528897 -0.711462
vt -1.448052 -0.689538
vt -0.200000 0.029169
vt -0.100000 0.025002
vt 0.000000 0.000000
vt 0.000000 0.029169
vt -0.100000 0.050003
vt 0.000000 0.058337
vt -0.100000 0.075005
vt 0.000000 0.087506
vt -0.100000 0.100007
vt 0.000000 0.116675
vt -0.100000 0.125009
vt 0.000000 0.145844
vt -0.100000 0.150010
vt 0.000000 0.175012
vt -0.100000 0.175012
vt -0.100000 0.200014
vt -0.200000 0.175012
vt -0.200000 0.204181
vt -0.100000 0.233350
vt -0.200000 0.233350
vt -0.200000 0.262518
vt -0.100000 0.266685
vt -0.200000 0.291687
vt -0.100000 0.300021
vt -0.200000 0.320856
vt -0.100000 0.333357
vt -0.200000 0.350024
vt -0.100000 0.366692
vt -0.200000 0.379193
vt -0.100000 0.400028
vt -0.200000 0.408362
vt -0.100000 0.433364
vt -0.200000 0.437531
vt -0.200000 0.466699
vt 0.000000 0.437531
vt 0.000000 0.466699
vt 0.000000 0.204181
vt 0.000000 0.233350
vt 0.000000 0.262518
vt 0.000000 0.291687
vt 0.000000 0.320856
vt 0.000000 0.350024
vt 0.000000 0.379193
vt 0.000000 0.408362
vt -0.200000 0.145844
vt -0.200000 0.116675
vt -0.200000 0.087506
vt -0.200000 0.058337
vt -0.200000 0.079551
vt -0.100000 0.068187
vt 0.000000 0.000000
vt 0.000000 0.079551
vt -0.100000 0.136373
vt 0.000000 0.159102
vt -0.100000 0.204560
vt 0.000000 0.238653
vt -0.100000 0.272746
vt 0.000000 0.318204
vt -0.100000 0.340933
vt 0.000000 0.397755
vt -0.100000 0.409119
vt 0.000000 0.477306
vt -0.100000 0.477306
vt -0.100000 0.545493
vt -0.200000 0.477306
vt -0.200000 0.556857
vt -0.100000 0.636408
vt -0.200000 0.636408
vt -0.200000 0.715959
vt -0.100000 0.727323
vt -0.200000 0.795510
vt -0.100000 0.818239
vt -0.200000 0.875061
vt -0.100000 0.909154
vt -0.200000 0.954612
vt -0.100000 1.000070
vt -0.200000 1.034163
vt -0.100000 1.090985
vt -0.200000 1.113714
vt -0.100000 1.181901
vt -0.200000 1.193265
vt -0.200000 1.272816
vt -0.000000 1.193265
vt 0.000000 1.272816
vt 0.000000 0.556857
vt 0.000000 0.636408
vt 0.000000 0.715959
vt 0.000000 0.795510
vt 0.000000 0.875061
vt -0.000000 0.954612
vt -0.000000 1.034163
vt -0.000000 1.113714
vt -0.200000 0.397755
vt -0.200000 0.318204
vt -0.200000 0.238653
vt -0.200000 0.159102
vt 0.000000 0.029169
vt 0.000000 0.058337
vt 0.000000 0.087506
vt 0.000000 0.116675
vt 0.000000 0.145844
vt 0.000000 0.175012
vt -0.000000 0.437531
vt -0.000000 0.466699
vt 0.000000 0.204181
vt 0.000000 0.233350
vt -0.000000 0.262518
vt -0.000000 0.291687
vt -0.000000 0.320856
vt -0.000000 0.350024
vt -0.000000 0.379193
vt -0.000000 0.408362
vt 0.000000 0.029169
vt 0.000000 0.058337
vt 0.000000 0.087506
vt 0.000000 0.116675
vt 0.000000 0.145844
vt 0.000000 0.175012
vt 0.000000 0.437531
vt 0.000000 0.204181
vt 0.000000 0.233350
vt 0.000000 0.262518
vt 0.000000 0.291687
vt 0.000000 0.320856
vt 0.000000 0.350024
vt 0.000000 0.379193
vt 0.000000 0.408362
vt 0.000000 0.029169
vt 0.000000 0.058337
vt 0.000000 0.087506
vt 0.000000 0.116675
vt 0.000000 0.145844
vt 0.000000 0.175012
vt 0.000000 0.437531
vt 0.000000 0.204181
vt 0.000000 0.233350
vt 0.000000 0.262518
vt 0.000000 0.291687
vt 0.000000 0.320856
vt 0.000000 0.350024
vt 0.000000 0.379193
vt 0.000000 0.408362
vt 1.390655 -0.310141
vt 0.138104 -0.790289
vt -0.002836 -1.209997
vt 0.116673 -0.816672
vt 0.090290 -0.838104
vt 1.209633 -0.029816
vt 0.816672 -0.116673
vt 0.790289 -0.138104
vt 0.760735 -0.153415
vt 1.201640 0.141989
vt 0.862245 0.030024
vt 0.865000 0.000000
vt 0.862245 -0.030024
vt 1.167872 0.316504
vt 0.838104 0.090290
vt 0.853415 0.060736
vt 1.107265 0.487917
vt 0.790289 0.138104
vt 0.816672 0.116673
vt 1.020529 0.650092
vt 0.730024 0.162245
vt 0.760735 0.153415
vt 0.700000 0.165000
vt 0.910217 0.797248
vt 0.669976 0.162245
vt 0.318198 0.318198
vt 0.376648 0.246244
vt 0.780487 0.924630
vt 0.162245 0.669976
vt 0.246244 0.376648
vt 0.153415 0.639264
vt 0.138104 0.609710
vt 0.165000 0.700000
vt 0.636602 1.028998
vt 0.162245 0.730024
vt 0.153415 0.760735
vt 0.484278 1.108862
vt 0.138104 0.790289
vt 0.322170 1.166322
vt 0.116673 0.816672
vt 0.090290 0.838104
vt 0.147821 1.200937
vt 0.060736 0.853415
vt 0.030024 0.862245
vt -0.033788 1.209528
vt 0.000000 0.865000
vt -0.030024 0.862245
vt -0.060736 0.853415
vt -0.216707 1.190436
vt -0.090290 0.838104
vt -0.394620 1.143842
vt -0.116673 0.816672
vt -0.138104 0.790289
vt -0.561551 1.071802
vt -0.153415 0.760735
vt -0.162245 0.730024
vt -0.712517 0.977967
vt -0.165000 0.700000
vt -0.843977 0.867066
vt -0.162245 0.669976
vt -0.318198 0.318198
vt -0.246244 0.376648
vt -0.958384 0.738647
vt -0.669976 0.162245
vt -0.376648 0.246244
vt -0.639264 0.153415
vt -0.609710 0.138104
vt -0.700000 0.165000
vt -1.056259 0.590268
vt -0.730024 0.162245
vt -0.760735 0.153415
vt -1.132777 0.425341
vt -0.790289 0.138104
vt -0.816672 0.116673
vt -1.184155 0.248751
vt -0.838104 0.090290
vt -0.853415 0.060736
vt -1.208176 0.066414
vt -0.862245 0.030024
vt -0.865000 0.000000
vt -1.204488 -0.115361
vt -0.862245 -0.030024
vt -0.853415 -0.060736
vt -0.838104 -0.090290
vt -1.174590 -0.290581
vt -0.816672 -0.116673
vt -0.790289 -0.138104
vt -1.121526 -0.454180
vt -0.760735 -0.153415
vt -0.730024 -0.162245
vt -1.045802 -0.608604
vt -0.700000 -0.165000
vt -0.945353 -0.755253
vt -0.669976 -0.162245
vt -0.318198 -0.318198
vt -0.376648 -0.246244
vt -0.821519 -0.888373
vt -0.162245 -0.669976
vt -0.246244 -0.376648
vt -0.153415 -0.639264
vt -0.138104 -0.609710
vt -0.165000 -0.700000
vt -0.677393 -1.002616
vt -0.162245 -0.730024
vt -0.153415 -0.760736
vt -0.517618 -1.093696
vt -0.138104 -0.790289
vt -0.347902 -1.158906
vt -0.116673 -0.816672
vt -0.090290 -0.838104
vt -0.174362 -1.197371
vt -0.060736 -0.853415
vt -0.030024 -0.862245
vt -0.018090 -0.865515
vt -0.000000 -0.865000
vt 0.030024 -0.862245
vt 0.060736 -0.853415
vt 0.537754 -0.030024
vt 0.535000 0.000000
vt 0.450000 0.000000
vt 0.537754 0.030024
vt 0.442487 0.081883
vt 0.546585 0.060736
vt 0.561896 0.090290
vt 0.418405 0.165643
vt 0.583327 0.116673
vt 0.609710 0.138104
vt 0.639264 0.153415
vt 0.853415 -0.060736
vt 0.838104 -0.090290
vt 0.730024 -0.162245
vt 0.162245 -0.730024
vt 0.153415 -0.760736
vt 0.165000 -0.700000
vt 0.700000 -0.165000
vt 0.318198 -0.318198
vt 0.669976 -0.162245
vt 0.376648 -0.246244
vt 0.639264 -0.153415
vt 0.609710 -0.138104
vt 0.418405 -0.165643
vt 0.583327 -0.116673
vt 0.561896 -0.090290
vt 0.442487 -0.081883
vt 0.546585 -0.060736
vt -0.418405 0.165643
vt -0.583327 0.116673
vt -0.561896 0.090290
vt -0.442487 0.081883
vt -0.546585 0.060736
vt -0.537754 0.030024
vt -0.450000 0.000000
vt -0.535000 0.000000
vt -0.537754 -0.030024
vt -0.442487 -0.081883
vt -0.546585 -0.060736
vt -0.561896 -0.090290
vt -0.418405 -0.165643
vt -0.583327 -0.116673
vt -0.609710 -0.138104
vt -0.639264 -0.153415
vt 0.165643 0.418405
vt 0.116673 0.583327
vt 0.090290 0.561896
vt 0.081883 0.442487
vt 0.060736 0.546585
vt 0.030024 0.537754
vt -0.000000 0.450000
vt -0.000000 0.535000
vt -0.030024 0.537754
vt -0.081883 0.442487
vt -0.060736 0.546585
vt -0.090290 0.561896
vt -0.165643 0.418405
vt -0.116673 0.583327
vt -0.138104 0.609710
vt -0.153415 0.639264
vt 0.162245 -0.669976
vt 0.246244 -0.376648
vt 0.153415 -0.639264
vt 0.138104 -0.609710
vt 0.165643 -0.418405
vt 0.116673 -0.583327
vt 0.090290 -0.561896
vt 0.081883 -0.442487
vt 0.060736 -0.546585
vt 0.030024 -0.537754
vt -0.000000 -0.450000
vt 0.000000 -0.535000
vt -0.018090 -0.450067
vt -0.030024 -0.537754
vt -0.081883 -0.442487
vt -0.060736 -0.546585
vt -0.090290 -0.561896
vt -0.165643 -0.418405
vt -0.116673 -0.583327
vt -0.000000 1.010000
vt 0.000000 0.865000
vt 0.000000 0.450000
vt 0.000000 0.535000
vt -0.000000 -1.010000
vt 0.000000 -0.865000
vt -0.000000 -0.450000
vt 0.000000 -0.535000
vt 0.000000 -0.235242
vt 1.000000 -0.235242
vt 0.000000 -0.205837
vt 1.000000 -0.205837
vt 0.500000 -0.184833
vt 1.000000 -0.176431
vt 0.500000 -0.159628
vt 1.000000 -0.147026
vt 0.500000 -0.134424
vt 1.000000 -0.117621
vt 0.500000 -0.109219
vt 1.000000 -0.088216
vt 0.500000 -0.084015
vt 1.000000 -0.058810
vt 0.500000 -0.058810
vt 0.500000 -0.033606
vt 0.000000 -0.058810
vt 0.000000 -0.029405
vt 0.500000 0.000000
vt 0.000000 0.000000
vt 0.000000 0.029405
vt 0.500000 0.033606
vt 0.000000 0.058810
vt 0.500000 0.067212
vt 0.000000 0.088216
vt 0.500000 0.100818
vt 0.000000 0.117621
vt 0.500000 0.134424
vt 0.000000 0.147026
vt 0.500000 0.168030
vt 0.000000 0.176431
vt 0.500000 0.201636
vt 0.000000 0.205836
vt 0.000000 0.235242
vt 1.000000 0.205836
vt 1.000000 0.235242
vt 1.000000 -0.029405
vt 1.000000 0.029405
vt 1.000000 0.058810
vt 1.000000 0.088216
vt 1.000000 0.117621
vt 1.000000 0.147026
vt 1.000000 0.176431
vt 0.000000 -0.088216
vt 0.000000 -0.117621
vt 0.000000 -0.147026
vt 0.000000 -0.176431
vt -1.500000 0.000000
vt -0.617146 0.000000
vt -1.058573 0.500000
vt -0.617146 1.000000
vt -1.500000 1.000000
vt -1.000000 -0.978380
vt -0.000000 -0.978380
vt -0.500000 -0.733785
vt -0.000000 -0.733785
vt -0.500000 -0.489190
vt -0.000000 -0.489190
vt -0.500000 -0.244595
vt -0.000000 -0.244595
vt -0.500000 0.000000
vt -0.000000 0.000000
vt -0.500000 0.244595
vt -0.000000 0.244595
vt -0.500000 0.489190
vt -0.000000 0.489190
vt -0.500000 0.733785
vt -0.000000 0.733785
vt -0.000000 0.978380
vt -1.000000 0.978380
vt -1.000000 0.733785
vt -1.000000 0.489190
vt -1.000000 0.244595
vt -1.000000 0.000000
vt -1.000000 -0.244595
vt -1.000000 -0.489190
vt -1.000000 -0.733785
vt -2.266439 0.000000
vt -1.040638 0.000000
vt -1.653538 0.508683
vt -1.040638 1.000000
vt -1.944674 1.000000
vt -2.266439 1.017366
vt -0.903411 -0.550000
vt -0.533561 -0.550000
vt -0.718486 0.225000
vt -0.533561 1.000000
vt -0.903411 1.000000
vt -0.550000 -0.156097
vt -0.550000 -0.524391
vt 0.344324 -0.262195
vt 1.238648 -0.524391
vt 1.138808 -0.291012
vt 1.065981 -0.049495
vt 0.344324 0.000000
vt -0.000000 -0.156097
vt -0.000000 0.182827
vt 0.344324 0.262195
vt 0.000000 0.524391
vt 1.000033 0.524391
vt 1.016366 0.234300
vt -2.546462 0.000000
vt -0.533561 0.000000
vt -1.540011 0.500017
vt -0.533561 1.000033
vt -0.547661 1.000000
vt -2.546462 1.000000
vt 0.000000 -0.978380
vt 1.000000 -0.978380
vt 0.500000 -0.733785
vt 1.000000 -0.733785
vt 0.500000 -0.489190
vt 1.000000 -0.489190
vt 0.500000 -0.244595
vt 1.000000 -0.244595
vt 0.500000 0.244595
vt 1.000000 0.244595
vt 0.500000 0.489190
vt 1.000000 0.489190
vt 0.500000 0.733785
vt 1.000000 0.733785
vt 1.000000 0.978380
vt 0.000000 0.978380
vt 0.000000 0.733785
vt 0.000000 0.489190
vt 0.000000 0.244595
vt 0.000000 0.000000
vt 0.000000 -0.244595
vt 0.000000 -0.489190
vt 0.000000 -0.733785
vt 0.000000 1.000000
vt -1.759362 1.000000
vt -0.879681 0.500000
vt -1.759362 0.000000
vt 0.000000 0.000000
vt -0.000000 1.000000
vt -0.082052 1.000000
vt -0.041026 0.500000
vt -0.082052 0.000000
vt 0.000000 0.000000
vt -3.520319 0.000000
vt -2.280478 0.500000
vt -3.520319 1.000000
vt 1.000000 -0.841770
vt 1.000000 -0.748911
vt 0.225000 -0.841770
vt -0.000000 -0.748911
vt -0.550000 -0.841770
vt -0.550000 -0.748911
vt -0.550000 -0.934629
vt 0.225000 -0.934629
vt 1.000000 -0.934629
vt 0.225000 -1.027489
vt 1.000000 -1.027489
vt 1.000000 -1.120348
vt -0.550000 -1.120348
vt -0.550000 -1.027489
s 1
usemtl Plastic_-_Matte_(Black).010
f 2/1/1 5/2/2 75/3/3
f 75/3/3 5/2/2 76/4/4
f 75/3/3 76/4/4 73/5/5
f 73/5/5 76/4/4 77/6/6
f 73/5/5 77/6/6 71/7/7
f 71/7/7 77/6/6 78/8/8
f 71/7/7 78/8/8 69/9/9
f 69/9/9 78/8/8 79/10/10
f 69/9/9 79/10/10 67/11/11
f 67/11/11 79/10/10 80/12/12
f 67/11/11 80/12/12 64/13/13
f 64/13/13 80/12/12 81/14/14
f 64/13/13 81/14/14 61/15/15
f 61/15/15 81/14/14 82/16/16
f 61/15/15 82/16/16 58/17/16
f 58/17/16 82/16/16 57/18/17
f 57/18/17 82/16/16 83/19/18
f 57/18/17 83/19/18 55/20/19
f 55/20/19 83/19/18 84/21/20
f 55/20/19 84/21/20 85/22/21
f 85/22/21 84/21/20 26/23/19
f 85/22/21 26/23/19 29/24/22
f 5/2/2 7/25/23 76/4/4
f 76/4/4 7/25/23 9/26/24
f 76/4/4 9/26/24 77/6/6
f 77/6/6 9/26/24 11/27/7
f 77/6/6 11/27/7 78/8/8
f 78/8/8 11/27/7 13/28/9
f 78/8/8 13/28/9 79/10/10
f 79/10/10 13/28/9 15/29/11
f 79/10/10 15/29/11 80/12/12
f 80/12/12 15/29/11 17/30/13
f 80/12/12 17/30/13 81/14/14
f 81/14/14 17/30/13 19/31/15
f 81/14/14 19/31/15 82/16/16
f 82/16/16 19/31/15 20/32/16
f 82/16/16 20/32/16 23/33/17
f 82/16/16 23/33/17 83/19/18
f 83/19/18 23/33/17 26/23/19
f 83/19/18 26/23/19 84/21/20
f 85/22/21 29/24/22 86/34/25
f 86/34/25 29/24/22 31/35/26
f 86/34/25 31/35/26 87/36/27
f 87/36/27 31/35/26 33/37/28
f 87/36/27 33/37/28 88/38/29
f 88/38/29 33/37/28 35/39/30
f 88/38/29 35/39/30 89/40/31
f 89/40/31 35/39/30 37/41/32
f 89/40/31 37/41/32 90/42/33
f 90/42/33 37/41/32 40/43/34
f 90/42/33 40/43/34 43/44/34
f 43/44/34 45/45/35 90/42/33
f 90/42/33 45/45/35 89/40/31
f 45/45/35 47/46/30 89/40/31
f 89/40/31 47/46/30 88/38/29
f 47/46/30 49/47/28 88/38/29
f 88/38/29 49/47/28 87/36/27
f 49/47/28 51/48/36 87/36/27
f 87/36/27 51/48/36 86/34/25
f 51/48/36 53/49/22 86/34/25
f 86/34/25 53/49/22 85/22/21
f 53/49/22 55/20/19 85/22/21
f 92/1/2 95/2/2 167/50/37
f 167/50/37 95/2/2 168/4/4
f 167/50/37 168/4/4 165/51/38
f 165/51/38 168/4/4 169/6/39
f 165/51/38 169/6/39 163/52/7
f 163/52/7 169/6/39 170/8/40
f 163/52/7 170/8/40 161/53/9
f 161/53/9 170/8/40 171/10/10
f 161/53/9 171/10/10 159/54/11
f 159/54/11 171/10/10 172/12/41
f 159/54/11 172/12/41 157/55/13
f 157/55/13 172/12/41 173/14/42
f 157/55/13 173/14/42 155/56/43
f 155/56/43 173/14/42 174/16/16
f 155/56/43 174/16/16 152/57/16
f 152/57/16 174/16/16 151/58/44
f 151/58/44 174/16/16 175/19/18
f 151/58/44 175/19/18 148/59/45
f 148/59/45 175/19/18 176/21/46
f 148/59/45 176/21/46 177/22/47
f 177/22/47 176/21/46 119/23/19
f 177/22/47 119/23/19 121/24/22
f 95/2/2 97/25/48 168/4/4
f 168/4/4 97/25/48 99/26/5
f 168/4/4 99/26/5 169/6/39
f 169/6/39 99/26/5 101/27/7
f 169/6/39 101/27/7 170/8/40
f 170/8/40 101/27/7 103/28/9
f 170/8/40 103/28/9 171/10/10
f 171/10/10 103/28/9 105/29/11
f 171/10/10 105/29/11 172/12/41
f 172/12/41 105/29/11 107/30/13
f 172/12/41 107/30/13 173/14/42
f 173/14/42 107/30/13 109/31/49
f 173/14/42 109/31/49 174/16/16
f 174/16/16 109/31/49 110/32/16
f 174/16/16 110/32/16 116/33/17
f 174/16/16 116/33/17 175/19/18
f 175/19/18 116/33/17 119/23/19
f 175/19/18 119/23/19 176/21/46
f 177/22/47 121/24/22 178/34/50
f 178/34/50 121/24/22 123/35/36
f 178/34/50 123/35/36 179/36/51
f 179/36/51 123/35/36 125/37/28
f 179/36/51 125/37/28 180/38/52
f 180/38/52 125/37/28 127/39/53
f 180/38/52 127/39/53 181/40/54
f 181/40/54 127/39/53 129/41/32
f 181/40/54 129/41/32 182/42/55
f 182/42/55 129/41/32 132/43/34
f 182/42/55 132/43/34 135/44/34
f 135/44/34 137/60/35 182/42/55
f 182/42/55 137/60/35 181/40/54
f 137/60/35 139/61/56 181/40/54
f 181/40/54 139/61/56 180/38/52
f 139/61/56 141/62/28 180/38/52
f 180/38/52 141/62/28 179/36/51
f 141/62/28 143/63/36 179/36/51
f 179/36/51 143/63/36 178/34/50
f 143/63/36 145/64/22 178/34/50
f 178/34/50 145/64/22 177/22/47
f 145/64/22 148/59/45 177/22/47
f 184/1/1 187/2/2 257/65/37
f 257/65/37 187/2/2 258/4/4
f 257/65/37 258/4/4 255/66/24
f 255/66/24 258/4/4 259/6/6
f 255/66/24 259/6/6 252/67/7
f 252/67/7 259/6/6 260/8/8
f 252/67/7 260/8/8 249/68/9
f 249/68/9 260/8/8 261/10/57
f 249/68/9 261/10/57 247/69/11
f 247/69/11 261/10/57 262/12/12
f 247/69/11 262/12/12 245/70/13
f 245/70/13 262/12/12 263/14/42
f 245/70/13 263/14/42 243/71/43
f 243/71/43 263/14/42 264/16/16
f 243/71/43 264/16/16 240/72/16
f 240/72/16 264/16/16 239/73/44
f 239/73/44 264/16/16 265/19/18
f 239/73/44 265/19/18 237/74/19
f 237/74/19 265/19/18 266/21/46
f 237/74/19 266/21/46 267/22/47
f 267/22/47 266/21/46 209/23/19
f 267/22/47 209/23/19 211/24/22
f 187/2/2 189/25/23 258/4/4
f 258/4/4 189/25/23 191/26/58
f 258/4/4 191/26/58 259/6/6
f 259/6/6 191/26/58 193/27/59
f 259/6/6 193/27/59 260/8/8
f 260/8/8 193/27/59 195/28/9
f 260/8/8 195/28/9 261/10/57
f 261/10/57 195/28/9 197/29/11
f 261/10/57 197/29/11 262/12/12
f 262/12/12 197/29/11 199/30/13
f 262/12/12 199/30/13 263/14/42
f 263/14/42 199/30/13 201/31/15
f 263/14/42 201/31/15 264/16/16
f 264/16/16 201/31/15 202/32/16
f 264/16/16 202/32/16 206/33/60
f 264/16/16 206/33/60 265/19/18
f 265/19/18 206/33/60 209/23/19
f 265/19/18 209/23/19 266/21/46
f 267/22/47 211/24/22 268/34/50
f 268/34/50 211/24/22 213/35/26
f 268/34/50 213/35/26 269/36/61
f 269/36/61 213/35/26 215/37/28
f 269/36/61 215/37/28 270/38/62
f 270/38/62 215/37/28 217/39/30
f 270/38/62 217/39/30 271/40/63
f 271/40/63 217/39/30 219/41/32
f 271/40/63 219/41/32 272/42/64
f 272/42/64 219/41/32 222/43/34
f 272/42/64 222/43/34 224/75/34
f 224/75/34 227/76/32 272/42/64
f 272/42/64 227/76/32 271/40/63
f 227/76/32 229/77/56 271/40/63
f 271/40/63 229/77/56 270/38/62
f 229/77/56 231/78/28 270/38/62
f 270/38/62 231/78/28 269/36/61
f 231/78/28 233/79/36 269/36/61
f 269/36/61 233/79/36 268/34/50
f 233/79/36 235/80/22 268/34/50
f 268/34/50 235/80/22 267/22/47
f 235/80/22 237/74/19 267/22/47
f 275/81/2 277/2/2 349/82/23
f 349/82/23 277/2/2 350/83/4
f 349/82/23 350/83/4 347/84/5
f 347/84/5 350/83/4 351/85/65
f 347/84/5 351/85/65 345/86/7
f 345/86/7 351/85/65 352/87/66
f 345/86/7 352/87/66 342/88/67
f 342/88/67 352/87/66 353/89/68
f 342/88/67 353/89/68 340/90/11
f 340/90/11 353/89/68 354/91/69
f 340/90/11 354/91/69 337/92/13
f 337/92/13 354/91/69 355/93/42
f 337/92/13 355/93/42 335/94/70
f 335/94/70 355/93/42 356/95/16
f 335/94/70 356/95/16 332/96/16
f 332/96/16 356/95/16 331/97/71
f 331/97/71 356/95/16 357/98/18
f 331/97/71 357/98/18 329/99/19
f 329/99/19 357/98/18 358/100/19
f 329/99/19 358/100/19 359/101/72
f 359/101/72 358/100/19 300/102/19
f 359/101/72 300/102/19 302/103/22
f 277/2/2 279/104/37 350/83/4
f 350/83/4 279/104/37 281/105/58
f 350/83/4 281/105/58 351/85/65
f 351/85/65 281/105/58 284/106/7
f 351/85/65 284/106/7 352/87/66
f 352/87/66 284/106/7 286/107/73
f 352/87/66 286/107/73 353/89/68
f 353/89/68 286/107/73 288/108/11
f 353/89/68 288/108/11 354/91/69
f 354/91/69 288/108/11 290/109/13
f 354/91/69 290/109/13 355/93/42
f 355/93/42 290/109/13 293/110/74
f 355/93/42 293/110/74 356/95/16
f 356/95/16 293/110/74 294/111/16
f 356/95/16 294/111/16 298/112/75
f 356/95/16 298/112/75 357/98/18
f 357/98/18 298/112/75 300/102/19
f 357/98/18 300/102/19 358/100/19
f 359/101/72 302/103/22 360/113/76
f 360/113/76 302/103/22 304/114/26
f 360/113/76 304/114/26 361/115/77
f 361/115/77 304/114/26 306/116/28
f 361/115/77 306/116/28 362/117/78
f 362/117/78 306/116/28 308/118/30
f 362/117/78 308/118/30 363/119/79
f 363/119/79 308/118/30 310/120/35
f 363/119/79 310/120/35 364/121/80
f 364/121/80 310/120/35 312/122/34
f 364/121/80 312/122/34 316/123/34
f 316/123/34 318/124/32 364/121/80
f 364/121/80 318/124/32 363/119/79
f 318/124/32 320/125/81 363/119/79
f 363/119/79 320/125/81 362/117/78
f 320/125/81 323/126/28 362/117/78
f 362/117/78 323/126/28 361/115/77
f 323/126/28 325/127/36 361/115/77
f 361/115/77 325/127/36 360/113/76
f 325/127/36 327/128/22 360/113/76
f 360/113/76 327/128/22 359/101/72
f 327/128/22 329/99/19 359/101/72
f 366/1/2 369/2/2 440/129/37
f 440/129/37 369/2/2 441/4/4
f 440/129/37 441/4/4 438/130/24
f 438/130/24 441/4/4 442/6/82
f 438/130/24 442/6/82 436/131/7
f 436/131/7 442/6/82 443/8/83
f 436/131/7 443/8/83 434/132/9
f 434/132/9 443/8/83 444/10/57
f 434/132/9 444/10/57 432/133/11
f 432/133/11 444/10/57 445/12/84
f 432/133/11 445/12/84 430/134/13
f 430/134/13 445/12/84 446/14/85
f 430/134/13 446/14/85 428/135/43
f 428/135/43 446/14/85 447/16/16
f 428/135/43 447/16/16 425/136/16
f 425/136/16 447/16/16 424/137/86
f 424/137/86 447/16/16 448/19/18
f 424/137/86 448/19/18 422/138/19
f 422/138/19 448/19/18 449/21/19
f 422/138/19 449/21/19 450/22/47
f 450/22/47 449/21/19 394/23/19
f 450/22/47 394/23/19 396/24/22
f 369/2/2 372/25/23 441/4/4
f 441/4/4 372/25/23 375/26/24
f 441/4/4 375/26/24 442/6/82
f 442/6/82 375/26/24 377/27/7
f 442/6/82 377/27/7 443/8/83
f 443/8/83 377/27/7 379/28/9
f 443/8/83 379/28/9 444/10/57
f 444/10/57 379/28/9 381/29/11
f 444/10/57 381/29/11 445/12/84
f 445/12/84 381/29/11 383/30/13
f 445/12/84 383/30/13 446/14/85
f 446/14/85 383/30/13 387/31/15
f 446/14/85 387/31/15 447/16/16
f 447/16/16 387/31/15 388/32/16
f 447/16/16 388/32/16 392/33/17
f 447/16/16 392/33/17 448/19/18
f 448/19/18 392/33/17 394/23/19
f 448/19/18 394/23/19 449/21/19
f 450/22/47 396/24/22 451/34/50
f 451/34/50 396/24/22 398/35/26
f 451/34/50 398/35/26 452/36/27
f 452/36/27 398/35/26 400/37/87
f 452/36/27 400/37/87 453/38/62
f 453/38/62 400/37/87 402/39/53
f 453/38/62 402/39/53 454/40/31
f 454/40/31 402/39/53 404/41/32
f 454/40/31 404/41/32 455/42/55
f 455/42/55 404/41/32 407/43/34
f 455/42/55 407/43/34 410/139/34
f 410/139/34 412/140/35 455/42/55
f 455/42/55 412/140/35 454/40/31
f 412/140/35 414/141/81 454/40/31
f 454/40/31 414/141/81 453/38/62
f 414/141/81 416/142/87 453/38/62
f 453/38/62 416/142/87 452/36/27
f 416/142/87 418/143/36 452/36/27
f 452/36/27 418/143/36 451/34/50
f 418/143/36 420/144/22 451/34/50
f 451/34/50 420/144/22 450/22/47
f 420/144/22 422/138/19 450/22/47
f 458/145/2 460/146/2 527/147/88
f 527/147/88 460/146/2 528/148/89
f 527/147/88 528/148/89 525/149/90
f 525/149/90 528/148/89 529/150/91
f 525/149/90 529/150/91 523/151/92
f 523/151/92 529/150/91 530/152/93
f 523/151/92 530/152/93 521/153/94
f 521/153/94 530/152/93 531/154/95
f 521/153/94 531/154/95 519/155/96
f 519/155/96 531/154/95 532/156/97
f 519/155/96 532/156/97 517/157/98
f 517/157/98 532/156/97 533/158/99
f 517/157/98 533/158/99 515/159/100
f 515/159/100 533/158/99 534/160/101
f 515/159/100 534/160/101 512/161/101
f 512/161/101 534/160/101 511/162/102
f 511/162/102 534/160/101 535/163/103
f 511/162/102 535/163/103 509/164/104
f 509/164/104 535/163/103 536/165/104
f 509/164/104 536/165/104 537/166/105
f 537/166/105 536/165/104 480/167/104
f 537/166/105 480/167/104 482/168/106
f 460/146/2 462/169/88 528/148/89
f 528/148/89 462/169/88 464/170/90
f 528/148/89 464/170/90 529/150/91
f 529/150/91 464/170/90 466/171/92
f 529/150/91 466/171/92 530/152/93
f 530/152/93 466/171/92 468/172/94
f 530/152/93 468/172/94 531/154/95
f 531/154/95 468/172/94 470/173/96
f 531/154/95 470/173/96 532/156/97
f 532/156/97 470/173/96 472/174/98
f 532/156/97 472/174/98 533/158/99
f 533/158/99 472/174/98 474/175/100
f 533/158/99 474/175/100 534/160/101
f 534/160/101 474/175/100 475/176/107
f 534/160/101 475/176/107 478/177/108
f 534/160/101 478/177/108 535/163/103
f 535/163/103 478/177/108 480/167/104
f 535/163/103 480/167/104 536/165/104
f 537/166/105 482/168/106 538/178/109
f 538/178/109 482/168/106 484/179/110
f 538/178/109 484/179/110 539/180/111
f 539/180/111 484/179/110 486/181/112
f 539/180/111 486/181/112 540/182/113
f 540/182/113 486/181/112 488/183/114
f 540/182/113 488/183/114 541/184/115
f 541/184/115 488/183/114 490/185/116
f 541/184/115 490/185/116 542/186/117
f 542/186/117 490/185/116 492/187/34
f 542/186/117 492/187/34 495/188/34
f 495/188/34 498/189/116 542/186/117
f 542/186/117 498/189/116 541/184/115
f 498/189/116 501/190/118 541/184/115
f 541/184/115 501/190/118 540/182/113
f 501/190/118 503/191/112 540/182/113
f 540/182/113 503/191/112 539/180/111
f 503/191/112 505/192/119 539/180/111
f 539/180/111 505/192/119 538/178/109
f 505/192/119 507/193/106 538/178/109
f 538/178/109 507/193/106 537/166/105
f 507/193/106 509/164/104 537/166/105
f 614/194/116 544/195/34 616/196/117
f 616/196/117 544/195/34 546/197/120
f 616/196/117 546/197/120 548/198/116
f 616/196/117 548/198/116 615/199/115
f 615/199/115 548/198/116 550/200/118
f 615/199/115 550/200/118 617/201/121
f 617/201/121 550/200/118 552/202/122
f 617/201/121 552/202/122 618/203/123
f 618/203/123 552/202/122 554/204/119
f 618/203/123 554/204/119 619/205/124
f 619/205/124 554/204/119 556/206/106
f 619/205/124 556/206/106 620/207/125
f 620/207/125 556/206/106 558/208/104
f 620/207/125 558/208/104 621/209/126
f 621/209/126 558/208/104 622/210/127
f 621/209/126 622/210/127 604/211/104
f 604/211/104 622/210/127 602/212/102
f 602/212/102 622/210/127 623/213/101
f 602/212/102 623/213/101 599/214/101
f 599/214/101 623/213/101 598/215/128
f 598/215/128 623/213/101 624/216/99
f 598/215/128 624/216/99 596/217/129
f 596/217/129 624/216/99 625/218/130
f 596/217/129 625/218/130 594/219/131
f 594/219/131 625/218/130 626/220/132
f 594/219/131 626/220/132 592/221/133
f 592/221/133 626/220/132 627/222/134
f 592/221/133 627/222/134 590/223/135
f 590/223/135 627/222/134 628/224/91
f 590/223/135 628/224/91 587/225/90
f 587/225/90 628/224/91 629/226/136
f 587/225/90 629/226/136 584/227/137
f 584/227/137 629/226/136 581/228/138
f 581/228/138 629/226/136 576/229/139
f 581/228/138 576/229/139 578/230/140
f 558/208/104 560/231/102 622/210/127
f 622/210/127 560/231/102 623/213/101
f 560/231/102 562/232/101 623/213/101
f 623/213/101 562/232/101 564/233/100
f 623/213/101 564/233/100 624/216/99
f 624/216/99 564/233/100 566/234/129
f 624/216/99 566/234/129 625/218/130
f 625/218/130 566/234/129 568/235/141
f 625/218/130 568/235/141 626/220/132
f 626/220/132 568/235/141 570/236/142
f 626/220/132 570/236/142 627/222/134
f 627/222/134 570/236/142 572/237/143
f 627/222/134 572/237/143 628/224/91
f 628/224/91 572/237/143 574/238/144
f 628/224/91 574/238/144 629/226/136
f 629/226/136 574/238/144 576/229/139
f 621/209/126 604/211/104 620/207/125
f 620/207/125 604/211/104 606/239/145
f 620/207/125 606/239/145 619/205/124
f 619/205/124 606/239/145 608/240/146
f 619/205/124 608/240/146 618/203/123
f 618/203/123 608/240/146 610/241/147
f 618/203/123 610/241/147 617/201/121
f 617/201/121 610/241/147 612/242/148
f 617/201/121 612/242/148 615/199/115
f 615/199/115 612/242/148 614/194/116
f 615/199/115 614/194/116 616/196/117
f 631/243/34 634/244/149 703/245/150
f 703/245/150 634/244/149 636/246/35
f 703/245/150 636/246/35 701/247/151
f 701/247/151 636/246/35 638/248/56
f 701/247/151 638/248/56 699/249/152
f 699/249/152 638/248/56 640/250/87
f 699/249/152 640/250/87 697/251/153
f 697/251/153 640/250/87 642/252/36
f 697/251/153 642/252/36 695/253/154
f 695/253/154 642/252/36 644/254/22
f 695/253/154 644/254/22 693/255/155
f 693/255/155 644/254/22 646/256/19
f 693/255/155 646/256/19 691/257/156
f 691/257/156 646/256/19 648/258/17
f 691/257/156 648/258/17 689/259/157
f 689/259/157 648/258/17 649/260/16
f 689/259/157 649/260/16 686/261/158
f 686/261/158 649/260/16 652/262/15
f 686/261/158 652/262/15 685/263/159
f 685/263/159 652/262/15 654/264/13
f 685/263/159 654/264/13 683/265/160
f 683/265/160 654/264/13 656/266/11
f 683/265/160 656/266/11 681/267/161
f 681/267/161 656/266/11 707/268/162
f 681/267/161 707/268/162 679/269/163
f 679/269/163 707/268/162 658/270/9
f 679/269/163 658/270/9 705/271/164
f 705/271/164 658/270/9 660/272/7
f 705/271/164 660/272/7 704/273/165
f 704/273/165 660/272/7 662/274/24
f 704/273/165 662/274/24 706/275/4
f 706/275/4 662/274/24 664/276/37
f 706/275/4 664/276/37 669/277/166
f 669/277/166 664/276/37 666/278/166
f 656/266/11 658/270/9 707/268/162
f 669/277/166 673/279/167 706/275/4
f 706/275/4 673/279/167 704/273/165
f 673/279/167 675/280/168 704/273/165
f 704/273/165 675/280/168 677/281/169
f 704/273/165 677/281/169 705/271/164
f 705/271/164 677/281/169 679/269/163
f 631/243/34 709/282/170 633/283/34
f 633/283/34 709/282/170 776/284/116
f 776/284/116 709/282/170 711/285/171
f 776/284/116 711/285/171 774/286/148
f 774/286/148 711/285/171 713/287/172
f 774/286/148 713/287/172 778/288/173
f 778/288/173 713/287/172 715/289/174
f 778/288/173 715/289/174 779/290/175
f 779/290/175 715/289/174 718/291/176
f 779/290/175 718/291/176 780/292/177
f 780/292/177 718/291/176 720/293/178
f 780/292/177 720/293/178 781/294/179
f 781/294/179 720/293/178 722/295/180
f 781/294/179 722/295/180 782/296/181
f 782/296/181 722/295/180 724/297/182
f 782/296/181 724/297/182 726/298/183
f 782/296/181 726/298/183 783/299/101
f 783/299/101 726/298/183 727/300/184
f 783/299/101 727/300/184 784/301/99
f 784/301/99 727/300/184 729/302/185
f 784/301/99 729/302/185 785/303/186
f 785/303/186 729/302/185 732/304/187
f 785/303/186 732/304/187 734/305/188
f 785/303/186 734/305/188 786/306/189
f 786/306/189 734/305/188 736/307/190
f 786/306/189 736/307/190 787/308/191
f 787/308/191 736/307/190 738/309/192
f 787/308/191 738/309/192 788/310/193
f 788/310/193 738/309/192 740/311/194
f 788/310/193 740/311/194 742/312/195
f 788/310/193 742/312/195 777/313/196
f 777/313/196 742/312/195 744/314/197
f 777/313/196 744/314/197 789/315/198
f 789/315/198 744/314/197 790/316/199
f 789/315/198 790/316/199 748/317/137
f 748/317/137 790/316/199 667/318/166
f 667/318/166 790/316/199 746/319/200
f 667/318/166 746/319/200 670/320/2
f 744/314/197 746/319/200 790/316/199
f 748/317/137 750/321/90 789/315/198
f 789/315/198 750/321/90 777/313/196
f 750/321/90 752/322/92 777/313/196
f 777/313/196 752/322/92 788/310/193
f 752/322/92 754/323/201 788/310/193
f 788/310/193 754/323/201 787/308/191
f 754/323/201 756/324/96 787/308/191
f 787/308/191 756/324/96 786/306/189
f 756/324/96 758/325/98 786/306/189
f 786/306/189 758/325/98 785/303/186
f 785/303/186 758/325/98 784/301/99
f 784/301/99 758/325/98 760/326/202
f 784/301/99 760/326/202 783/299/101
f 783/299/101 760/326/202 762/327/101
f 783/299/101 762/327/101 764/328/203
f 783/299/101 764/328/203 782/296/181
f 782/296/181 764/328/203 766/329/104
f 782/296/181 766/329/104 781/294/179
f 781/294/179 766/329/104 768/330/106
f 781/294/179 768/330/106 780/292/177
f 780/292/177 768/330/106 770/331/204
f 780/292/177 770/331/204 779/290/175
f 779/290/175 770/331/204 772/332/112
f 779/290/175 772/332/112 778/288/173
f 778/288/173 772/332/112 774/286/148
s 0
f 819/333/205 577/334/205 665/335/205
f 665/335/205 577/334/205 575/336/205
f 665/335/205 575/336/205 747/337/205
f 747/337/205 575/336/205 573/338/205
f 747/337/205 573/338/205 749/339/205
f 749/339/205 573/338/205 571/340/205
f 749/339/205 571/340/205 751/341/205
f 751/341/205 571/340/205 569/342/205
f 751/341/205 569/342/205 753/343/205
f 753/343/205 569/342/205 567/344/205
f 753/343/205 567/344/205 755/345/205
f 755/345/205 567/344/205 565/346/205
f 755/345/205 565/346/205 757/347/205
f 757/347/205 565/346/205 563/348/205
f 757/347/205 563/348/205 759/349/205
f 759/349/205 563/348/205 561/350/205
f 759/349/205 561/350/205 761/351/205
f 761/351/205 561/350/205 763/352/205
f 763/352/205 561/350/205 559/353/205
f 763/352/205 559/353/205 765/354/205
f 765/354/205 559/353/205 557/355/205
f 765/354/205 557/355/205 767/356/205
f 767/356/205 557/355/205 555/357/205
f 767/356/205 555/357/205 769/358/205
f 769/358/205 555/357/205 553/359/205
f 769/358/205 553/359/205 771/360/205
f 771/360/205 553/359/205 551/361/205
f 771/360/205 551/361/205 773/362/205
f 773/362/205 551/361/205 549/363/205
f 773/362/205 549/363/205 775/364/205
f 775/364/205 549/363/205 547/365/205
f 775/364/205 547/365/205 632/366/205
f 632/366/205 547/365/205 545/367/205
f 632/366/205 545/367/205 635/368/205
f 635/368/205 545/367/205 791/369/205
f 635/368/205 791/369/205 793/370/205
f 635/368/205 793/370/205 637/371/205
f 637/371/205 793/370/205 795/372/205
f 637/371/205 795/372/205 639/373/205
f 639/373/205 795/372/205 797/374/205
f 639/373/205 797/374/205 641/375/205
f 641/375/205 797/374/205 799/376/205
f 641/375/205 799/376/205 643/377/205
f 643/377/205 799/376/205 801/378/205
f 643/377/205 801/378/205 645/379/205
f 645/379/205 801/378/205 803/380/205
f 645/379/205 803/380/205 647/381/205
f 647/381/205 803/380/205 806/382/205
f 647/381/205 806/382/205 650/383/205
f 650/383/205 806/382/205 807/384/205
f 650/383/205 807/384/205 651/385/205
f 651/385/205 807/384/205 653/386/205
f 653/386/205 807/384/205 809/387/205
f 653/386/205 809/387/205 655/388/205
f 655/388/205 809/387/205 811/389/205
f 655/388/205 811/389/205 657/390/205
f 657/390/205 811/389/205 813/391/205
f 657/390/205 813/391/205 659/392/205
f 659/392/205 813/391/205 815/393/205
f 659/392/205 815/393/205 661/394/205
f 661/394/205 815/393/205 817/395/205
f 661/394/205 817/395/205 663/396/205
f 663/396/205 817/395/205 819/333/205
f 663/396/205 819/333/205 665/335/205
s 1
f 745/397/206 877/398/207 668/399/208
f 668/399/208 877/398/207 867/400/209
f 668/399/208 867/400/209 671/401/210
f 671/401/210 867/400/209 871/402/210
f 745/397/206 743/403/211 877/398/207
f 877/398/207 743/403/211 741/404/212
f 877/398/207 741/404/212 878/405/213
f 878/405/213 741/404/212 739/406/214
f 878/405/213 739/406/214 737/407/215
f 737/407/215 735/408/216 878/405/213
f 878/405/213 735/408/216 883/409/217
f 878/405/213 883/409/217 879/410/218
f 879/410/218 883/409/217 884/411/219
f 879/410/218 884/411/219 881/412/219
f 881/412/219 884/411/219 846/413/220
f 881/412/219 846/413/220 850/414/221
f 735/408/216 733/415/222 883/409/217
f 883/409/217 733/415/222 882/416/207
f 883/409/217 882/416/207 886/417/218
f 886/417/218 882/416/207 885/418/207
f 886/417/218 885/418/207 888/419/218
f 888/419/218 885/418/207 887/420/207
f 888/419/218 887/420/207 891/421/218
f 891/421/218 887/420/207 890/422/207
f 891/421/218 890/422/207 828/423/223
f 828/423/223 890/422/207 825/424/224
f 825/424/224 890/422/207 719/425/225
f 825/424/224 719/425/225 821/426/210
f 821/426/210 719/425/225 716/427/210
f 733/415/222 731/428/226 882/416/207
f 882/416/207 731/428/226 730/429/227
f 882/416/207 730/429/227 885/418/207
f 885/418/207 730/429/227 728/430/228
f 885/418/207 728/430/228 725/431/229
f 885/418/207 725/431/229 887/420/207
f 887/420/207 725/431/229 723/432/230
f 887/420/207 723/432/230 721/433/231
f 887/420/207 721/433/231 890/422/207
f 890/422/207 721/433/231 719/425/225
f 828/423/223 831/434/232 891/421/218
f 891/421/218 831/434/232 874/435/233
f 891/421/218 874/435/233 888/419/218
f 888/419/218 874/435/233 889/436/219
f 888/419/218 889/436/219 886/417/218
f 886/417/218 889/436/219 880/437/219
f 886/417/218 880/437/219 883/409/217
f 883/409/217 880/437/219 884/411/219
f 831/434/232 833/438/234 874/435/233
f 874/435/233 833/438/234 846/413/220
f 874/435/233 846/413/220 889/436/219
f 889/436/219 846/413/220 880/437/219
f 833/438/234 837/439/205 846/413/220
f 846/413/220 837/439/205 844/440/235
f 844/440/235 837/439/205 842/441/236
f 842/441/236 837/439/205 840/442/237
f 881/412/219 850/414/221 875/443/219
f 875/443/219 850/414/221 854/444/238
f 875/443/219 854/444/238 856/445/239
f 856/445/239 858/446/240 875/443/219
f 875/443/219 858/446/240 876/447/241
f 875/443/219 876/447/241 879/410/218
f 879/410/218 876/447/241 878/405/213
f 858/446/240 860/448/242 876/447/241
f 876/447/241 860/448/242 862/449/243
f 876/447/241 862/449/243 865/450/244
f 876/447/241 865/450/244 877/398/207
f 877/398/207 865/450/244 867/400/209
f 884/411/219 880/437/219 846/413/220
f 879/410/218 881/412/219 875/443/219
f 876/447/241 877/398/207 878/405/213
f 546/197/120 544/195/34 792/451/32
f 792/451/32 544/195/34 924/452/245
f 792/451/32 924/452/245 794/453/246
f 794/453/246 924/452/245 925/454/247
f 794/453/246 925/454/247 796/455/248
f 796/455/248 925/454/247 926/456/249
f 796/455/248 926/456/249 798/457/250
f 798/457/250 926/456/249 927/458/251
f 798/457/250 927/458/251 800/459/22
f 800/459/22 927/458/251 928/460/252
f 800/459/22 928/460/252 802/461/253
f 802/461/253 928/460/252 929/462/18
f 802/461/253 929/462/18 804/463/17
f 804/463/17 929/462/18 930/464/16
f 804/463/17 930/464/16 805/465/16
f 805/465/16 930/464/16 808/466/15
f 808/466/15 930/464/16 931/467/42
f 808/466/15 931/467/42 810/468/13
f 810/468/13 931/467/42 932/469/254
f 810/468/13 932/469/254 933/470/255
f 933/470/255 932/469/254 913/471/13
f 933/470/255 913/471/13 915/472/11
f 544/195/34 893/473/32 924/452/245
f 924/452/245 893/473/32 895/474/81
f 924/452/245 895/474/81 925/454/247
f 925/454/247 895/474/81 897/475/256
f 925/454/247 897/475/256 926/456/249
f 926/456/249 897/475/256 899/476/257
f 926/456/249 899/476/257 927/458/251
f 927/458/251 899/476/257 901/477/258
f 927/458/251 901/477/258 928/460/252
f 928/460/252 901/477/258 903/478/259
f 928/460/252 903/478/259 929/462/18
f 929/462/18 903/478/259 905/479/17
f 929/462/18 905/479/17 930/464/16
f 930/464/16 905/479/17 906/480/16
f 930/464/16 906/480/16 911/481/260
f 930/464/16 911/481/260 931/467/42
f 931/467/42 911/481/260 913/471/13
f 931/467/42 913/471/13 932/469/254
f 933/470/255 915/472/11 934/482/261
f 934/482/261 915/472/11 917/483/262
f 934/482/261 917/483/262 935/484/40
f 935/484/40 917/483/262 919/485/263
f 935/484/40 919/485/263 936/486/264
f 936/486/264 919/485/263 921/487/58
f 936/486/264 921/487/58 937/488/265
f 937/488/265 921/487/58 923/489/37
f 937/488/265 923/489/37 938/490/266
f 938/490/266 923/489/37 582/491/166
f 938/490/266 582/491/166 579/492/267
f 579/492/267 820/493/37 938/490/266
f 938/490/266 820/493/37 937/488/265
f 820/493/37 818/494/24 937/488/265
f 937/488/265 818/494/24 936/486/264
f 818/494/24 816/495/268 936/486/264
f 936/486/264 816/495/268 935/484/40
f 816/495/268 814/496/269 935/484/40
f 935/484/40 814/496/269 934/482/261
f 814/496/269 812/497/270 934/482/261
f 934/482/261 812/497/270 933/470/255
f 812/497/270 810/468/13 933/470/255
f 702/498/271 974/499/218 630/500/272
f 630/500/272 974/499/218 975/501/207
f 630/500/272 975/501/207 708/502/273
f 708/502/273 975/501/207 710/503/274
f 710/503/274 975/501/207 986/504/207
f 710/503/274 986/504/207 712/505/275
f 712/505/275 986/504/207 822/506/276
f 712/505/275 822/506/276 714/507/277
f 714/507/277 822/506/276 717/508/276
f 974/499/218 702/498/271 976/509/218
f 976/509/218 702/498/271 700/510/278
f 976/509/218 700/510/278 698/511/279
f 976/509/218 698/511/279 978/512/218
f 978/512/218 698/511/279 696/513/280
f 978/512/218 696/513/280 694/514/281
f 694/514/281 692/515/282 978/512/218
f 978/512/218 692/515/282 980/516/218
f 978/512/218 980/516/218 972/517/283
f 972/517/283 980/516/218 983/518/284
f 972/517/283 983/518/284 956/519/205
f 956/519/205 983/518/284 981/520/233
f 956/519/205 981/520/233 947/521/285
f 947/521/285 981/520/233 945/522/286
f 945/522/286 981/520/233 943/523/287
f 943/523/287 981/520/233 984/524/218
f 943/523/287 984/524/218 941/525/288
f 941/525/288 984/524/218 982/526/218
f 941/525/288 982/526/218 682/527/289
f 682/527/289 982/526/218 684/528/290
f 684/528/290 982/526/218 687/529/291
f 687/529/291 982/526/218 688/530/292
f 688/530/292 982/526/218 690/531/293
f 690/531/293 982/526/218 980/516/218
f 690/531/293 980/516/218 692/515/282
f 682/527/289 680/532/294 941/525/288
f 941/525/288 680/532/294 939/533/295
f 939/533/295 680/532/294 678/534/296
f 939/533/295 678/534/296 676/535/297
f 939/533/295 676/535/297 872/536/210
f 872/536/210 676/535/297 674/537/298
f 872/536/210 674/537/298 672/538/276
f 947/521/285 952/539/205 956/519/205
f 972/517/283 956/519/205 979/540/299
f 979/540/299 956/519/205 959/541/300
f 979/540/299 959/541/300 977/542/301
f 977/542/301 959/541/300 973/543/219
f 977/542/301 973/543/219 974/499/218
f 974/499/218 973/543/219 965/544/302
f 974/499/218 965/544/302 985/545/218
f 985/545/218 965/544/302 967/546/303
f 985/545/218 967/546/303 986/504/207
f 986/504/207 967/546/303 969/547/304
f 986/504/207 969/547/304 822/506/276
f 959/541/300 963/548/305 973/543/219
f 973/543/219 963/548/305 965/544/302
f 978/512/218 972/517/283 979/540/299
f 986/504/207 975/501/207 974/499/218
f 985/545/218 986/504/207 974/499/218
f 979/540/299 977/542/301 976/509/218
f 976/509/218 977/542/301 974/499/218
f 978/512/218 979/540/299 976/509/218
f 981/520/233 983/518/284 982/526/218
f 982/526/218 983/518/284 980/516/218
f 984/524/218 981/520/233 982/526/218
f 1001/195/306 987/549/306 1003/550/307
f 1003/550/307 987/549/306 990/551/307
f 1003/550/307 990/551/307 993/552/308
f 993/552/308 997/553/309 1003/550/307
f 1003/550/307 997/553/309 999/554/307
f 1003/550/307 999/554/307 1001/195/306
s 0
f 1014/555/310 1005/556/310 1016/557/310
f 1016/557/310 1005/556/310 1008/558/310
f 1016/557/310 1008/558/310 1011/559/310
s 1
f 1011/559/310 1014/555/310 1016/557/310
s 0
f 892/560/311 543/561/311 1049/562/311
f 1049/562/311 543/561/311 613/563/311
f 1049/562/311 613/563/311 611/564/311
f 611/564/311 609/565/311 1049/562/311
f 1049/562/311 609/565/311 607/566/311
f 1049/562/311 607/566/311 1046/567/311
f 1046/567/311 607/566/311 605/568/311
f 1046/567/311 605/568/311 603/569/311
f 603/569/311 601/570/311 1046/567/311
f 1046/567/311 601/570/311 600/571/311
f 1046/567/311 600/571/311 597/572/311
f 1046/567/311 597/572/311 1044/573/311
f 1044/573/311 597/572/311 595/574/311
f 1044/573/311 595/574/311 1042/575/311
f 1042/575/311 595/574/311 1040/576/311
f 1040/576/311 595/574/311 1038/577/311
f 1038/577/312 595/574/312 593/578/312
f 1038/577/311 593/578/311 1036/579/311
f 1036/579/311 593/578/311 1034/580/311
f 1034/580/311 593/578/311 998/581/311
f 1034/580/311 998/581/311 1032/582/311
f 1032/582/311 998/581/311 995/583/311
f 593/578/311 591/584/311 998/581/311
f 998/581/311 591/584/311 588/585/311
f 998/581/311 588/585/311 1022/586/311
f 1023/586/313 589/585/313 586/587/313
f 1022/586/311 585/587/311 1019/588/311
f 1019/588/311 585/587/311 583/589/311
f 1019/588/311 583/589/311 580/590/311
f 580/590/311 922/591/311 1019/588/311
f 1019/588/311 922/591/311 920/592/311
f 1019/588/311 920/592/311 918/593/311
f 1019/588/311 918/593/311 1017/594/311
f 1017/594/311 918/593/311 916/595/311
f 1017/594/311 916/595/311 1052/596/311
f 1052/596/311 916/595/311 914/597/311
f 1052/596/311 914/597/311 912/598/311
f 912/598/311 909/599/311 1052/596/311
f 1053/596/314 910/599/314 908/600/314
f 1052/596/311 907/600/311 1010/601/311
f 1010/601/311 907/600/311 904/602/311
f 1010/601/311 904/602/311 902/603/311
f 902/603/311 900/604/311 1010/601/311
f 1010/601/311 900/604/311 1013/605/311
f 1013/605/311 900/604/311 898/606/311
f 1013/605/311 898/606/311 896/607/311
f 896/607/311 894/608/311 1013/605/311
f 1013/605/311 894/608/311 892/560/311
f 1013/605/311 892/560/311 1049/562/311
f 1010/601/311 1017/594/311 1052/596/311
f 1022/586/311 1026/609/311 998/581/311
f 998/581/311 1026/609/311 1028/610/311
f 998/581/311 1028/610/311 1030/611/311
f 1030/611/311 1000/612/311 998/581/311
f 1007/613/311 1004/614/311 1156/615/311
f 1156/615/311 1004/614/311 1054/616/311
f 1156/615/311 1054/616/311 1056/617/311
f 1156/615/311 1056/617/311 1153/618/311
f 1153/618/311 1056/617/311 1059/619/311
f 1153/618/311 1059/619/311 1151/620/311
f 1151/620/311 1059/619/311 1062/621/311
f 1151/620/311 1062/621/311 1149/622/311
f 1149/622/311 1062/621/311 1064/623/311
f 1149/622/311 1064/623/311 1066/624/311
f 1066/624/311 1068/625/311 1149/622/311
f 1149/622/311 1068/625/311 1070/626/311
f 1149/622/311 1070/626/311 1147/627/311
f 1147/627/311 1070/626/311 1072/628/311
f 1147/627/311 1072/628/311 1074/629/311
f 1147/627/311 1074/629/311 1145/630/311
f 1145/630/311 1074/629/311 1076/631/311
f 1145/630/311 1076/631/311 1143/632/311
f 1143/632/311 1076/631/311 1141/633/311
f 1141/633/311 1076/631/311 1139/634/311
f 1139/634/311 1076/631/311 1136/635/311
f 1136/635/311 1076/631/311 1079/636/311
f 1136/635/311 1079/636/311 1133/637/311
f 1133/637/311 1079/636/311 1126/638/311
f 1126/638/311 1079/636/311 1084/639/311
f 1126/638/311 1084/639/311 1096/640/311
f 1096/640/312 1084/639/312 1093/641/312
f 1094/641/315 1085/639/315 1091/642/315
f 1090/642/316 1083/639/316 1088/643/316
f 1096/640/311 1098/644/311 1126/638/311
f 1126/638/311 1098/644/311 1100/645/311
f 1126/638/311 1100/645/311 1102/646/311
f 1102/646/311 1104/647/311 1126/638/311
f 1128/638/313 1105/647/313 1108/648/313
f 1126/638/311 1107/648/311 1110/649/311
f 1111/649/311 1114/650/311 1127/638/311
f 1126/638/312 1113/650/312 1116/651/312
f 1126/638/311 1116/651/311 1118/652/311
f 1119/652/311 1121/653/311 1129/638/311
f 1130/638/317 1122/653/317 1124/654/317
f 866/655/318 1176/656/318 868/657/318
f 869/657/319 1177/656/319 1167/658/319
f 868/657/320 1166/658/320 1173/659/320
f 1173/659/320 1166/658/320 1170/660/320
f 864/661/318 1162/662/318 866/655/318
f 866/655/318 1162/662/318 1176/656/318
f 1161/662/320 1165/658/320 1175/656/320
s 1
f 870/663/318 1174/664/321 873/665/322
f 873/665/322 1174/664/321 1020/666/318
f 873/665/322 1020/666/318 940/667/323
f 940/667/323 1020/666/318 1179/668/324
f 940/667/323 1179/668/324 942/669/325
f 942/669/325 1179/668/324 1178/670/326
f 942/669/325 1178/670/326 944/671/327
f 944/671/327 1178/670/326 1180/672/328
f 944/671/327 1180/672/328 946/673/329
f 946/673/329 1180/672/328 1157/674/330
f 946/673/329 1157/674/330 948/675/330
f 1020/666/318 1018/676/331 1179/668/324
f 1179/668/324 1018/676/331 1178/670/326
f 1018/676/331 1012/677/332 1178/670/326
f 1178/670/326 1012/677/332 1009/678/333
f 1178/670/326 1009/678/333 1180/672/328
f 1180/672/328 1009/678/333 1157/674/330
s 0
f 829/679/334 827/680/334 1189/681/334
f 1188/681/334 826/680/334 1183/682/334
f 1184/682/335 827/680/335 1191/683/335
f 1184/682/334 1191/683/334 1047/684/334
f 1047/684/335 1191/683/335 1051/685/335
f 1051/685/335 1191/683/335 971/686/335
f 971/686/335 1191/683/335 824/687/335
f 823/687/334 1190/683/334 826/680/334
f 1196/688/335 836/689/335 1198/690/335
f 1198/690/334 836/689/334 832/691/334
f 1198/690/334 832/691/334 830/692/334
f 830/692/336 1186/693/336 1198/690/336
f 1198/690/334 1186/693/334 1193/694/334
f 1198/690/335 1193/694/335 1196/688/335
s 1
f 1203/695/306 1206/696/307 1199/697/337
f 1199/697/337 1206/696/307 1213/698/307
f 1199/697/337 1213/698/307 988/699/306
f 988/699/306 1213/698/307 991/700/307
f 991/700/307 1213/698/307 994/701/308
f 994/701/308 1213/698/307 1212/702/308
f 1212/702/308 1213/698/307 1206/696/307
f 1212/702/308 1206/696/307 1209/703/338
f 1240/704/339 1210/705/340 1242/706/341
f 1242/706/341 1210/705/340 1208/707/340
f 1242/706/341 1208/707/340 1215/708/342
f 1215/708/342 1217/709/343 1242/706/341
f 1242/706/341 1217/709/343 1243/710/344
f 1242/706/341 1243/710/344 1240/704/339
f 1240/704/339 1243/710/344 1238/711/344
f 1238/711/344 1243/710/344 1244/712/345
f 1238/711/344 1244/712/345 1236/713/346
f 1236/713/346 1244/712/345 1245/714/347
f 1236/713/346 1245/714/347 1234/715/347
f 1234/715/347 1245/714/347 1246/716/348
f 1234/715/347 1246/716/348 1232/717/349
f 1232/717/349 1246/716/348 1247/718/350
f 1232/717/349 1247/718/350 1230/719/351
f 1230/719/351 1247/718/350 1248/720/352
f 1230/719/351 1248/720/352 1228/721/353
f 1228/721/353 1248/720/352 1181/722/354
f 1181/722/354 1248/720/352 1187/723/335
f 1187/723/335 1248/720/352 1227/724/355
f 1227/724/355 1248/720/352 1247/718/350
f 1227/724/355 1247/718/350 1225/725/351
f 1225/725/351 1247/718/350 1246/716/348
f 1225/725/351 1246/716/348 1223/726/348
f 1223/726/348 1246/716/348 1245/714/347
f 1223/726/348 1245/714/347 1221/727/347
f 1221/727/347 1245/714/347 1244/712/345
f 1221/727/347 1244/712/345 1219/728/345
f 1219/728/345 1244/712/345 1243/710/344
f 1219/728/345 1243/710/344 1217/709/343
f 1211/729/340 1249/730/341 992/731/340
f 992/731/340 1249/730/341 1033/732/339
f 992/731/340 1033/732/339 996/733/340
f 1211/729/340 1241/734/339 1249/730/341
f 1249/730/341 1241/734/339 1250/735/343
f 1249/730/341 1250/735/343 1035/736/343
f 1035/736/343 1250/735/343 1037/737/356
f 1037/737/356 1250/735/343 1251/738/345
f 1037/737/356 1251/738/345 1039/739/347
f 1039/739/347 1251/738/345 1252/740/347
f 1039/739/347 1252/740/347 1041/741/348
f 1041/741/348 1252/740/347 1253/742/357
f 1041/741/348 1253/742/357 1043/743/351
f 1043/743/351 1253/742/357 1254/744/351
f 1043/743/351 1254/744/351 1045/745/355
f 1045/745/355 1254/744/351 1255/746/355
f 1045/745/355 1255/746/355 1048/747/335
f 1048/747/335 1255/746/355 1182/748/358
f 1182/748/358 1255/746/355 1229/749/353
f 1229/749/353 1255/746/355 1231/750/351
f 1231/750/351 1255/746/355 1254/744/351
f 1231/750/351 1254/744/351 1233/751/348
f 1233/751/348 1254/744/351 1253/742/357
f 1233/751/348 1253/742/357 1235/752/347
f 1235/752/347 1253/742/357 1252/740/347
f 1235/752/347 1252/740/347 1237/753/346
f 1237/753/346 1252/740/347 1251/738/345
f 1237/753/346 1251/738/345 1239/754/344
f 1239/754/344 1251/738/345 1250/735/343
f 1239/754/344 1250/735/343 1241/734/339
f 1035/736/343 1033/732/339 1249/730/341
s 0
f 951/755/205 1256/756/205 955/757/205
f 955/757/205 1256/756/205 1347/758/205
f 1347/758/205 1256/756/205 1259/759/205
f 1347/758/205 1259/759/205 1261/760/205
f 1263/761/205 1341/762/205 1261/760/205
f 1261/760/205 1341/762/205 1343/763/205
f 1261/760/205 1343/763/205 1345/764/205
f 1263/761/205 1265/765/205 1341/762/205
f 1341/762/205 1265/765/205 1267/766/205
f 1341/762/205 1267/766/205 1339/767/205
f 1339/767/205 1267/766/205 1337/768/205
f 1337/768/205 1267/766/205 1335/769/205
f 1335/769/205 1267/766/205 1333/770/205
f 1333/770/205 1267/766/205 1330/771/205
f 1330/771/205 1267/766/205 1269/772/205
f 1330/771/205 1269/772/205 1271/773/205
f 1271/773/205 1273/774/205 1330/771/205
f 1330/771/205 1273/774/205 1326/775/205
f 1326/775/205 1273/774/205 1276/776/205
f 1326/775/205 1276/776/205 1279/777/205
f 1284/778/359 1287/779/359 1281/777/359
f 1279/777/205 1286/779/205 1289/780/205
f 1280/777/360 1290/780/360 1293/781/360
f 1292/781/205 1296/782/361 1279/777/205
f 1280/777/359 1295/782/359 1299/783/359
f 1279/777/205 1298/783/205 1301/784/205
f 1301/784/205 1303/785/205 1279/777/205
f 1279/777/205 1303/785/205 1305/786/205
f 1279/777/205 1305/786/205 1307/787/205
f 1307/787/205 1309/788/205 1279/777/205
f 1279/777/205 1309/788/205 1311/789/205
f 1279/777/205 1311/789/205 1322/790/205
f 1322/790/205 1311/789/205 1313/791/205
f 1323/790/359 1314/791/359 1316/792/359
f 1317/792/362 1320/793/363 1321/790/364
f 1322/790/205 1326/775/205 1279/777/205
f 1345/764/205 1347/758/205 1261/760/205
s 1
f 1361/794/365 1204/795/366 1362/796/367
f 1362/796/367 1204/795/366 1200/797/366
f 1362/796/367 1200/797/366 1350/798/368
f 1362/796/367 1350/798/368 1363/799/369
f 1363/799/369 1350/798/368 1352/800/369
f 1363/799/369 1352/800/369 1364/801/370
f 1364/801/370 1352/800/369 1354/802/371
f 1364/801/370 1354/802/371 1168/803/321
f 1168/803/321 1164/804/321 1364/801/370
f 1364/801/370 1164/804/321 1357/805/372
f 1364/801/370 1357/805/372 1363/799/369
f 1363/799/369 1357/805/372 1359/806/369
f 1363/799/369 1359/806/369 1362/796/367
f 1362/796/367 1359/806/369 1361/794/365
f 1160/807/373 863/808/374 1375/809/375
f 1375/809/375 863/808/374 861/810/376
f 1375/809/375 861/810/376 859/811/377
f 1375/809/375 859/811/377 1376/812/378
f 1376/812/378 859/811/377 857/813/379
f 1376/812/378 857/813/379 1377/814/380
f 1377/814/380 857/813/379 855/815/381
f 1377/814/380 855/815/381 1368/816/382
f 1368/816/382 855/815/381 851/817/34
f 1368/816/382 1370/818/380 1377/814/380
f 1377/814/380 1370/818/380 1376/812/378
f 1370/818/380 1372/819/383 1376/812/378
f 1376/812/378 1372/819/383 1375/809/375
f 1372/819/383 1374/820/384 1375/809/375
f 1375/809/375 1374/820/384 1160/807/373
f 1367/821/385 852/822/386 1383/823/387
s 0
f 1385/823/388 853/822/388 848/824/388
s 1
f 1384/823/389 849/824/390 1381/825/391
s 0
f 1380/825/34 1366/821/34 1382/823/34
s 1
f 845/826/392 1515/827/393 847/828/394
f 847/828/394 1515/827/393 1512/829/395
f 847/828/394 1512/829/395 1379/830/394
f 845/826/392 843/831/396 1515/827/393
f 1515/827/393 843/831/396 1514/832/397
f 1515/827/393 1514/832/397 1510/833/398
f 1510/833/398 1514/832/397 1508/834/397
f 1508/834/397 1514/832/397 1516/835/399
f 1508/834/397 1516/835/399 1506/836/400
f 1506/836/400 1516/835/399 1517/837/401
f 1506/836/400 1517/837/401 1504/838/402
f 1504/838/402 1517/837/401 1513/839/403
f 1504/838/402 1513/839/403 1502/840/404
f 1502/840/404 1513/839/403 1518/841/405
f 1502/840/404 1518/841/405 1500/842/406
f 1500/842/406 1518/841/405 1519/843/407
f 1500/842/406 1519/843/407 1498/844/408
f 1498/844/408 1519/843/407 1520/845/409
f 1498/844/408 1520/845/409 1496/846/410
f 1496/846/410 1520/845/409 1494/847/411
f 1494/847/411 1520/845/409 1521/848/412
f 1494/847/411 1521/848/412 1492/849/413
f 1492/849/413 1521/848/412 1522/850/414
f 1492/849/413 1522/850/414 1490/851/415
f 1490/851/415 1522/850/414 1523/852/416
f 1490/851/415 1523/852/416 1488/853/417
f 1488/853/417 1523/852/416 1524/854/418
f 1488/853/417 1524/854/418 1486/855/419
f 1486/855/419 1524/854/418 1525/856/420
f 1486/855/419 1525/856/420 1484/857/421
f 1484/857/421 1525/856/420 1526/858/422
f 1484/857/421 1526/858/422 1482/146/423
f 1482/146/423 1526/858/422 1527/859/424
f 1482/146/423 1527/859/424 1480/860/425
f 1480/860/425 1527/859/424 1478/861/426
f 1478/861/426 1527/859/424 1528/862/427
f 1478/861/426 1528/862/427 1476/863/428
f 1476/863/428 1528/862/427 1529/864/429
f 1476/863/428 1529/864/429 1474/865/430
f 1474/865/430 1529/864/429 1530/866/431
f 1474/865/430 1530/866/431 1472/867/432
f 1472/867/432 1530/866/431 1531/868/433
f 1472/867/432 1531/868/433 1470/869/434
f 1470/869/434 1531/868/433 1468/870/435
f 1468/870/435 1531/868/433 1532/871/436
f 1468/870/435 1532/871/436 1466/872/437
f 1466/872/437 1532/871/436 1533/873/438
f 1466/872/437 1533/873/438 1464/874/439
f 1464/874/439 1533/873/438 1534/875/440
f 1464/874/439 1534/875/440 1462/876/441
f 1462/876/441 1534/875/440 1535/877/442
f 1462/876/441 1535/877/442 1460/878/443
f 1460/878/443 1535/877/442 1458/879/444
f 1458/879/444 1535/877/442 1536/880/445
f 1458/879/444 1536/880/445 1456/881/446
f 1456/881/446 1536/880/445 1537/882/447
f 1456/881/446 1537/882/447 1454/883/448
f 1454/883/448 1537/882/447 1538/884/449
f 1454/883/448 1538/884/449 1452/885/450
f 1452/885/450 1538/884/449 1194/886/451
f 1194/886/451 1538/884/449 1450/887/452
f 1194/886/451 1450/887/452 1197/888/453
f 843/831/396 841/889/454 1514/832/397
f 1514/832/397 841/889/454 1516/835/399
f 841/889/454 839/890/455 1516/835/399
f 1516/835/399 839/890/455 1517/837/401
f 839/890/455 1388/891/456 1517/837/401
f 1517/837/401 1388/891/456 1513/839/403
f 1388/891/456 1390/892/457 1513/839/403
f 1513/839/403 1390/892/457 1518/841/405
f 1390/892/457 1392/893/458 1518/841/405
f 1518/841/405 1392/893/458 1519/843/407
f 1392/893/458 1395/894/459 1519/843/407
f 1519/843/407 1395/894/459 1520/845/409
f 1395/894/459 1397/895/460 1520/845/409
f 1520/845/409 1397/895/460 1400/896/461
f 1520/845/409 1400/896/461 1521/848/412
f 1521/848/412 1400/896/461 1402/897/462
f 1521/848/412 1402/897/462 1522/850/414
f 1522/850/414 1402/897/462 1404/898/463
f 1522/850/414 1404/898/463 1523/852/416
f 1523/852/416 1404/898/463 1406/899/464
f 1523/852/416 1406/899/464 1408/900/465
f 1523/852/416 1408/900/465 1524/854/418
f 1524/854/418 1408/900/465 1410/901/466
f 1524/854/418 1410/901/466 1525/856/420
f 1525/856/420 1410/901/466 1412/902/467
f 1525/856/420 1412/902/467 1526/858/422
f 1526/858/422 1412/902/467 1414/903/468
f 1526/858/422 1414/903/468 1416/904/469
f 1526/858/422 1416/904/469 1527/859/424
f 1527/859/424 1416/904/469 1418/905/470
f 1527/859/424 1418/905/470 1528/862/427
f 1528/862/427 1418/905/470 1420/906/471
f 1528/862/427 1420/906/471 1422/907/472
f 1528/862/427 1422/907/472 1529/864/429
f 1529/864/429 1422/907/472 1424/908/473
f 1529/864/429 1424/908/473 1530/866/431
f 1530/866/431 1424/908/473 1426/909/474
f 1530/866/431 1426/909/474 1428/910/475
f 1530/866/431 1428/910/475 1531/868/433
f 1531/868/433 1428/910/475 1430/911/476
f 1531/868/433 1430/911/476 1532/871/436
f 1532/871/436 1430/911/476 1432/912/477
f 1532/871/436 1432/912/477 1434/913/478
f 1532/871/436 1434/913/478 1533/873/438
f 1533/873/438 1434/913/478 1436/914/479
f 1533/873/438 1436/914/479 1534/875/440
f 1534/875/440 1436/914/479 1438/915/480
f 1534/875/440 1438/915/480 1535/877/442
f 1535/877/442 1438/915/480 1440/916/481
f 1535/877/442 1440/916/481 1442/917/482
f 1535/877/442 1442/917/482 1536/880/445
f 1536/880/445 1442/917/482 1444/918/483
f 1536/880/445 1444/918/483 1537/882/447
f 1537/882/447 1444/918/483 1446/919/484
f 1537/882/447 1446/919/484 1448/920/485
f 1537/882/447 1448/920/485 1538/884/449
f 1538/884/449 1448/920/485 1450/887/452
f 1510/833/398 1512/829/395 1515/827/393
f 1600/921/37 460/146/2 1602/922/266
f 1602/922/266 460/146/2 457/923/166
f 1602/922/266 457/923/166 1540/924/37
f 1602/922/266 1540/924/37 1601/925/265
f 1601/925/265 1540/924/37 1542/926/5
f 1601/925/265 1542/926/5 1603/927/486
f 1603/927/486 1542/926/5 1544/928/7
f 1603/927/486 1544/928/7 1604/929/164
f 1604/929/164 1544/928/7 1546/930/73
f 1604/929/164 1546/930/73 1605/931/487
f 1605/931/487 1546/930/73 1548/932/11
f 1605/931/487 1548/932/11 1606/933/488
f 1606/933/488 1548/932/11 1550/934/13
f 1606/933/488 1550/934/13 1607/935/254
f 1607/935/254 1550/934/13 1608/936/489
f 1607/935/254 1608/936/489 1590/937/13
f 1590/937/13 1608/936/489 1588/938/15
f 1588/938/15 1608/936/489 1609/939/16
f 1588/938/15 1609/939/16 1584/940/16
f 1584/940/16 1609/939/16 1583/941/71
f 1583/941/71 1609/939/16 1610/942/18
f 1583/941/71 1610/942/18 1580/943/19
f 1580/943/19 1610/942/18 1611/944/490
f 1580/943/19 1611/944/490 1578/945/22
f 1578/945/22 1611/944/490 1612/946/491
f 1578/945/22 1612/946/491 1576/947/26
f 1576/947/26 1612/946/491 1613/948/77
f 1576/947/26 1613/948/77 1574/949/28
f 1574/949/28 1613/948/77 1614/950/492
f 1574/949/28 1614/950/492 1572/951/53
f 1572/951/53 1614/950/492 1615/952/245
f 1572/951/53 1615/952/245 1570/953/35
f 1570/953/35 1615/952/245 493/954/34
f 493/954/34 1615/952/245 1568/955/35
f 493/954/34 1568/955/35 496/956/34
f 1550/934/13 1552/957/15 1608/936/489
f 1608/936/489 1552/957/15 1609/939/16
f 1552/957/15 1553/958/16 1609/939/16
f 1609/939/16 1553/958/16 1556/959/17
f 1609/939/16 1556/959/17 1610/942/18
f 1610/942/18 1556/959/17 1558/960/19
f 1610/942/18 1558/960/19 1611/944/490
f 1611/944/490 1558/960/19 1560/961/22
f 1611/944/490 1560/961/22 1612/946/491
f 1612/946/491 1560/961/22 1562/962/36
f 1612/946/491 1562/962/36 1613/948/77
f 1613/948/77 1562/962/36 1564/963/28
f 1613/948/77 1564/963/28 1614/950/492
f 1614/950/492 1564/963/28 1566/964/53
f 1614/950/492 1566/964/53 1615/952/245
f 1615/952/245 1566/964/53 1568/955/35
f 1607/935/254 1590/937/13 1606/933/488
f 1606/933/488 1590/937/13 1592/965/11
f 1606/933/488 1592/965/11 1605/931/487
f 1605/931/487 1592/965/11 1594/966/9
f 1605/931/487 1594/966/9 1604/929/164
f 1604/929/164 1594/966/9 1596/967/7
f 1604/929/164 1596/967/7 1603/927/486
f 1603/927/486 1596/967/7 1598/968/24
f 1603/927/486 1598/968/24 1601/925/265
f 1601/925/265 1598/968/24 1600/921/37
f 1601/925/265 1600/921/37 1602/922/266
s 0
f 1599/969/311 1487/970/311 459/971/311
f 459/971/311 1487/970/311 1485/972/311
f 459/971/311 1485/972/311 461/973/311
f 461/973/311 1485/972/311 1483/974/311
f 461/973/311 1483/974/311 463/975/311
f 463/975/311 1483/974/311 1481/976/311
f 463/975/311 1481/976/311 465/977/311
f 465/977/311 1481/976/311 1479/978/311
f 465/977/311 1479/978/311 467/979/311
f 467/979/311 1479/978/311 1477/980/311
f 467/979/311 1477/980/311 1475/981/311
f 1487/970/311 1599/969/311 1489/982/311
f 1489/982/311 1599/969/311 1597/983/311
f 1489/982/311 1597/983/311 1491/984/311
f 1491/984/311 1597/983/311 1595/985/311
f 1491/984/311 1595/985/311 1493/986/311
f 1493/986/311 1595/985/311 1593/987/311
f 1493/986/311 1593/987/311 1495/988/311
f 1495/988/311 1593/987/311 1497/989/311
f 1497/989/311 1593/987/311 1591/990/311
f 1497/989/311 1591/990/311 1499/991/311
f 1499/991/311 1591/990/311 1589/992/311
f 1499/991/311 1589/992/311 1501/993/311
f 1501/993/311 1589/992/311 1587/994/311
f 1501/993/311 1587/994/311 1503/995/311
f 1503/995/311 1587/994/311 1585/996/311
f 1503/995/311 1585/996/311 1505/997/311
f 1505/997/311 1585/996/311 1616/998/311
f 1505/997/311 1616/998/311 1507/999/311
f 1507/999/311 1616/998/311 1581/1000/311
f 1507/999/311 1581/1000/311 1579/1001/311
f 1586/996/311 1582/1000/311 1617/998/311
f 1507/999/311 1579/1001/311 1509/1002/311
f 1509/1002/311 1579/1001/311 1577/1003/311
f 1509/1002/311 1577/1003/311 1511/1004/311
f 1511/1004/311 1577/1003/311 1378/1005/311
f 1378/1005/311 1577/1003/311 1575/1006/311
f 1378/1005/311 1575/1006/311 1573/1007/311
f 1571/1008/311 1207/1009/311 1573/1007/311
f 1573/1007/311 1207/1009/311 1205/1010/311
f 1573/1007/311 1205/1010/311 1378/1005/311
f 1378/1005/311 1205/1010/311 1365/1011/311
f 1365/1011/311 1205/1010/311 1369/1012/311
f 1369/1012/311 1205/1010/311 1202/1013/311
f 1369/1012/311 1202/1013/311 1371/1014/311
f 1371/1014/311 1202/1013/311 1373/1015/311
f 1373/1015/311 1202/1013/311 1360/1016/311
f 1373/1015/311 1360/1016/311 1159/1017/311
f 1159/1017/311 1360/1016/311 1358/1018/311
f 1159/1017/311 1358/1018/311 1356/1019/311
f 1569/1020/311 1216/1021/311 1571/1008/311
f 1571/1008/311 1216/1021/311 1214/1022/311
f 1571/1008/311 1214/1022/311 1207/1009/311
f 1216/1021/311 1569/1020/311 1192/1023/311
f 1192/1023/311 1569/1020/311 491/1024/311
f 1192/1023/311 491/1024/311 1451/1025/311
f 1451/1025/311 491/1024/311 489/1026/311
f 1451/1025/311 489/1026/311 1453/1027/311
f 1453/1027/311 489/1026/311 487/1028/311
f 1453/1027/311 487/1028/311 1455/1029/311
f 1455/1029/311 487/1028/311 485/1030/311
f 1455/1029/311 485/1030/311 1457/1031/311
f 1457/1031/311 485/1030/311 483/1032/311
f 1457/1031/311 483/1032/311 1459/1033/311
f 1459/1033/311 483/1032/311 481/1034/311
f 1459/1033/311 481/1034/311 1461/1035/311
f 1461/1035/311 481/1034/311 479/1036/311
f 1461/1035/311 479/1036/311 1463/1037/311
f 1463/1037/311 479/1036/311 1465/1038/311
f 1465/1038/311 479/1036/311 477/1039/311
f 1465/1038/311 477/1039/311 1467/1040/311
f 1467/1040/311 477/1039/311 476/1041/311
f 1467/1040/311 476/1041/311 1469/1042/311
f 1469/1042/311 476/1041/311 473/1043/311
f 1469/1042/311 473/1043/311 1471/1044/311
f 1471/1044/311 473/1043/311 471/1045/311
f 1471/1044/311 471/1045/311 1473/1046/311
f 1473/1046/311 471/1045/311 469/1047/311
f 1473/1046/311 469/1047/311 1475/981/311
f 1475/981/311 469/1047/311 467/979/311
f 1163/1048/311 1159/1017/311 1356/1019/311
f 1185/1049/311 1226/1050/311 1192/1023/311
f 1192/1023/311 1226/1050/311 1224/1051/311
f 1192/1023/311 1224/1051/311 1222/1052/311
f 1222/1052/311 1220/1053/311 1192/1023/311
f 1192/1023/311 1220/1053/311 1218/1054/311
f 1192/1023/311 1218/1054/311 1216/1021/311
s 1
f 1679/1055/88 369/2/2 1681/1056/199
f 1681/1056/199 369/2/2 367/1057/2
f 1681/1056/199 367/1057/2 1619/1058/88
f 1681/1056/199 1619/1058/88 1680/1059/493
f 1680/1059/493 1619/1058/88 1622/1060/90
f 1680/1059/493 1622/1060/90 1682/1061/494
f 1682/1061/494 1622/1060/90 1625/1062/92
f 1682/1061/494 1625/1062/92 1683/1063/495
f 1683/1063/495 1625/1062/92 1627/1064/201
f 1683/1063/495 1627/1064/201 1684/1065/496
f 1684/1065/496 1627/1064/201 1629/1066/96
f 1684/1065/496 1629/1066/96 1685/1067/497
f 1685/1067/497 1629/1066/96 1631/1068/98
f 1685/1067/497 1631/1068/98 1686/1069/498
f 1686/1069/498 1631/1068/98 1687/1070/99
f 1686/1069/498 1687/1070/99 1669/1071/499
f 1669/1071/499 1687/1070/99 1667/1072/500
f 1667/1072/500 1687/1070/99 1688/1073/101
f 1667/1072/500 1688/1073/101 1665/1074/101
f 1665/1074/101 1688/1073/101 1663/1075/102
f 1663/1075/102 1688/1073/101 1689/1076/181
f 1663/1075/102 1689/1076/181 1661/1077/104
f 1661/1077/104 1689/1076/181 1690/1078/501
f 1661/1077/104 1690/1078/501 1659/1079/106
f 1659/1079/106 1690/1078/501 1691/1080/502
f 1659/1079/106 1691/1080/502 1657/1081/110
f 1657/1081/110 1691/1080/502 1692/1082/503
f 1657/1081/110 1692/1082/503 1655/1083/112
f 1655/1083/112 1692/1082/503 1693/1084/173
f 1655/1083/112 1693/1084/173 1653/1085/118
f 1653/1085/118 1693/1084/173 1694/1086/504
f 1653/1085/118 1694/1086/504 1651/1087/116
f 1651/1087/116 1694/1086/504 406/1088/34
f 406/1088/34 1694/1086/504 1649/1089/116
f 406/1088/34 1649/1089/116 409/1090/34
f 1631/1068/98 1633/1091/202 1687/1070/99
f 1687/1070/99 1633/1091/202 1688/1073/101
f 1633/1091/202 1634/1092/101 1688/1073/101
f 1688/1073/101 1634/1092/101 1637/1093/505
f 1688/1073/101 1637/1093/505 1689/1076/181
f 1689/1076/181 1637/1093/505 1639/1094/104
f 1689/1076/181 1639/1094/104 1690/1078/501
f 1690/1078/501 1639/1094/104 1641/1095/106
f 1690/1078/501 1641/1095/106 1691/1080/502
f 1691/1080/502 1641/1095/106 1643/1096/204
f 1691/1080/502 1643/1096/204 1692/1082/503
f 1692/1082/503 1643/1096/204 1645/1097/112
f 1692/1082/503 1645/1097/112 1693/1084/173
f 1693/1084/173 1645/1097/112 1647/1098/148
f 1693/1084/173 1647/1098/148 1694/1086/504
f 1694/1086/504 1647/1098/148 1649/1089/116
f 1686/1069/498 1669/1071/499 1685/1067/497
f 1685/1067/497 1669/1071/499 1671/1099/96
f 1685/1067/497 1671/1099/96 1684/1065/496
f 1684/1065/496 1671/1099/96 1673/1100/94
f 1684/1065/496 1673/1100/94 1683/1063/495
f 1683/1063/495 1673/1100/94 1675/1101/92
f 1683/1063/495 1675/1101/92 1682/1061/494
f 1682/1061/494 1675/1101/92 1677/1102/506
f 1682/1061/494 1677/1102/506 1680/1059/493
f 1680/1059/493 1677/1102/506 1679/1055/88
f 1680/1059/493 1679/1055/88 1681/1056/199
f 1756/1103/88 277/2/2 1758/1104/507
f 1758/1104/507 277/2/2 274/1105/2
f 1758/1104/507 274/1105/2 1696/1106/88
f 1758/1104/507 1696/1106/88 1757/1107/508
f 1757/1107/508 1696/1106/88 1698/1108/509
f 1757/1107/508 1698/1108/509 1759/1109/510
f 1759/1109/510 1698/1108/509 1700/1110/92
f 1759/1109/510 1700/1110/92 1760/1111/511
f 1760/1111/511 1700/1110/92 1702/1112/94
f 1760/1111/511 1702/1112/94 1761/1113/512
f 1761/1113/512 1702/1112/94 1705/1114/96
f 1761/1113/512 1705/1114/96 1762/1115/513
f 1762/1115/513 1705/1114/96 1707/1116/98
f 1762/1115/513 1707/1116/98 1763/1117/514
f 1763/1117/514 1707/1116/98 1764/1118/99
f 1763/1117/514 1764/1118/99 1746/1119/98
f 1746/1119/98 1764/1118/99 1744/1120/515
f 1744/1120/515 1764/1118/99 1765/1121/101
f 1744/1120/515 1765/1121/101 1742/1122/107
f 1742/1122/107 1765/1121/101 1740/1123/102
f 1740/1123/102 1765/1121/101 1766/1124/516
f 1740/1123/102 1766/1124/516 1737/1125/104
f 1737/1125/104 1766/1124/516 1767/1126/501
f 1737/1125/104 1767/1126/501 1735/1127/106
f 1735/1127/106 1767/1126/501 1768/1128/517
f 1735/1127/106 1768/1128/517 1733/1129/110
f 1733/1129/110 1768/1128/517 1769/1130/518
f 1733/1129/110 1769/1130/518 1731/1131/112
f 1731/1131/112 1769/1130/518 1770/1132/519
f 1731/1131/112 1770/1132/519 1729/1133/148
f 1729/1133/148 1770/1132/519 1771/1134/504
f 1729/1133/148 1771/1134/504 1727/1135/116
f 1727/1135/116 1771/1134/504 313/1136/520
f 313/1136/520 1771/1134/504 1725/1137/116
f 313/1136/520 1725/1137/116 315/1138/521
f 1707/1116/98 1709/1139/100 1764/1118/99
f 1764/1118/99 1709/1139/100 1765/1121/101
f 1709/1139/100 1710/1140/101 1765/1121/101
f 1765/1121/101 1710/1140/101 1713/1141/522
f 1765/1121/101 1713/1141/522 1766/1124/516
f 1766/1124/516 1713/1141/522 1715/1142/104
f 1766/1124/516 1715/1142/104 1767/1126/501
f 1767/1126/501 1715/1142/104 1717/1143/106
f 1767/1126/501 1717/1143/106 1768/1128/517
f 1768/1128/517 1717/1143/106 1719/1144/204
f 1768/1128/517 1719/1144/204 1769/1130/518
f 1769/1130/518 1719/1144/204 1721/1145/523
f 1769/1130/518 1721/1145/523 1770/1132/519
f 1770/1132/519 1721/1145/523 1723/1146/524
f 1770/1132/519 1723/1146/524 1771/1134/504
f 1771/1134/504 1723/1146/524 1725/1137/116
f 1763/1117/514 1746/1119/98 1762/1115/513
f 1762/1115/513 1746/1119/98 1748/1147/96
f 1762/1115/513 1748/1147/96 1761/1113/512
f 1761/1113/512 1748/1147/96 1750/1148/94
f 1761/1113/512 1750/1148/94 1760/1111/511
f 1760/1111/511 1750/1148/94 1752/1149/92
f 1760/1111/511 1752/1149/92 1759/1109/510
f 1759/1109/510 1752/1149/92 1754/1150/509
f 1759/1109/510 1754/1150/509 1757/1107/508
f 1757/1107/508 1754/1150/509 1756/1103/88
f 1757/1107/508 1756/1103/88 1758/1104/507
f 1831/1055/88 187/2/2 1833/1056/525
f 1833/1056/525 187/2/2 185/1057/2
f 1833/1056/525 185/1057/2 1773/1151/137
f 1833/1056/525 1773/1151/137 1832/1059/526
f 1832/1059/526 1773/1151/137 1775/1152/90
f 1832/1059/526 1775/1152/90 1834/1061/527
f 1834/1061/527 1775/1152/90 1777/1153/92
f 1834/1061/527 1777/1153/92 1835/1063/528
f 1835/1063/528 1777/1153/92 1779/1154/94
f 1835/1063/528 1779/1154/94 1836/1065/496
f 1836/1065/496 1779/1154/94 1781/1155/529
f 1836/1065/496 1781/1155/529 1837/1067/497
f 1837/1067/497 1781/1155/529 1783/1156/98
f 1837/1067/497 1783/1156/98 1838/1069/98
f 1838/1069/98 1783/1156/98 1839/1070/99
f 1838/1069/98 1839/1070/99 1821/1071/98
f 1821/1071/98 1839/1070/99 1819/1072/530
f 1819/1072/530 1839/1070/99 1840/1073/101
f 1819/1072/530 1840/1073/101 1817/1074/101
f 1817/1074/101 1840/1073/101 1815/1075/102
f 1815/1075/102 1840/1073/101 1841/1076/127
f 1815/1075/102 1841/1076/127 1813/1077/104
f 1813/1077/104 1841/1076/127 1842/1078/501
f 1813/1077/104 1842/1078/501 1811/1079/106
f 1811/1079/106 1842/1078/501 1843/1080/177
f 1811/1079/106 1843/1080/177 1809/1081/110
f 1809/1081/110 1843/1080/177 1844/1082/123
f 1809/1081/110 1844/1082/123 1807/1083/112
f 1807/1083/112 1844/1082/123 1845/1084/173
f 1807/1083/112 1845/1084/173 1805/1085/118
f 1805/1085/118 1845/1084/173 1846/1086/504
f 1805/1085/118 1846/1086/504 1803/1087/531
f 1803/1087/531 1846/1086/504 221/1088/34
f 221/1088/34 1846/1086/504 1801/1157/116
f 221/1088/34 1801/1157/116 225/1158/34
f 1783/1156/98 1785/1159/202 1839/1070/99
f 1839/1070/99 1785/1159/202 1840/1073/101
f 1785/1159/202 1786/1160/101 1840/1073/101
f 1840/1073/101 1786/1160/101 1789/1161/102
f 1840/1073/101 1789/1161/102 1841/1076/127
f 1841/1076/127 1789/1161/102 1791/1162/104
f 1841/1076/127 1791/1162/104 1842/1078/501
f 1842/1078/501 1791/1162/104 1793/1163/106
f 1842/1078/501 1793/1163/106 1843/1080/177
f 1843/1080/177 1793/1163/106 1795/1164/204
f 1843/1080/177 1795/1164/204 1844/1082/123
f 1844/1082/123 1795/1164/204 1797/1165/112
f 1844/1082/123 1797/1165/112 1845/1084/173
f 1845/1084/173 1797/1165/112 1799/1166/148
f 1845/1084/173 1799/1166/148 1846/1086/504
f 1846/1086/504 1799/1166/148 1801/1157/116
f 1838/1069/98 1821/1071/98 1837/1067/497
f 1837/1067/497 1821/1071/98 1823/1099/529
f 1837/1067/497 1823/1099/529 1836/1065/496
f 1836/1065/496 1823/1099/529 1825/1100/94
f 1836/1065/496 1825/1100/94 1835/1063/528
f 1835/1063/528 1825/1100/94 1827/1101/92
f 1835/1063/528 1827/1101/92 1834/1061/527
f 1834/1061/527 1827/1101/92 1829/1102/509
f 1834/1061/527 1829/1102/509 1832/1059/526
f 1832/1059/526 1829/1102/509 1831/1055/88
f 1832/1059/526 1831/1055/88 1833/1056/525
f 1906/1055/137 95/2/2 1908/1056/532
f 1908/1056/532 95/2/2 93/1057/2
f 1908/1056/532 93/1057/2 1848/1167/88
f 1908/1056/532 1848/1167/88 1907/1059/533
f 1907/1059/533 1848/1167/88 1850/1168/509
f 1907/1059/533 1850/1168/509 1909/1061/534
f 1909/1061/534 1850/1168/509 1852/1169/92
f 1909/1061/534 1852/1169/92 1910/1063/535
f 1910/1063/535 1852/1169/92 1854/1170/201
f 1910/1063/535 1854/1170/201 1911/1065/496
f 1911/1065/496 1854/1170/201 1856/1171/96
f 1911/1065/496 1856/1171/96 1912/1067/497
f 1912/1067/497 1856/1171/96 1858/1172/98
f 1912/1067/497 1858/1172/98 1913/1069/98
f 1913/1069/98 1858/1172/98 1914/1070/99
f 1913/1069/98 1914/1070/99 1896/1071/98
f 1896/1071/98 1914/1070/99 1894/1072/202
f 1894/1072/202 1914/1070/99 1915/1073/101
f 1894/1072/202 1915/1073/101 1892/1074/101
f 1892/1074/101 1915/1073/101 1890/1075/522
f 1890/1075/522 1915/1073/101 1916/1076/127
f 1890/1075/522 1916/1076/127 1888/1077/104
f 1888/1077/104 1916/1076/127 1917/1078/501
f 1888/1077/104 1917/1078/501 1886/1079/106
f 1886/1079/106 1917/1078/501 1918/1080/177
f 1886/1079/106 1918/1080/177 1884/1081/119
f 1884/1081/119 1918/1080/177 1919/1082/123
f 1884/1081/119 1919/1082/123 1882/1083/112
f 1882/1083/112 1919/1082/123 1920/1084/536
f 1882/1083/112 1920/1084/536 1880/1085/118
f 1880/1085/118 1920/1084/536 1921/1086/504
f 1880/1085/118 1921/1086/504 1878/1087/116
f 1878/1087/116 1921/1086/504 131/1088/34
f 131/1088/34 1921/1086/504 1876/1173/116
f 131/1088/34 1876/1173/116 134/1090/521
f 1858/1172/98 1860/1174/537 1914/1070/99
f 1914/1070/99 1860/1174/537 1915/1073/101
f 1860/1174/537 1861/1175/101 1915/1073/101
f 1915/1073/101 1861/1175/101 1864/1176/102
f 1915/1073/101 1864/1176/102 1916/1076/127
f 1916/1076/127 1864/1176/102 1866/1177/104
f 1916/1076/127 1866/1177/104 1917/1078/501
f 1917/1078/501 1866/1177/104 1868/1178/106
f 1917/1078/501 1868/1178/106 1918/1080/177
f 1918/1080/177 1868/1178/106 1870/1179/110
f 1918/1080/177 1870/1179/110 1919/1082/123
f 1919/1082/123 1870/1179/110 1872/1180/538
f 1919/1082/123 1872/1180/538 1920/1084/536
f 1920/1084/536 1872/1180/538 1874/1181/539
f 1920/1084/536 1874/1181/539 1921/1086/504
f 1921/1086/504 1874/1181/539 1876/1173/116
f 1913/1069/98 1896/1071/98 1912/1067/497
f 1912/1067/497 1896/1071/98 1898/1099/529
f 1912/1067/497 1898/1099/529 1911/1065/496
f 1911/1065/496 1898/1099/529 1900/1100/94
f 1911/1065/496 1900/1100/94 1910/1063/535
f 1910/1063/535 1900/1100/94 1902/1101/92
f 1910/1063/535 1902/1101/92 1909/1061/534
f 1909/1061/534 1902/1101/92 1904/1102/540
f 1909/1061/534 1904/1102/540 1907/1059/533
f 1907/1059/533 1904/1102/540 1906/1055/137
f 1907/1059/533 1906/1055/137 1908/1056/532
f 1983/1055/88 5/2/2 1985/1056/199
f 1985/1056/199 5/2/2 3/1057/2
f 1985/1056/199 3/1057/2 1923/1182/88
f 1985/1056/199 1923/1182/88 1984/1059/541
f 1984/1059/541 1923/1182/88 1925/1183/90
f 1984/1059/541 1925/1183/90 1986/1061/542
f 1986/1061/542 1925/1183/90 1927/1184/92
f 1986/1061/542 1927/1184/92 1987/1063/134
f 1987/1063/134 1927/1184/92 1929/1185/94
f 1987/1063/134 1929/1185/94 1988/1065/496
f 1988/1065/496 1929/1185/94 1931/1186/96
f 1988/1065/496 1931/1186/96 1989/1067/497
f 1989/1067/497 1931/1186/96 1933/1187/98
f 1989/1067/497 1933/1187/98 1990/1069/98
f 1990/1069/98 1933/1187/98 1991/1070/99
f 1990/1069/98 1991/1070/99 1973/1071/543
f 1973/1071/543 1991/1070/99 1971/1072/202
f 1971/1072/202 1991/1070/99 1992/1073/101
f 1971/1072/202 1992/1073/101 1969/1074/101
f 1969/1074/101 1992/1073/101 1967/1075/102
f 1967/1075/102 1992/1073/101 1993/1076/181
f 1967/1075/102 1993/1076/181 1965/1077/104
f 1965/1077/104 1993/1076/181 1994/1078/501
f 1965/1077/104 1994/1078/501 1963/1079/106
f 1963/1079/106 1994/1078/501 1995/1080/502
f 1963/1079/106 1995/1080/502 1961/1081/119
f 1961/1081/119 1995/1080/502 1996/1082/123
f 1961/1081/119 1996/1082/123 1959/1083/112
f 1959/1083/112 1996/1082/123 1997/1084/173
f 1959/1083/112 1997/1084/173 1957/1085/118
f 1957/1085/118 1997/1084/173 1998/1086/504
f 1957/1085/118 1998/1086/504 1955/1087/116
f 1955/1087/116 1998/1086/504 39/1088/34
f 39/1088/34 1998/1086/504 1953/1188/544
f 39/1088/34 1953/1188/544 42/1090/34
f 1933/1187/98 1935/1189/545 1991/1070/99
f 1991/1070/99 1935/1189/545 1992/1073/101
f 1935/1189/545 1936/1190/101 1992/1073/101
f 1992/1073/101 1936/1190/101 1939/1191/102
f 1992/1073/101 1939/1191/102 1993/1076/181
f 1993/1076/181 1939/1191/102 1942/1192/104
f 1993/1076/181 1942/1192/104 1994/1078/501
f 1994/1078/501 1942/1192/104 1945/1193/106
f 1994/1078/501 1945/1193/106 1995/1080/502
f 1995/1080/502 1945/1193/106 1947/1194/204
f 1995/1080/502 1947/1194/204 1996/1082/123
f 1996/1082/123 1947/1194/204 1949/1195/112
f 1996/1082/123 1949/1195/112 1997/1084/173
f 1997/1084/173 1949/1195/112 1951/1196/114
f 1997/1084/173 1951/1196/114 1998/1086/504
f 1998/1086/504 1951/1196/114 1953/1188/544
f 1990/1069/98 1973/1071/543 1989/1067/497
f 1989/1067/497 1973/1071/543 1975/1099/96
f 1989/1067/497 1975/1099/96 1988/1065/496
f 1988/1065/496 1975/1099/96 1977/1100/94
f 1988/1065/496 1977/1100/94 1987/1063/134
f 1987/1063/134 1977/1100/94 1979/1101/92
f 1987/1063/134 1979/1101/92 1986/1061/542
f 1986/1061/542 1979/1101/92 1981/1102/540
f 1986/1061/542 1981/1102/540 1984/1059/541
f 1984/1059/541 1981/1102/540 1983/1055/88
f 1984/1059/541 1983/1055/88 1985/1056/199
s 0
f 834/1197/205 399/1198/205 838/1199/205
f 838/1199/205 399/1198/205 397/1200/205
f 838/1199/205 397/1200/205 395/1201/205
f 1195/1202/205 30/1203/205 834/1197/205
f 834/1197/205 30/1203/205 27/1204/205
f 835/1197/205 28/1204/205 25/1205/205
f 1449/1206/205 1954/1207/205 1195/1202/205
f 1195/1202/205 1954/1207/205 38/1208/205
f 1195/1202/205 38/1208/205 36/1209/205
f 1447/1210/205 1958/1211/205 1449/1206/205
f 1449/1206/205 1958/1211/205 1956/1212/205
f 1449/1206/205 1956/1212/205 1954/1207/205
f 1445/1213/205 1962/1214/205 1447/1210/205
f 1447/1210/205 1962/1214/205 1960/1215/205
f 1447/1210/205 1960/1215/205 1958/1211/205
f 1443/1216/205 1966/1217/205 1445/1213/205
f 1445/1213/205 1966/1217/205 1964/1218/205
f 1445/1213/205 1964/1218/205 1962/1214/205
f 1966/1217/205 1443/1216/205 1968/1219/205
f 1968/1219/205 1443/1216/205 1441/1220/205
f 1968/1219/205 1441/1220/205 1970/1221/205
f 1970/1221/205 1441/1220/205 1732/1222/205
f 1970/1221/205 1732/1222/205 1730/1223/205
f 1441/1220/205 1439/1224/205 1732/1222/205
f 1732/1222/205 1439/1224/205 218/1225/205
f 1732/1222/205 218/1225/205 1734/1226/205
f 1734/1226/205 218/1225/205 216/1227/205
f 1734/1226/205 216/1227/205 214/1228/205
f 218/1225/205 1439/1224/205 220/1229/205
f 220/1229/205 1439/1224/205 1437/1230/205
f 220/1229/205 1437/1230/205 1802/1231/205
f 1802/1231/205 1437/1230/205 1804/1232/205
f 1804/1232/205 1437/1230/205 1435/1233/205
f 1804/1232/205 1435/1233/205 1806/1234/205
f 1806/1234/205 1435/1233/205 1433/1235/205
f 1806/1234/205 1433/1235/205 1808/1236/205
f 1808/1236/205 1433/1235/205 1810/1237/205
f 1810/1237/205 1433/1235/205 1431/1238/205
f 1810/1237/205 1431/1238/205 1812/1239/205
f 1812/1239/205 1431/1238/205 1814/1240/205
f 1814/1240/205 1431/1238/205 1429/1241/205
f 1814/1240/205 1429/1241/205 1816/1242/205
f 1816/1242/205 1429/1241/205 1818/1243/205
f 1818/1243/205 1429/1241/205 1820/1244/205
f 1820/1244/205 1429/1241/205 1427/1245/205
f 1820/1244/205 1427/1245/205 1822/1246/205
f 1822/1246/205 1427/1245/205 1425/1247/205
f 1822/1246/205 1425/1247/205 1824/1248/205
f 1824/1248/205 1425/1247/205 1826/1249/205
f 1826/1249/205 1425/1247/205 1423/1250/205
f 1826/1249/205 1423/1250/205 1828/1251/205
f 1828/1251/205 1423/1250/205 1830/1252/205
f 1830/1252/205 1423/1250/205 1421/1253/205
f 1830/1252/205 1421/1253/205 186/1254/205
f 186/1254/205 1421/1253/205 1419/1255/205
f 186/1254/205 1419/1255/205 188/1256/205
f 188/1256/205 1419/1255/205 1749/1257/205
f 188/1256/205 1749/1257/205 1747/1258/205
f 1419/1255/205 1417/1259/205 1749/1257/205
f 1749/1257/205 1417/1259/205 1889/1260/205
f 1749/1257/205 1889/1260/205 1751/1261/205
f 1751/1261/205 1889/1260/205 1887/1262/205
f 1751/1261/205 1887/1262/205 1885/1263/205
f 1889/1260/205 1417/1259/205 1891/1264/205
f 1891/1264/205 1417/1259/205 1415/1265/205
f 1891/1264/205 1415/1265/205 1893/1266/205
f 1893/1266/205 1415/1265/205 1895/1267/205
f 1895/1267/205 1415/1265/205 1413/1268/205
f 1895/1267/205 1413/1268/205 1897/1269/205
f 1897/1269/205 1413/1268/205 1899/1270/205
f 1899/1270/205 1413/1268/205 1411/1271/205
f 1899/1270/205 1411/1271/205 1901/1272/205
f 1901/1272/205 1411/1271/205 1903/1273/205
f 1903/1273/205 1411/1271/205 1409/1274/205
f 1903/1273/205 1409/1274/205 1905/1275/205
f 1905/1275/205 1409/1274/205 94/1276/205
f 94/1276/205 1409/1274/205 1407/1277/205
f 94/1276/205 1407/1277/205 96/1278/205
f 96/1278/205 1407/1277/205 98/1279/205
f 98/1279/205 1407/1277/205 100/1280/205
f 100/1280/205 1407/1277/205 1405/1281/205
f 100/1280/205 1405/1281/205 102/1282/205
f 102/1282/205 1405/1281/205 104/1283/205
f 104/1283/205 1405/1281/205 1403/1284/205
f 104/1283/205 1403/1284/205 106/1285/205
f 106/1285/205 1403/1284/205 108/1286/205
f 108/1286/205 1403/1284/205 1401/1287/205
f 108/1286/205 1401/1287/205 111/1288/205
f 111/1288/205 1401/1287/205 1398/1289/205
f 112/1288/359 1399/1289/359 114/1290/359
f 113/1290/205 1398/1289/205 285/1291/205
f 113/1290/205 285/1291/205 282/1292/205
f 1398/1289/205 1396/1293/205 285/1291/205
f 285/1291/205 1396/1293/205 1678/1294/205
f 285/1291/205 1678/1294/205 287/1295/205
f 287/1295/205 1678/1294/205 1676/1296/205
f 287/1295/205 1676/1296/205 1674/1297/205
f 1678/1294/205 1396/1293/205 368/1298/205
f 368/1298/205 1396/1293/205 1393/1299/205
f 368/1298/205 1393/1299/205 370/1300/205
f 371/1300/359 1394/1299/359 374/1301/359
f 373/1301/205 1393/1299/205 1391/1302/205
f 373/1301/205 1391/1302/205 376/1303/205
f 376/1303/205 1391/1302/205 1389/1304/205
f 376/1303/205 1389/1304/205 378/1305/205
f 378/1305/205 1389/1304/205 380/1306/205
f 380/1306/205 1389/1304/205 1386/1307/205
f 380/1306/205 1386/1307/205 382/1308/205
f 382/1308/205 1386/1307/205 385/1309/205
f 386/1309/359 1387/1307/359 2003/1310/359
f 384/1309/546 2001/1310/546 389/1311/546
f 390/1311/205 2002/1310/205 838/1199/205
f 390/1311/205 838/1199/205 391/1312/205
f 391/1312/205 838/1199/205 393/1313/205
f 393/1313/205 838/1199/205 395/1201/205
f 1386/1307/205 838/1199/205 2002/1310/205
f 6/1314/205 4/1315/205 311/1316/205
f 311/1316/205 4/1315/205 1982/1317/205
f 311/1316/205 1982/1317/205 1726/1318/205
f 1726/1318/205 1982/1317/205 1980/1319/205
f 1726/1318/205 1980/1319/205 1978/1320/205
f 1726/1318/205 1978/1320/205 1728/1321/205
f 1728/1321/205 1978/1320/205 1976/1322/205
f 1728/1321/205 1976/1322/205 1974/1323/205
f 1728/1321/205 1974/1323/205 1730/1223/205
f 1730/1223/205 1974/1323/205 1972/1324/205
f 1730/1223/205 1972/1324/205 1970/1221/205
f 36/1209/205 34/1325/205 1195/1202/205
f 1195/1202/205 34/1325/205 32/1326/205
f 1195/1202/205 32/1326/205 30/1203/205
f 24/1205/205 22/1327/205 834/1197/205
f 834/1197/205 22/1327/205 403/1328/205
f 834/1197/205 403/1328/205 401/1329/205
f 403/1328/205 22/1327/205 405/1330/205
f 405/1330/205 22/1327/205 21/1331/205
f 405/1330/205 21/1331/205 303/1332/205
f 303/1332/205 21/1331/205 18/1333/205
f 303/1332/205 18/1333/205 305/1334/205
f 305/1334/205 18/1333/205 16/1335/205
f 305/1334/205 16/1335/205 14/1336/205
f 305/1334/205 14/1336/205 307/1337/205
f 307/1337/205 14/1336/205 12/1338/205
f 307/1337/205 12/1338/205 10/1339/205
f 307/1337/205 10/1339/205 309/1340/205
f 309/1340/205 10/1339/205 8/1341/205
f 309/1340/205 8/1341/205 6/1314/205
f 309/1340/205 6/1314/205 311/1316/205
f 1751/1261/205 1885/1263/205 1753/1342/205
f 1753/1342/205 1885/1263/205 1883/1343/205
f 1753/1342/205 1883/1343/205 1881/1344/205
f 1753/1342/205 1881/1344/205 1755/1345/205
f 1755/1345/205 1881/1344/205 1879/1346/205
f 1755/1345/205 1879/1346/205 1877/1347/205
f 1755/1345/205 1877/1347/205 276/1348/205
f 276/1348/205 1877/1347/205 130/1349/205
f 276/1348/205 130/1349/205 128/1350/205
f 276/1348/205 128/1350/205 278/1351/205
f 278/1351/205 128/1350/205 126/1352/205
f 278/1351/205 126/1352/205 124/1353/205
f 278/1351/205 124/1353/205 280/1354/205
f 280/1354/205 124/1353/205 122/1355/205
f 280/1354/205 122/1355/205 120/1356/205
f 280/1354/205 120/1356/205 282/1292/205
f 282/1292/205 120/1356/205 117/1357/205
f 283/1292/359 118/1357/359 115/1290/359
f 1734/1226/205 214/1228/205 1736/1358/205
f 1736/1358/205 214/1228/205 212/1359/205
f 1736/1358/205 212/1359/205 210/1360/205
f 1736/1358/205 210/1360/205 1738/1361/205
f 1738/1361/205 210/1360/205 207/1362/205
f 1739/1361/359 208/1362/359 205/1363/359
f 1738/1361/205 204/1363/205 1741/1364/205
f 1741/1364/205 204/1363/205 203/1365/205
f 1741/1364/205 203/1365/205 200/1366/205
f 1741/1364/205 200/1366/205 1743/1367/205
f 1743/1367/205 200/1366/205 198/1368/205
f 1743/1367/205 198/1368/205 196/1369/205
f 1743/1367/205 196/1369/205 1745/1370/205
f 1745/1370/205 196/1369/205 194/1371/205
f 1745/1370/205 194/1371/205 192/1372/205
f 1745/1370/205 192/1372/205 1747/1258/205
f 1747/1258/205 192/1372/205 190/1373/205
f 1747/1258/205 190/1373/205 188/1256/205
f 405/1330/205 303/1332/205 1650/1374/205
f 1650/1374/205 303/1332/205 301/1375/205
f 1650/1374/205 301/1375/205 1652/1376/205
f 1652/1376/205 301/1375/205 1654/1377/205
f 1654/1377/205 301/1375/205 299/1378/205
f 1654/1377/205 299/1378/205 1656/1379/205
f 1656/1379/205 299/1378/205 1658/1380/205
f 1658/1380/205 299/1378/205 297/1381/205
f 1658/1380/205 297/1381/205 1660/1382/205
f 1660/1382/205 297/1381/205 1662/1383/205
f 1662/1383/205 297/1381/205 296/1384/205
f 1662/1383/205 296/1384/205 1664/1385/205
f 1664/1385/205 296/1384/205 2000/1386/205
f 1664/1385/205 2000/1386/205 1666/1387/205
f 1666/1387/205 2000/1386/205 292/1388/205
f 1666/1387/205 292/1388/205 1668/1389/205
f 1668/1389/205 292/1388/205 1670/1390/205
f 1670/1390/205 292/1388/205 289/1391/205
f 1670/1390/205 289/1391/205 1672/1392/205
f 1672/1392/205 289/1391/205 1674/1297/205
f 1674/1297/205 289/1391/205 287/1295/205
f 295/1384/546 291/1388/546 1999/1386/546
f 401/1329/205 399/1198/205 834/1197/205
f 526/973/311 1849/1212/311 456/971/311
f 456/971/311 1849/1212/311 1847/1207/311
f 456/971/311 1847/1207/311 91/1208/311
f 524/975/311 1855/1214/311 526/973/311
f 526/973/311 1855/1214/311 1853/1215/311
f 526/973/311 1853/1215/311 1851/1211/311
f 522/977/311 1862/1219/311 524/975/311
f 524/975/311 1862/1219/311 1859/1217/311
f 524/975/311 1859/1217/311 1857/1218/311
f 520/979/311 1701/1222/311 522/977/311
f 522/977/311 1701/1222/311 1699/1223/311
f 522/977/311 1699/1223/311 1863/1221/311
f 1863/1221/311 1699/1223/311 1865/1324/311
f 1865/1324/311 1699/1223/311 1867/1323/311
f 1867/1323/311 1699/1223/311 1697/1321/311
f 1867/1323/311 1697/1321/311 1869/1322/311
f 1869/1322/311 1697/1321/311 1871/1320/311
f 1871/1320/311 1697/1321/311 1695/1318/311
f 1871/1320/311 1695/1318/311 1873/1319/311
f 1873/1319/311 1695/1318/311 1875/1317/311
f 1875/1317/311 1695/1318/311 273/1316/311
f 1875/1317/311 273/1316/311 133/1315/311
f 133/1315/311 273/1316/311 136/1314/311
f 136/1314/311 273/1316/311 348/1340/311
f 136/1314/311 348/1340/311 138/1341/311
f 138/1341/311 348/1340/311 140/1339/311
f 140/1339/311 348/1340/311 346/1337/311
f 140/1339/311 346/1337/311 142/1338/311
f 142/1338/311 346/1337/311 144/1336/311
f 144/1336/311 346/1337/311 343/1334/311
f 144/1336/311 343/1334/311 146/1335/311
f 147/1335/313 344/1334/313 150/1333/313
f 149/1333/311 343/1334/311 1543/985/311
f 149/1333/311 1543/985/311 153/1331/311
f 153/1331/311 1543/985/311 1541/983/311
f 153/1331/311 1541/983/311 154/1327/311
f 154/1327/311 1541/983/311 156/1205/311
f 156/1205/311 1541/983/311 158/1204/311
f 158/1204/311 1541/983/311 1539/969/311
f 158/1204/311 1539/969/311 160/1203/311
f 160/1203/311 1539/969/311 162/1326/311
f 162/1326/311 1539/969/311 164/1325/311
f 164/1325/311 1539/969/311 456/971/311
f 164/1325/311 456/971/311 166/1209/311
f 166/1209/311 456/971/311 91/1208/311
f 1701/1222/311 520/979/311 1703/1226/311
f 1703/1226/311 520/979/311 518/1047/311
f 1703/1226/311 518/1047/311 256/1225/311
f 256/1225/311 518/1047/311 183/1229/311
f 183/1229/311 518/1047/311 516/1045/311
f 183/1229/311 516/1045/311 1772/1231/311
f 1772/1231/311 516/1045/311 1774/1232/311
f 1774/1232/311 516/1045/311 1776/1234/311
f 1776/1234/311 516/1045/311 514/1043/311
f 1776/1234/311 514/1043/311 1778/1236/311
f 1778/1236/311 514/1043/311 1780/1237/311
f 1780/1237/311 514/1043/311 1782/1239/311
f 1782/1239/311 514/1043/311 513/1393/311
f 1782/1239/311 513/1393/311 1784/1240/311
f 1784/1240/311 513/1393/311 1787/1394/311
f 1787/1394/311 513/1393/311 1788/1243/311
f 1788/1243/311 513/1393/311 1790/1244/311
f 1790/1244/311 513/1393/311 510/1039/311
f 1790/1244/311 510/1039/311 1792/1246/311
f 1792/1246/311 510/1039/311 1794/1248/311
f 1794/1248/311 510/1039/311 1796/1249/311
f 1796/1249/311 510/1039/311 508/1036/311
f 1796/1249/311 508/1036/311 1798/1251/311
f 1798/1251/311 508/1036/311 1800/1252/311
f 1800/1252/311 508/1036/311 223/1254/311
f 223/1254/311 508/1036/311 506/1034/311
f 223/1254/311 506/1034/311 226/1256/311
f 226/1256/311 506/1034/311 1716/1258/311
f 226/1256/311 1716/1258/311 228/1373/311
f 228/1373/311 1716/1258/311 230/1372/311
f 230/1372/311 1716/1258/311 1714/1370/311
f 230/1372/311 1714/1370/311 232/1371/311
f 232/1371/311 1714/1370/311 234/1369/311
f 234/1369/311 1714/1370/311 1712/1367/311
f 234/1369/311 1712/1367/311 236/1368/311
f 236/1368/311 1712/1367/311 238/1366/311
f 238/1366/311 1712/1367/311 1711/1395/311
f 238/1366/311 1711/1395/311 241/1396/311
f 241/1396/311 1711/1395/311 242/1363/311
f 242/1363/311 1711/1395/311 1708/1361/311
f 242/1363/311 1708/1361/311 244/1362/311
f 244/1362/311 1708/1361/311 246/1360/311
f 246/1360/311 1708/1361/311 1706/1358/311
f 246/1360/311 1706/1358/311 248/1359/311
f 248/1359/311 1706/1358/311 250/1228/311
f 250/1228/311 1706/1358/311 1703/1226/311
f 251/1228/313 1704/1226/313 254/1227/313
f 253/1227/311 1703/1226/311 256/1225/311
f 506/1034/311 504/1032/311 1716/1258/311
f 1716/1258/311 504/1032/311 1718/1257/311
f 1718/1257/311 504/1032/311 502/1030/311
f 1718/1257/311 502/1030/311 1720/1261/311
f 1720/1261/311 502/1030/311 1934/1260/311
f 1720/1261/311 1934/1260/311 1932/1262/311
f 1934/1260/311 502/1030/311 1937/1264/311
f 1937/1264/311 502/1030/311 499/1028/311
f 1937/1264/311 499/1028/311 1938/1266/311
f 1938/1266/311 499/1028/311 1940/1267/311
f 1941/1267/311 500/1028/311 1944/1269/311
f 1943/1269/311 499/1028/311 497/1026/311
f 1943/1269/311 497/1026/311 1946/1270/311
f 1946/1270/311 497/1026/311 1948/1272/311
f 1948/1272/311 497/1026/311 1950/1273/311
f 1950/1273/311 497/1026/311 494/1024/311
f 1950/1273/311 494/1024/311 1952/1275/311
f 1952/1275/311 494/1024/311 41/1276/311
f 41/1276/311 494/1024/311 44/1278/311
f 44/1278/311 494/1024/311 46/1279/311
f 46/1279/311 494/1024/311 1567/1020/311
f 46/1279/311 1567/1020/311 48/1280/311
f 48/1280/311 1567/1020/311 50/1282/311
f 50/1282/311 1567/1020/311 52/1283/311
f 52/1283/311 1567/1020/311 1565/1008/311
f 52/1283/311 1565/1008/311 54/1285/311
f 54/1285/311 1565/1008/311 56/1286/311
f 56/1286/311 1565/1008/311 59/1288/311
f 59/1288/311 1565/1008/311 1563/1007/311
f 59/1288/311 1563/1007/311 60/1290/311
f 60/1290/311 1563/1007/311 321/1292/311
f 60/1290/311 321/1292/311 62/1357/311
f 63/1357/313 322/1292/313 66/1356/313
f 65/1356/311 321/1292/311 319/1354/311
f 65/1356/311 319/1354/311 68/1355/311
f 68/1355/311 319/1354/311 70/1353/311
f 70/1353/311 319/1354/311 317/1351/311
f 70/1353/311 317/1351/311 72/1352/311
f 72/1352/311 317/1351/311 74/1350/311
f 74/1350/311 317/1351/311 314/1348/311
f 74/1350/311 314/1348/311 1/1349/311
f 1/1349/311 314/1348/311 1922/1347/311
f 1922/1347/311 314/1348/311 1724/1345/311
f 1922/1347/311 1724/1345/311 1924/1346/311
f 1924/1346/311 1724/1345/311 1926/1344/311
f 1926/1344/311 1724/1345/311 1722/1342/311
f 1926/1344/311 1722/1342/311 1928/1343/311
f 1928/1343/311 1722/1342/311 1930/1263/311
f 1930/1263/311 1722/1342/311 1720/1261/311
f 1930/1263/311 1720/1261/311 1932/1262/311
f 321/1292/311 1563/1007/311 324/1291/311
f 324/1291/311 1563/1007/311 1561/1006/311
f 324/1291/311 1561/1006/311 326/1295/311
f 326/1295/311 1561/1006/311 1559/1003/311
f 326/1295/311 1559/1003/311 1648/1294/311
f 1648/1294/311 1559/1003/311 408/1298/311
f 408/1298/311 1559/1003/311 1557/1001/311
f 408/1298/311 1557/1001/311 411/1300/311
f 411/1300/311 1557/1001/311 413/1301/311
f 413/1301/311 1557/1001/311 415/1303/311
f 415/1303/311 1557/1001/311 1555/1000/311
f 415/1303/311 1555/1000/311 417/1305/311
f 417/1305/311 1555/1000/311 419/1306/311
f 419/1306/311 1555/1000/311 421/1308/311
f 421/1308/311 1555/1000/311 1554/1397/311
f 421/1308/311 1554/1397/311 423/1309/311
f 423/1309/311 1554/1397/311 426/1398/311
f 426/1398/311 1554/1397/311 427/1312/311
f 427/1312/311 1554/1397/311 429/1313/311
f 429/1313/311 1554/1397/311 1551/994/311
f 429/1313/311 1551/994/311 431/1201/311
f 431/1201/311 1551/994/311 433/1200/311
f 433/1200/311 1551/994/311 435/1198/311
f 435/1198/311 1551/994/311 1549/992/311
f 435/1198/311 1549/992/311 437/1329/311
f 437/1329/311 1549/992/311 439/1328/311
f 439/1328/311 1549/992/311 365/1330/311
f 365/1330/311 1549/992/311 1547/990/311
f 365/1330/311 1547/990/311 1618/1374/311
f 1618/1374/311 1547/990/311 338/1375/311
f 1618/1374/312 338/1375/312 1620/1376/312
f 1621/1376/311 339/1375/311 1624/1377/311
f 1623/1377/311 338/1375/311 336/1378/311
f 1623/1377/311 336/1378/311 1626/1379/311
f 1626/1379/311 336/1378/311 1628/1380/311
f 1628/1380/311 336/1378/311 334/1381/311
f 1628/1380/311 334/1381/311 1630/1382/311
f 1630/1382/311 334/1381/311 1632/1383/311
f 1632/1383/311 334/1381/311 333/1399/311
f 1632/1383/311 333/1399/311 1635/1400/311
f 1635/1400/311 333/1399/311 1636/1387/311
f 1636/1387/311 333/1399/311 330/1388/311
f 1636/1387/311 330/1388/311 1638/1389/311
f 1638/1389/311 330/1388/311 1640/1390/311
f 1640/1390/311 330/1388/311 328/1391/311
f 1640/1390/311 328/1391/311 1642/1392/311
f 1642/1392/311 328/1391/311 1644/1297/311
f 1644/1297/311 328/1391/311 326/1295/311
f 1644/1297/311 326/1295/311 1646/1296/311
f 1646/1296/311 326/1295/311 1648/1294/311
f 1547/990/311 1545/987/311 338/1375/311
f 338/1375/311 1545/987/311 341/1332/311
f 341/1332/311 1545/987/311 1543/985/311
f 341/1332/311 1543/985/311 343/1334/311
f 1863/1221/311 1862/1219/311 522/977/311
f 1857/1218/311 1855/1214/311 524/975/311
f 1851/1211/311 1849/1212/311 526/973/311
s 1
f 1086/1401/547 1324/1402/547 1089/1403/548
f 1089/1403/548 1324/1402/547 1319/1404/548
f 1089/1403/548 1319/1404/548 2005/1405/549
f 2005/1405/549 1319/1404/548 1318/1406/550
f 2005/1405/549 1318/1406/550 2004/1407/551
f 2004/1407/551 1318/1406/550 1315/1408/552
f 2004/1407/551 1315/1408/552 2006/1409/553
f 2006/1409/553 1315/1408/552 1312/1410/554
f 2006/1409/553 1312/1410/554 2007/1411/555
f 2007/1411/555 1312/1410/554 1310/1412/556
f 2007/1411/555 1310/1412/556 2008/1413/557
f 2008/1413/557 1310/1412/556 1308/1414/558
f 2008/1413/557 1308/1414/558 2009/1415/559
f 2009/1415/559 1308/1414/558 2010/1416/560
f 2009/1415/559 2010/1416/560 1101/1417/561
f 1101/1417/561 2010/1416/560 1103/1418/562
f 1103/1418/562 2010/1416/560 2011/1419/563
f 1103/1418/562 2011/1419/563 1106/1420/563
f 1106/1420/563 2011/1419/563 1109/1421/564
f 1109/1421/564 2011/1419/563 2012/1422/565
f 1109/1421/564 2012/1422/565 1112/1423/566
f 1112/1423/566 2012/1422/565 2013/1424/567
f 1112/1423/566 2013/1424/567 1115/1425/568
f 1115/1425/568 2013/1424/567 2014/1426/569
f 1115/1425/568 2014/1426/569 1117/1427/570
f 1117/1427/570 2014/1426/569 2015/1428/571
f 1117/1427/570 2015/1428/571 1120/1429/572
f 1120/1429/572 2015/1428/571 2016/1430/573
f 1120/1429/572 2016/1430/573 1123/1431/574
f 1123/1431/574 2016/1430/573 2017/1432/575
f 1123/1431/574 2017/1432/575 1125/1433/576
f 1125/1433/576 2017/1432/575 1131/1434/577
f 1131/1434/577 2017/1432/575 1285/1435/578
f 1131/1434/577 1285/1435/578 1282/1436/330
f 1308/1414/558 1306/1437/579 2010/1416/560
f 2010/1416/560 1306/1437/579 2011/1419/563
f 1306/1437/579 1304/197/563 2011/1419/563
f 2011/1419/563 1304/197/563 1302/1438/580
f 2011/1419/563 1302/1438/580 2012/1422/565
f 2012/1422/565 1302/1438/580 1300/1439/581
f 2012/1422/565 1300/1439/581 2013/1424/567
f 2013/1424/567 1300/1439/581 1297/1440/582
f 2013/1424/567 1297/1440/582 2014/1426/569
f 2014/1426/569 1297/1440/582 1294/1441/583
f 2014/1426/569 1294/1441/583 2015/1428/571
f 2015/1428/571 1294/1441/583 1291/1442/584
f 2015/1428/571 1291/1442/584 2016/1430/573
f 2016/1430/573 1291/1442/584 1288/1443/585
f 2016/1430/573 1288/1443/585 2017/1432/575
f 2017/1432/575 1288/1443/585 1285/1435/578
f 2009/1415/559 1101/1417/561 2008/1413/557
f 2008/1413/557 1101/1417/561 1099/1444/586
f 2008/1413/557 1099/1444/586 2007/1411/555
f 2007/1411/555 1099/1444/586 1097/1445/587
f 2007/1411/555 1097/1445/587 2006/1409/553
f 2006/1409/553 1097/1445/587 1095/1446/588
f 2006/1409/553 1095/1446/588 2004/1407/551
f 2004/1407/551 1095/1446/588 1092/1447/589
f 2004/1407/551 1092/1447/589 2005/1405/549
f 2005/1405/549 1092/1447/589 1089/1403/548
s 0
f 1135/1448/577 1132/1449/577 2018/1450/577
f 2018/1450/577 1132/1449/577 1283/1451/577
f 2018/1450/577 1283/1451/577 1278/1452/577
f 1278/1452/577 1135/1448/577 2018/1450/577
s 1
f 1257/1453/330 1154/1454/330 2019/1455/590
f 2019/1455/590 1154/1454/330 1152/1456/591
f 2019/1455/590 1152/1456/591 2020/1457/592
f 2020/1457/592 1152/1456/591 1150/1458/592
f 2020/1457/592 1150/1458/592 2021/1459/593
f 2021/1459/593 1150/1458/592 1148/1460/593
f 2021/1459/593 1148/1460/593 2022/1461/594
f 2022/1461/594 1148/1460/593 1146/1462/594
f 2022/1461/594 1146/1462/594 2023/1463/595
f 2023/1463/595 1146/1462/594 1144/1464/595
f 2023/1463/595 1144/1464/595 2024/1465/596
f 2024/1465/596 1144/1464/595 1142/1466/596
f 2024/1465/596 1142/1466/596 2025/1467/597
f 2025/1467/597 1142/1466/596 1140/1468/597
f 2025/1467/597 1140/1468/597 1137/1469/598
f 1137/1469/598 1274/1470/598 2025/1467/597
f 2025/1467/597 1274/1470/598 1272/1471/599
f 2025/1467/597 1272/1471/599 2024/1465/596
f 2024/1465/596 1272/1471/599 1270/1472/596
f 2024/1465/596 1270/1472/596 2023/1463/595
f 2023/1463/595 1270/1472/596 1268/1473/595
f 2023/1463/595 1268/1473/595 2022/1461/594
f 2022/1461/594 1268/1473/595 1266/1474/594
f 2022/1461/594 1266/1474/594 2021/1459/593
f 2021/1459/593 1266/1474/594 1264/1475/593
f 2021/1459/593 1264/1475/593 2020/1457/592
f 2020/1457/592 1264/1475/593 1262/1476/600
f 2020/1457/592 1262/1476/600 2019/1455/590
f 2019/1455/590 1262/1476/600 1260/1477/601
f 2019/1455/590 1260/1477/601 1257/1453/330
s 0
f 1158/1478/577 1155/1479/577 2026/1480/577
f 2026/1480/577 1155/1479/577 1258/1481/577
f 2026/1480/577 1258/1481/577 953/1482/577
s 1
f 954/1482/577 950/1483/577 2027/1480/577
s 0
f 2026/1480/330 949/1483/330 1158/1478/330
f 1025/1484/320 1021/1485/320 2028/1486/320
f 2028/1486/318 1021/1485/318 1172/1487/318
f 2028/1486/320 1172/1487/320 1171/1488/320
f 1171/1488/318 1025/1484/318 2028/1486/318
s 1
f 1015/1489/602 1050/1490/335 2030/1491/603
f 2030/1491/603 1050/1490/335 970/1492/335
f 2030/1491/603 970/1492/335 968/1493/604
f 968/1493/604 966/1494/605 2030/1491/603
f 2030/1491/603 966/1494/605 2029/1495/606
f 2030/1491/603 2029/1495/606 1006/1496/607
f 1006/1496/607 2029/1495/606 1055/1497/608
f 1055/1497/608 2029/1495/606 2031/1498/609
f 1055/1497/608 2031/1498/609 1057/1499/610
f 1057/1499/610 2031/1498/609 960/1500/610
f 960/1500/610 2031/1498/609 964/1501/611
f 964/1501/611 2031/1498/609 2029/1495/606
f 964/1501/611 2029/1495/606 966/1494/605
f 1006/1496/607 1015/1489/602 2030/1491/603
s 0
f 1061/1502/612 1058/1503/612 2033/1504/612
f 2033/1504/612 1058/1503/612 962/1505/612
s 1
f 2032/1504/613 961/1505/613 958/1506/614
s 0
f 957/1506/612 1349/1507/612 2033/1504/612
f 2033/1504/612 1349/1507/612 1061/1502/612
s 1
f 1060/1508/615 1348/1509/612 2034/1510/616
f 2034/1510/616 1348/1509/612 1346/1511/617
f 2034/1510/616 1346/1511/617 2035/1512/618
f 2035/1512/618 1346/1511/617 1344/1513/619
f 2035/1512/618 1344/1513/619 2036/1514/620
f 2036/1514/620 1344/1513/619 1342/1515/621
f 2036/1514/620 1342/1515/621 2037/1419/622
f 2037/1419/622 1342/1515/621 1340/197/622
f 2037/1419/622 1340/197/622 2038/1516/623
f 2038/1516/623 1340/197/622 1338/1517/623
f 2038/1516/623 1338/1517/623 2039/1518/624
f 2039/1518/624 1338/1517/623 1336/1519/624
f 2039/1518/624 1336/1519/624 2040/1520/625
f 2040/1520/625 1336/1519/624 1334/1521/626
f 2040/1520/625 1334/1521/626 1331/1522/627
f 1331/1522/627 1077/1523/627 2040/1520/625
f 2040/1520/625 1077/1523/627 1075/1524/628
f 2040/1520/625 1075/1524/628 2039/1518/624
f 2039/1518/624 1075/1524/628 1073/1525/624
f 2039/1518/624 1073/1525/624 2038/1516/623
f 2038/1516/623 1073/1525/624 1071/1526/623
f 2038/1516/623 1071/1526/623 2037/1419/622
f 2037/1419/622 1071/1526/623 1069/1527/622
f 2037/1419/622 1069/1527/622 2036/1514/620
f 2036/1514/620 1069/1527/622 1067/1528/620
f 2036/1514/620 1067/1528/620 2035/1512/618
f 2035/1512/618 1067/1528/620 1065/1529/629
f 2035/1512/618 1065/1529/629 2034/1510/616
f 2034/1510/616 1065/1529/629 1063/1530/616
f 2034/1510/616 1063/1530/616 1060/1508/615
s 0
f 1277/1531/630 1275/1532/630 2041/1533/630
s 1
f 2041/1533/630 1275/1532/630 1138/1534/630
s 0
f 2041/1533/630 1138/1534/630 1134/1535/630
f 1134/1535/630 1277/1531/630 2041/1533/630
f 1329/1536/631 1325/1537/631 2043/1538/631
f 2043/1538/631 1325/1537/631 1087/1539/631
f 2043/1538/631 1087/1539/631 1082/1540/631
f 1081/1540/632 1328/1536/632 2042/1538/632
f 1080/1541/633 1078/1479/633 2044/1542/633
f 2044/1542/633 1078/1479/633 1332/1481/633
f 2044/1542/633 1332/1481/633 1327/1543/633
f 1327/1543/633 1080/1541/633 2044/1542/633
s 1
f 1351/1544/368 1201/1545/366 2045/1546/368
f 2045/1546/368 1201/1545/366 989/1547/366
f 2045/1546/368 989/1547/366 1031/1548/634
f 1031/1548/634 989/1547/366 1002/1549/635
f 1031/1548/634 1029/1550/369 2045/1546/368
f 2045/1546/368 1029/1550/369 2046/1551/369
f 2045/1546/368 2046/1551/369 1351/1544/368
f 1351/1544/368 2046/1551/369 1353/1552/636
f 1353/1552/636 2046/1551/369 2047/1553/637
f 1353/1552/636 2047/1553/637 1355/1554/371
f 1355/1554/371 2047/1553/637 1169/1555/318
f 1169/1555/318 2047/1553/637 1024/1556/321
f 1024/1556/321 2047/1553/637 1027/1557/370
f 1027/1557/370 2047/1553/637 2046/1551/369
f 1027/1557/370 2046/1551/369 1029/1550/369
o rightGripperC4
v 0.012226 -0.010463 -0.135830
v 0.012226 -0.010463 -0.135830
v 0.012226 -0.010463 -0.135830
v 0.012260 -0.009670 -0.135930
v 0.012260 -0.009670 -0.135930
v 0.012801 -0.009682 -0.135843
v 0.012801 -0.009682 -0.135843
v 0.013382 -0.009709 -0.135859
v 0.013382 -0.009709 -0.135859
v 0.013970 -0.009751 -0.135993
v 0.013970 -0.009751 -0.135993
v 0.014530 -0.009807 -0.136249
v 0.014530 -0.009807 -0.136249
v 0.015025 -0.009874 -0.136613
v 0.015025 -0.009874 -0.136613
v 0.015426 -0.009948 -0.137061
v 0.015426 -0.009948 -0.137061
v 0.015717 -0.010023 -0.137557
v 0.015717 -0.010023 -0.137557
v 0.015899 -0.010095 -0.138069
v 0.015899 -0.010095 -0.138069
v 0.015984 -0.010167 -0.138606
v 0.015984 -0.010167 -0.138606
v 0.015965 -0.010238 -0.139183
v 0.015965 -0.010238 -0.139183
v 0.015826 -0.010306 -0.139768
v 0.015826 -0.010306 -0.139768
v 0.015566 -0.010365 -0.140325
v 0.015566 -0.010365 -0.140325
v 0.015197 -0.010411 -0.140818
v 0.015197 -0.010411 -0.140818
v 0.014744 -0.010442 -0.141219
v 0.014744 -0.010442 -0.141219
v 0.014242 -0.010458 -0.141511
v 0.014242 -0.010458 -0.141511
v 0.013726 -0.010459 -0.141695
v 0.013726 -0.010459 -0.141695
v 0.013726 -0.010459 -0.141695
v 0.013692 -0.011252 -0.141595
v 0.013692 -0.011252 -0.141595
v 0.013692 -0.011252 -0.141595
v 0.014208 -0.011251 -0.141412
v 0.014208 -0.011251 -0.141412
v 0.014208 -0.011251 -0.141412
v 0.014710 -0.011235 -0.141119
v 0.014710 -0.011235 -0.141119
v 0.014710 -0.011235 -0.141119
v 0.015163 -0.011204 -0.140718
v 0.015163 -0.011204 -0.140718
v 0.015532 -0.011158 -0.140225
v 0.015532 -0.011158 -0.140225
v 0.015792 -0.011099 -0.139668
v 0.015792 -0.011099 -0.139668
v 0.015931 -0.011031 -0.139083
v 0.015931 -0.011031 -0.139083
v 0.015950 -0.010960 -0.138506
v 0.015950 -0.010960 -0.138506
v 0.015865 -0.010888 -0.137969
v 0.015865 -0.010888 -0.137969
v 0.015684 -0.010816 -0.137457
v 0.015684 -0.010816 -0.137457
v 0.015684 -0.010816 -0.137457
v 0.015392 -0.010741 -0.136961
v 0.015392 -0.010741 -0.136961
v 0.015392 -0.010741 -0.136961
v 0.014991 -0.010667 -0.136513
v 0.014991 -0.010667 -0.136513
v 0.014496 -0.010600 -0.136149
v 0.014496 -0.010600 -0.136149
v 0.013936 -0.010544 -0.135893
v 0.013936 -0.010544 -0.135893
v 0.013348 -0.010502 -0.135759
v 0.013348 -0.010502 -0.135759
v 0.012767 -0.010475 -0.135743
v 0.012767 -0.010475 -0.135743
v 0.012866 -0.010082 -0.135789
v 0.013533 -0.010116 -0.135835
v 0.014199 -0.010170 -0.136038
v 0.014806 -0.010241 -0.136395
v 0.015305 -0.010323 -0.136876
v 0.015666 -0.010409 -0.137435
v 0.015882 -0.010492 -0.138019
v 0.015971 -0.010573 -0.138637
v 0.015948 -0.010635 -0.139133
v 0.015837 -0.010693 -0.139635
v 0.015635 -0.010746 -0.140121
v 0.015350 -0.010790 -0.140567
v 0.014994 -0.010823 -0.140953
v 0.014587 -0.010845 -0.141264
v 0.014152 -0.010855 -0.141494
v 0.014926 -0.010116 -0.138561
v 0.014926 -0.010116 -0.138561
v 0.014926 -0.010116 -0.138561
v 0.014892 -0.010909 -0.138461
v 0.014892 -0.010909 -0.138461
v 0.014904 -0.010954 -0.138815
v 0.014904 -0.010954 -0.138815
v 0.014846 -0.010998 -0.139185
v 0.014846 -0.010998 -0.139185
v 0.014710 -0.011038 -0.139552
v 0.014710 -0.011038 -0.139552
v 0.014710 -0.011038 -0.139552
v 0.014497 -0.011072 -0.139892
v 0.014497 -0.011072 -0.139892
v 0.014220 -0.011096 -0.140181
v 0.014220 -0.011096 -0.140181
v 0.013896 -0.011110 -0.140404
v 0.013896 -0.011110 -0.140404
v 0.013549 -0.011114 -0.140553
v 0.013549 -0.011114 -0.140553
v 0.013201 -0.011109 -0.140631
v 0.013201 -0.011109 -0.140631
v 0.012846 -0.011096 -0.140644
v 0.012846 -0.011096 -0.140644
v 0.012473 -0.011073 -0.140589
v 0.012473 -0.011073 -0.140589
v 0.012104 -0.011040 -0.140456
v 0.012104 -0.011040 -0.140456
v 0.011763 -0.010999 -0.140246
v 0.011763 -0.010999 -0.140246
v 0.011474 -0.010952 -0.139972
v 0.011474 -0.010952 -0.139972
v 0.011251 -0.010902 -0.139652
v 0.011251 -0.010902 -0.139652
v 0.011251 -0.010902 -0.139652
v 0.011102 -0.010853 -0.139308
v 0.011102 -0.010853 -0.139308
v 0.011026 -0.010806 -0.138963
v 0.011026 -0.010806 -0.138963
v 0.011026 -0.010806 -0.138963
v 0.011026 -0.010806 -0.138963
v 0.011060 -0.010013 -0.139063
v 0.011060 -0.010013 -0.139063
v 0.011060 -0.010013 -0.139063
v 0.011136 -0.010060 -0.139408
v 0.011136 -0.010060 -0.139408
v 0.011285 -0.010109 -0.139752
v 0.011285 -0.010109 -0.139752
v 0.011508 -0.010159 -0.140072
v 0.011508 -0.010159 -0.140072
v 0.011797 -0.010206 -0.140346
v 0.011797 -0.010206 -0.140346
v 0.012138 -0.010247 -0.140555
v 0.012138 -0.010247 -0.140555
v 0.012507 -0.010280 -0.140688
v 0.012507 -0.010280 -0.140688
v 0.012880 -0.010303 -0.140744
v 0.012880 -0.010303 -0.140744
v 0.013235 -0.010316 -0.140731
v 0.013235 -0.010316 -0.140731
v 0.013583 -0.010321 -0.140653
v 0.013583 -0.010321 -0.140653
v 0.013930 -0.010317 -0.140504
v 0.013930 -0.010317 -0.140504
v 0.014254 -0.010303 -0.140281
v 0.014254 -0.010303 -0.140281
v 0.014531 -0.010279 -0.139991
v 0.014531 -0.010279 -0.139991
v 0.014744 -0.010245 -0.139652
v 0.014744 -0.010245 -0.139652
v 0.014880 -0.010205 -0.139285
v 0.014880 -0.010205 -0.139285
v 0.014938 -0.010161 -0.138915
v 0.014938 -0.010161 -0.138915
v 0.014887 -0.010589 -0.139129
v 0.014923 -0.010551 -0.138813
v 0.014794 -0.010625 -0.139447
v 0.014645 -0.010657 -0.139752
v 0.014441 -0.010683 -0.140030
v 0.014193 -0.010702 -0.140267
v 0.013913 -0.010714 -0.140454
v 0.013616 -0.010718 -0.140586
v 0.013218 -0.010713 -0.140681
v 0.012810 -0.010697 -0.140691
v 0.012383 -0.010668 -0.140608
v 0.011970 -0.010627 -0.140425
v 0.011607 -0.010577 -0.140147
v 0.011324 -0.010520 -0.139797
v 0.011136 -0.010463 -0.139408
v 0.014005 -0.009595 -0.138746
v 0.014005 -0.009595 -0.138746
v 0.013950 -0.010884 -0.138584
v 0.013950 -0.010884 -0.138584
v 0.013911 -0.010860 -0.138407
v 0.013911 -0.010860 -0.138407
v 0.013835 -0.010834 -0.138231
v 0.013835 -0.010834 -0.138231
v 0.013721 -0.010809 -0.138066
v 0.013721 -0.010809 -0.138066
v 0.013572 -0.010785 -0.137926
v 0.013572 -0.010785 -0.137926
v 0.013397 -0.010764 -0.137819
v 0.013397 -0.010764 -0.137819
v 0.013208 -0.010747 -0.137750
v 0.013208 -0.010747 -0.137750
v 0.013017 -0.010735 -0.137722
v 0.013017 -0.010735 -0.137722
v 0.012835 -0.010728 -0.137729
v 0.012835 -0.010728 -0.137729
v 0.012656 -0.010726 -0.137769
v 0.012656 -0.010726 -0.137769
v 0.012478 -0.010728 -0.137845
v 0.012478 -0.010728 -0.137845
v 0.012312 -0.010735 -0.137959
v 0.012312 -0.010735 -0.137959
v 0.012170 -0.010747 -0.138108
v 0.012170 -0.010747 -0.138108
v 0.012061 -0.010765 -0.138282
v 0.012061 -0.010765 -0.138282
v 0.011991 -0.010785 -0.138470
v 0.011991 -0.010785 -0.138470
v 0.011962 -0.010808 -0.138660
v 0.011962 -0.010808 -0.138660
v 0.011968 -0.010831 -0.138841
v 0.011968 -0.010831 -0.138841
v 0.011968 -0.010831 -0.138841
v 0.011968 -0.010831 -0.138841
v 0.012023 -0.009542 -0.139003
v 0.012023 -0.009542 -0.139003
v 0.012023 -0.009542 -0.139003
v 0.012023 -0.009542 -0.139003
v 0.012017 -0.009519 -0.138822
v 0.012017 -0.009519 -0.138822
v 0.012017 -0.009519 -0.138822
v 0.012047 -0.009497 -0.138632
v 0.012047 -0.009497 -0.138632
v 0.012047 -0.009497 -0.138632
v 0.012116 -0.009476 -0.138444
v 0.012116 -0.009476 -0.138444
v 0.012225 -0.009459 -0.138270
v 0.012225 -0.009459 -0.138270
v 0.012225 -0.009459 -0.138270
v 0.012368 -0.009446 -0.138122
v 0.012368 -0.009446 -0.138122
v 0.012368 -0.009446 -0.138122
v 0.012534 -0.009439 -0.138007
v 0.012534 -0.009439 -0.138007
v 0.012712 -0.009437 -0.137931
v 0.012712 -0.009437 -0.137931
v 0.012890 -0.009439 -0.137891
v 0.012890 -0.009439 -0.137891
v 0.013072 -0.009446 -0.137884
v 0.013072 -0.009446 -0.137884
v 0.013263 -0.009458 -0.137913
v 0.013263 -0.009458 -0.137913
v 0.013453 -0.009475 -0.137981
v 0.013453 -0.009475 -0.137981
v 0.013627 -0.009496 -0.138088
v 0.013627 -0.009496 -0.138088
v 0.013776 -0.009520 -0.138229
v 0.013776 -0.009520 -0.138229
v 0.013890 -0.009546 -0.138393
v 0.013890 -0.009546 -0.138393
v 0.013890 -0.009546 -0.138393
v 0.013966 -0.009571 -0.138569
v 0.013966 -0.009571 -0.138569
v 0.013966 -0.009571 -0.138569
v 0.013966 -0.009571 -0.138569
v 0.013930 -0.010212 -0.138463
v 0.013834 -0.010182 -0.138263
v 0.013688 -0.010154 -0.138084
v 0.013502 -0.010128 -0.137941
v 0.013291 -0.010107 -0.137847
v 0.013072 -0.010092 -0.137805
v 0.012862 -0.010084 -0.137810
v 0.012658 -0.010081 -0.137858
v 0.012506 -0.010083 -0.137926
v 0.012363 -0.010089 -0.138022
v 0.012235 -0.010099 -0.138144
v 0.012131 -0.010112 -0.138286
v 0.012054 -0.010129 -0.138443
v 0.012007 -0.010147 -0.138606
v 0.011988 -0.010167 -0.138768
v 0.032283 -0.020531 -0.151278
v 0.032283 -0.020531 -0.151278
v 0.032243 -0.021473 -0.151159
v 0.032243 -0.021473 -0.151159
v 0.032243 -0.021473 -0.151159
v 0.032184 -0.021437 -0.150894
v 0.032184 -0.021437 -0.150894
v 0.032069 -0.021399 -0.150630
v 0.032069 -0.021399 -0.150630
v 0.031898 -0.021360 -0.150383
v 0.031898 -0.021360 -0.150383
v 0.031675 -0.021324 -0.150173
v 0.031675 -0.021324 -0.150173
v 0.031413 -0.021293 -0.150012
v 0.031413 -0.021293 -0.150012
v 0.031129 -0.021268 -0.149909
v 0.031129 -0.021268 -0.149909
v 0.030843 -0.021250 -0.149866
v 0.030843 -0.021250 -0.149866
v 0.030569 -0.021239 -0.149877
v 0.030569 -0.021239 -0.149877
v 0.030302 -0.021236 -0.149937
v 0.030302 -0.021236 -0.149937
v 0.030035 -0.021239 -0.150052
v 0.030035 -0.021239 -0.150052
v 0.029786 -0.021249 -0.150223
v 0.029786 -0.021249 -0.150223
v 0.029572 -0.021268 -0.150446
v 0.029572 -0.021268 -0.150446
v 0.029409 -0.021294 -0.150707
v 0.029409 -0.021294 -0.150707
v 0.029304 -0.021325 -0.150989
v 0.029304 -0.021325 -0.150989
v 0.029259 -0.021359 -0.151274
v 0.029259 -0.021359 -0.151274
v 0.029269 -0.021394 -0.151546
v 0.029269 -0.021394 -0.151546
v 0.029269 -0.021394 -0.151546
v 0.029309 -0.020452 -0.151664
v 0.029309 -0.020452 -0.151664
v 0.029309 -0.020452 -0.151664
v 0.029300 -0.020418 -0.151392
v 0.029300 -0.020418 -0.151392
v 0.029345 -0.020384 -0.151107
v 0.029345 -0.020384 -0.151107
v 0.029449 -0.020353 -0.150825
v 0.029449 -0.020353 -0.150825
v 0.029613 -0.020327 -0.150564
v 0.029613 -0.020327 -0.150564
v 0.029826 -0.020308 -0.150342
v 0.029826 -0.020308 -0.150342
v 0.030075 -0.020297 -0.150170
v 0.030075 -0.020297 -0.150170
v 0.030342 -0.020294 -0.150055
v 0.030342 -0.020294 -0.150055
v 0.030609 -0.020298 -0.149995
v 0.030609 -0.020298 -0.149995
v 0.030883 -0.020308 -0.149985
v 0.030883 -0.020308 -0.149985
v 0.031170 -0.020326 -0.150028
v 0.031170 -0.020326 -0.150028
v 0.031453 -0.020351 -0.150130
v 0.031453 -0.020351 -0.150130
v 0.031715 -0.020382 -0.150291
v 0.031715 -0.020382 -0.150291
v 0.031938 -0.020418 -0.150502
v 0.031938 -0.020418 -0.150502
v 0.032110 -0.020457 -0.150748
v 0.032110 -0.020457 -0.150748
v 0.032224 -0.020495 -0.151013
v 0.032224 -0.020495 -0.151013
v 0.032128 -0.020939 -0.150764
v 0.032216 -0.020971 -0.150992
v 0.031999 -0.020906 -0.150545
v 0.031828 -0.020873 -0.150347
v 0.031624 -0.020844 -0.150180
v 0.031394 -0.020818 -0.150053
v 0.031150 -0.020797 -0.149969
v 0.030903 -0.020781 -0.149928
v 0.030589 -0.020769 -0.149936
v 0.030283 -0.020765 -0.150009
v 0.029981 -0.020770 -0.150154
v 0.029709 -0.020786 -0.150372
v 0.029492 -0.020812 -0.150650
v 0.029348 -0.020845 -0.150966
v 0.029282 -0.020883 -0.151293
v 0.032134 -0.024000 -0.150841
v 0.032134 -0.024000 -0.150841
v 0.032049 -0.025983 -0.150591
v 0.032049 -0.025983 -0.150591
v 0.031991 -0.025947 -0.150326
v 0.031991 -0.025947 -0.150326
v 0.031876 -0.025909 -0.150062
v 0.031876 -0.025909 -0.150062
v 0.031876 -0.025909 -0.150062
v 0.031705 -0.025870 -0.149815
v 0.031705 -0.025870 -0.149815
v 0.031705 -0.025870 -0.149815
v 0.031482 -0.025834 -0.149604
v 0.031482 -0.025834 -0.149604
v 0.031220 -0.025803 -0.149444
v 0.031220 -0.025803 -0.149444
v 0.030936 -0.025778 -0.149341
v 0.030936 -0.025778 -0.149341
v 0.030650 -0.025760 -0.149298
v 0.030650 -0.025760 -0.149298
v 0.030376 -0.025750 -0.149309
v 0.030376 -0.025750 -0.149309
v 0.030108 -0.025746 -0.149369
v 0.030108 -0.025746 -0.149369
v 0.029842 -0.025749 -0.149484
v 0.029842 -0.025749 -0.149484
v 0.029593 -0.025760 -0.149655
v 0.029593 -0.025760 -0.149655
v 0.029379 -0.025779 -0.149878
v 0.029379 -0.025779 -0.149878
v 0.029216 -0.025805 -0.150139
v 0.029216 -0.025805 -0.150139
v 0.029216 -0.025805 -0.150139
v 0.029111 -0.025836 -0.150421
v 0.029111 -0.025836 -0.150421
v 0.029111 -0.025836 -0.150421
v 0.029066 -0.025870 -0.150706
v 0.029066 -0.025870 -0.150706
v 0.029075 -0.025904 -0.150978
v 0.029075 -0.025904 -0.150978
v 0.029075 -0.025904 -0.150978
v 0.029160 -0.023922 -0.151227
v 0.029160 -0.023922 -0.151227
v 0.029160 -0.023922 -0.151227
v 0.029151 -0.023887 -0.150956
v 0.029151 -0.023887 -0.150956
v 0.029196 -0.023853 -0.150670
v 0.029196 -0.023853 -0.150670
v 0.029301 -0.023822 -0.150388
v 0.029301 -0.023822 -0.150388
v 0.029464 -0.023796 -0.150127
v 0.029464 -0.023796 -0.150127
v 0.029464 -0.023796 -0.150127
v 0.029677 -0.023777 -0.149905
v 0.029677 -0.023777 -0.149905
v 0.029677 -0.023777 -0.149905
v 0.029927 -0.023766 -0.149733
v 0.029927 -0.023766 -0.149733
v 0.030193 -0.023763 -0.149618
v 0.030193 -0.023763 -0.149618
v 0.030461 -0.023767 -0.149558
v 0.030461 -0.023767 -0.149558
v 0.030734 -0.023778 -0.149548
v 0.030734 -0.023778 -0.149548
v 0.031021 -0.023795 -0.149591
v 0.031021 -0.023795 -0.149591
v 0.031305 -0.023820 -0.149693
v 0.031305 -0.023820 -0.149693
v 0.031567 -0.023852 -0.149854
v 0.031567 -0.023852 -0.149854
v 0.031790 -0.023888 -0.150065
v 0.031790 -0.023888 -0.150065
v 0.031961 -0.023926 -0.150311
v 0.031961 -0.023926 -0.150311
v 0.032076 -0.023964 -0.150576
v 0.032076 -0.023964 -0.150576
v 0.031957 -0.024929 -0.150261
v 0.032045 -0.024961 -0.150489
v 0.031828 -0.024895 -0.150042
v 0.031658 -0.024863 -0.149845
v 0.031453 -0.024834 -0.149678
v 0.031223 -0.024808 -0.149550
v 0.030979 -0.024787 -0.149466
v 0.030732 -0.024771 -0.149426
v 0.030418 -0.024758 -0.149434
v 0.030112 -0.024754 -0.149506
v 0.029810 -0.024760 -0.149652
v 0.029538 -0.024776 -0.149870
v 0.029321 -0.024801 -0.150148
v 0.029177 -0.024835 -0.150464
v 0.029112 -0.024873 -0.150790
v 0.011095 -0.008029 -0.139319
v 0.011095 -0.008029 -0.139319
v 0.011031 -0.009516 -0.139132
v 0.011031 -0.009516 -0.139132
v 0.011110 -0.009564 -0.139486
v 0.011110 -0.009564 -0.139486
v 0.011262 -0.009615 -0.139838
v 0.011262 -0.009615 -0.139838
v 0.011491 -0.009666 -0.140167
v 0.011491 -0.009666 -0.140167
v 0.011788 -0.009714 -0.140448
v 0.011788 -0.009714 -0.140448
v 0.012137 -0.009756 -0.140662
v 0.012137 -0.009756 -0.140662
v 0.012516 -0.009790 -0.140799
v 0.012516 -0.009790 -0.140799
v 0.012898 -0.009813 -0.140856
v 0.012898 -0.009813 -0.140856
v 0.013263 -0.009827 -0.140842
v 0.013263 -0.009827 -0.140842
v 0.013619 -0.009832 -0.140763
v 0.013619 -0.009832 -0.140763
v 0.013975 -0.009828 -0.140609
v 0.013975 -0.009828 -0.140609
v 0.014307 -0.009814 -0.140381
v 0.014307 -0.009814 -0.140381
v 0.014592 -0.009789 -0.140084
v 0.014592 -0.009789 -0.140084
v 0.014810 -0.009754 -0.139736
v 0.014810 -0.009754 -0.139736
v 0.014949 -0.009713 -0.139360
v 0.014949 -0.009713 -0.139360
v 0.015009 -0.009667 -0.138980
v 0.015009 -0.009667 -0.138980
v 0.014997 -0.009621 -0.138617
v 0.014997 -0.009621 -0.138617
v 0.014997 -0.009621 -0.138617
v 0.014997 -0.009621 -0.138617
v 0.015060 -0.008134 -0.138805
v 0.015060 -0.008134 -0.138805
v 0.015060 -0.008134 -0.138805
v 0.015073 -0.008180 -0.139167
v 0.015073 -0.008180 -0.139167
v 0.015013 -0.008226 -0.139547
v 0.015013 -0.008226 -0.139547
v 0.014873 -0.008267 -0.139923
v 0.014873 -0.008267 -0.139923
v 0.014656 -0.008302 -0.140271
v 0.014656 -0.008302 -0.140271
v 0.014371 -0.008327 -0.140568
v 0.014371 -0.008327 -0.140568
v 0.014039 -0.008341 -0.140797
v 0.014039 -0.008341 -0.140797
v 0.013683 -0.008345 -0.140950
v 0.013683 -0.008345 -0.140950
v 0.013326 -0.008340 -0.141030
v 0.013326 -0.008340 -0.141030
v 0.013326 -0.008340 -0.141030
v 0.012962 -0.008326 -0.141044
v 0.012962 -0.008326 -0.141044
v 0.012962 -0.008326 -0.141044
v 0.012579 -0.008303 -0.140986
v 0.012579 -0.008303 -0.140986
v 0.012201 -0.008269 -0.140850
v 0.012201 -0.008269 -0.140850
v 0.011852 -0.008227 -0.140635
v 0.011852 -0.008227 -0.140635
v 0.011554 -0.008179 -0.140354
v 0.011554 -0.008179 -0.140354
v 0.011326 -0.008128 -0.140026
v 0.011326 -0.008128 -0.140026
v 0.011326 -0.008128 -0.140026
v 0.011174 -0.008077 -0.139673
v 0.011174 -0.008077 -0.139673
v 0.011174 -0.008077 -0.139673
v 0.011243 -0.008857 -0.139833
v 0.011126 -0.008814 -0.139529
v 0.011416 -0.008901 -0.140124
v 0.011642 -0.008944 -0.140388
v 0.011915 -0.008984 -0.140610
v 0.012222 -0.009018 -0.140781
v 0.012547 -0.009046 -0.140893
v 0.012876 -0.009067 -0.140946
v 0.013295 -0.009084 -0.140936
v 0.013703 -0.009089 -0.140839
v 0.014105 -0.009082 -0.140645
v 0.014468 -0.009061 -0.140355
v 0.014757 -0.009026 -0.139984
v 0.014949 -0.008982 -0.139562
v 0.015037 -0.008930 -0.139127
v 0.011083 -0.007983 -0.138957
v 0.011083 -0.007983 -0.138957
v 0.011143 -0.007938 -0.138577
v 0.011143 -0.007938 -0.138577
v 0.011282 -0.007896 -0.138201
v 0.011282 -0.007896 -0.138201
v 0.011500 -0.007862 -0.137853
v 0.011500 -0.007862 -0.137853
v 0.011785 -0.007837 -0.137556
v 0.011785 -0.007837 -0.137556
v 0.012117 -0.007822 -0.137327
v 0.012117 -0.007822 -0.137327
v 0.012473 -0.007818 -0.137174
v 0.012473 -0.007818 -0.137174
v 0.012829 -0.007823 -0.137094
v 0.012829 -0.007823 -0.137094
v 0.013194 -0.007837 -0.137080
v 0.013194 -0.007837 -0.137080
v 0.013576 -0.007861 -0.137138
v 0.013576 -0.007861 -0.137138
v 0.013955 -0.007894 -0.137274
v 0.013955 -0.007894 -0.137274
v 0.014304 -0.007936 -0.137489
v 0.014304 -0.007936 -0.137489
v 0.014601 -0.007984 -0.137770
v 0.014601 -0.007984 -0.137770
v 0.014830 -0.008035 -0.138098
v 0.014830 -0.008035 -0.138098
v 0.014982 -0.008086 -0.138451
v 0.014982 -0.008086 -0.138451
v 0.014918 -0.009573 -0.138264
v 0.014918 -0.009573 -0.138264
v 0.014918 -0.009573 -0.138264
v 0.014766 -0.009522 -0.137911
v 0.014766 -0.009522 -0.137911
v 0.014538 -0.009471 -0.137583
v 0.014538 -0.009471 -0.137583
v 0.014240 -0.009423 -0.137301
v 0.014240 -0.009423 -0.137301
v 0.013891 -0.009381 -0.137087
v 0.013891 -0.009381 -0.137087
v 0.013513 -0.009348 -0.136951
v 0.013513 -0.009348 -0.136951
v 0.013130 -0.009324 -0.136893
v 0.013130 -0.009324 -0.136893
v 0.012766 -0.009310 -0.136907
v 0.012766 -0.009310 -0.136907
v 0.012409 -0.009305 -0.136987
v 0.012409 -0.009305 -0.136987
v 0.012053 -0.009309 -0.137140
v 0.012053 -0.009309 -0.137140
v 0.011721 -0.009324 -0.137369
v 0.011721 -0.009324 -0.137369
v 0.011436 -0.009349 -0.137665
v 0.011436 -0.009349 -0.137665
v 0.011436 -0.009349 -0.137665
v 0.011219 -0.009383 -0.138014
v 0.011219 -0.009383 -0.138014
v 0.011079 -0.009425 -0.138390
v 0.011079 -0.009425 -0.138390
v 0.011019 -0.009470 -0.138770
v 0.011019 -0.009470 -0.138770
v 0.011019 -0.009470 -0.138770
v 0.011055 -0.008720 -0.138810
v 0.011143 -0.008669 -0.138375
v 0.011335 -0.008624 -0.137953
v 0.011624 -0.008590 -0.137582
v 0.011987 -0.008569 -0.137291
v 0.012389 -0.008562 -0.137098
v 0.012797 -0.008567 -0.137001
v 0.013216 -0.008583 -0.136990
v 0.013545 -0.008604 -0.137044
v 0.013870 -0.008632 -0.137156
v 0.014177 -0.008667 -0.137326
v 0.014450 -0.008707 -0.137549
v 0.014676 -0.008750 -0.137813
v 0.014849 -0.008794 -0.138104
v 0.014966 -0.008837 -0.138408
v 0.012062 -0.009566 -0.139180
v 0.012062 -0.009566 -0.139180
v 0.012138 -0.009592 -0.139357
v 0.012138 -0.009592 -0.139357
v 0.012252 -0.009617 -0.139521
v 0.012252 -0.009617 -0.139521
v 0.012401 -0.009641 -0.139661
v 0.012401 -0.009641 -0.139661
v 0.012576 -0.009662 -0.139769
v 0.012576 -0.009662 -0.139769
v 0.012765 -0.009679 -0.139837
v 0.012765 -0.009679 -0.139837
v 0.012956 -0.009691 -0.139866
v 0.012956 -0.009691 -0.139866
v 0.013138 -0.009698 -0.139859
v 0.013138 -0.009698 -0.139859
v 0.013317 -0.009701 -0.139819
v 0.013317 -0.009701 -0.139819
v 0.013495 -0.009699 -0.139742
v 0.013495 -0.009699 -0.139742
v 0.013661 -0.009691 -0.139628
v 0.013661 -0.009691 -0.139628
v 0.013803 -0.009679 -0.139479
v 0.013803 -0.009679 -0.139479
v 0.013912 -0.009661 -0.139305
v 0.013912 -0.009661 -0.139305
v 0.013982 -0.009641 -0.139117
v 0.013982 -0.009641 -0.139117
v 0.014012 -0.009618 -0.138927
v 0.014012 -0.009618 -0.138927
v 0.014012 -0.009618 -0.138927
v 0.028298 -0.024567 -0.156643
v 0.028298 -0.024567 -0.156643
v 0.028298 -0.024567 -0.156643
v 0.031209 -0.024383 -0.154197
v 0.031209 -0.024383 -0.154197
v 0.031209 -0.024383 -0.154197
v 0.031209 -0.024383 -0.154197
v 0.031209 -0.024383 -0.154197
v 0.031318 -0.021856 -0.154515
v 0.031318 -0.021856 -0.154515
v 0.031318 -0.021856 -0.154515
v 0.031318 -0.021856 -0.154515
v 0.028406 -0.022039 -0.156961
v 0.028406 -0.022039 -0.156961
v 0.028406 -0.022039 -0.156961
v 0.029808 -0.023211 -0.155579
v 0.027605 -0.023694 -0.149951
v 0.027605 -0.023694 -0.149951
v 0.027605 -0.023694 -0.149951
v 0.027605 -0.023694 -0.149951
v 0.027605 -0.023694 -0.149951
v 0.025020 -0.023857 -0.152122
v 0.025020 -0.023857 -0.152122
v 0.025020 -0.023857 -0.152122
v 0.025129 -0.021329 -0.152441
v 0.025129 -0.021329 -0.152441
v 0.025129 -0.021329 -0.152441
v 0.025129 -0.021329 -0.152441
v 0.027714 -0.021167 -0.150269
v 0.027714 -0.021167 -0.150269
v 0.027714 -0.021167 -0.150269
v 0.027714 -0.021167 -0.150269
v 0.026367 -0.022512 -0.151196
v 0.030085 -0.023539 -0.147871
v 0.030085 -0.023539 -0.147871
v 0.030085 -0.023539 -0.147871
v 0.030085 -0.023539 -0.147871
v 0.030193 -0.021011 -0.148190
v 0.030193 -0.021011 -0.148190
v 0.030193 -0.021011 -0.148190
v 0.030193 -0.021011 -0.148190
v 0.028899 -0.022353 -0.149070
v 0.033127 -0.023805 -0.148955
v 0.033127 -0.023805 -0.148955
v 0.033127 -0.023805 -0.148955
v 0.033235 -0.021278 -0.149273
v 0.033235 -0.021278 -0.149273
v 0.033235 -0.021278 -0.149273
v 0.031660 -0.022408 -0.148572
v 0.031660 -0.022408 -0.148572
v 0.033689 -0.024228 -0.152117
v 0.033689 -0.024228 -0.152117
v 0.033689 -0.024228 -0.152117
v 0.033797 -0.021700 -0.152436
v 0.033797 -0.021700 -0.152436
v 0.033797 -0.021700 -0.152436
v 0.033797 -0.021700 -0.152436
v 0.033462 -0.022753 -0.150695
v 0.032503 -0.023042 -0.153316
v 0.032252 -0.021507 -0.151431
v 0.032252 -0.021507 -0.151431
v 0.032252 -0.021507 -0.151431
v 0.032207 -0.021541 -0.151716
v 0.032207 -0.021541 -0.151716
v 0.032102 -0.021572 -0.151998
v 0.032102 -0.021572 -0.151998
v 0.031939 -0.021598 -0.152259
v 0.031939 -0.021598 -0.152259
v 0.031725 -0.021617 -0.152482
v 0.031725 -0.021617 -0.152482
v 0.031476 -0.021628 -0.152654
v 0.031476 -0.021628 -0.152654
v 0.031209 -0.021631 -0.152768
v 0.031209 -0.021631 -0.152768
v 0.030942 -0.021627 -0.152828
v 0.030942 -0.021627 -0.152828
v 0.030668 -0.021617 -0.152839
v 0.030668 -0.021617 -0.152839
v 0.030382 -0.021599 -0.152796
v 0.030382 -0.021599 -0.152796
v 0.030098 -0.021574 -0.152693
v 0.030098 -0.021574 -0.152693
v 0.029836 -0.021542 -0.152532
v 0.029836 -0.021542 -0.152532
v 0.029613 -0.021506 -0.152322
v 0.029613 -0.021506 -0.152322
v 0.029442 -0.021468 -0.152075
v 0.029442 -0.021468 -0.152075
v 0.029327 -0.021430 -0.151811
v 0.029327 -0.021430 -0.151811
v 0.026093 -0.021514 -0.153577
v 0.026093 -0.021514 -0.153577
v 0.026093 -0.021514 -0.153577
v 0.027338 -0.021773 -0.155209
v 0.027338 -0.021773 -0.155209
v 0.029480 -0.021533 -0.152576
v 0.029540 -0.021594 -0.153045
v 0.029219 -0.023958 -0.151493
v 0.029219 -0.023958 -0.151493
v 0.029333 -0.023996 -0.151757
v 0.029333 -0.023996 -0.151757
v 0.029505 -0.024034 -0.152003
v 0.029505 -0.024034 -0.152003
v 0.029728 -0.024070 -0.152214
v 0.029728 -0.024070 -0.152214
v 0.029990 -0.024102 -0.152375
v 0.029990 -0.024102 -0.152375
v 0.030273 -0.024127 -0.152477
v 0.030273 -0.024127 -0.152477
v 0.030560 -0.024144 -0.152520
v 0.030560 -0.024144 -0.152520
v 0.030834 -0.024155 -0.152510
v 0.030834 -0.024155 -0.152510
v 0.031101 -0.024159 -0.152450
v 0.031101 -0.024159 -0.152450
v 0.031368 -0.024156 -0.152335
v 0.031368 -0.024156 -0.152335
v 0.031617 -0.024145 -0.152164
v 0.031617 -0.024145 -0.152164
v 0.031831 -0.024126 -0.151941
v 0.031831 -0.024126 -0.151941
v 0.031994 -0.024100 -0.151680
v 0.031994 -0.024100 -0.151680
v 0.032098 -0.024069 -0.151398
v 0.032098 -0.024069 -0.151398
v 0.032143 -0.024035 -0.151113
v 0.032143 -0.024035 -0.151113
v 0.027230 -0.024300 -0.154891
v 0.027230 -0.024300 -0.154891
v 0.025985 -0.024041 -0.153259
v 0.025985 -0.024041 -0.153259
v 0.025985 -0.024041 -0.153259
v 0.029372 -0.024060 -0.152258
v 0.029431 -0.024122 -0.152726
v 0.026558 -0.010659 -0.154944
v 0.026558 -0.010659 -0.154944
v 0.026558 -0.010659 -0.154944
v 0.028092 -0.010985 -0.157010
v 0.028092 -0.010985 -0.157010
v 0.029351 -0.011325 -0.159278
v 0.029351 -0.011325 -0.159278
v 0.030302 -0.011669 -0.161691
v 0.030302 -0.011669 -0.161691
v 0.030922 -0.012010 -0.164187
v 0.030922 -0.012010 -0.164187
v 0.030922 -0.012010 -0.164187
v 0.030497 -0.021923 -0.162939
v 0.030497 -0.021923 -0.162939
v 0.030497 -0.021923 -0.162939
v 0.029401 -0.021395 -0.159117
v 0.029401 -0.021395 -0.159117
v 0.029401 -0.021395 -0.159117
v 0.029167 -0.026847 -0.158431
v 0.029167 -0.026847 -0.158431
v 0.029167 -0.026847 -0.158431
v 0.027753 -0.026428 -0.155588
v 0.027753 -0.026428 -0.155588
v 0.025900 -0.026024 -0.153009
v 0.025900 -0.026024 -0.153009
v 0.025900 -0.026024 -0.153009
v 0.027763 -0.018668 -0.156043
v 0.029022 -0.019007 -0.158311
v 0.029972 -0.019352 -0.160724
v 0.029134 -0.025940 -0.151243
v 0.029134 -0.025940 -0.151243
v 0.029248 -0.025978 -0.151507
v 0.029248 -0.025978 -0.151507
v 0.029420 -0.026017 -0.151754
v 0.029420 -0.026017 -0.151754
v 0.029643 -0.026053 -0.151965
v 0.029643 -0.026053 -0.151965
v 0.029905 -0.026084 -0.152125
v 0.029905 -0.026084 -0.152125
v 0.030188 -0.026109 -0.152228
v 0.030188 -0.026109 -0.152228
v 0.030475 -0.026127 -0.152271
v 0.030475 -0.026127 -0.152271
v 0.030475 -0.026127 -0.152271
v 0.030749 -0.026137 -0.152260
v 0.030749 -0.026137 -0.152260
v 0.030749 -0.026137 -0.152260
v 0.031016 -0.026141 -0.152200
v 0.031016 -0.026141 -0.152200
v 0.031283 -0.026138 -0.152086
v 0.031283 -0.026138 -0.152086
v 0.031532 -0.026127 -0.151914
v 0.031532 -0.026127 -0.151914
v 0.031746 -0.026108 -0.151691
v 0.031746 -0.026108 -0.151691
v 0.031909 -0.026083 -0.151430
v 0.031909 -0.026083 -0.151430
v 0.032014 -0.026052 -0.151148
v 0.032014 -0.026052 -0.151148
v 0.032058 -0.026018 -0.150863
v 0.032058 -0.026018 -0.150863
v 0.032098 -0.025031 -0.151028
v 0.032032 -0.025070 -0.151355
v 0.031888 -0.025103 -0.151671
v 0.031671 -0.025129 -0.151949
v 0.031399 -0.025145 -0.152167
v 0.031097 -0.025150 -0.152312
v 0.030791 -0.025146 -0.152385
v 0.030477 -0.025134 -0.152393
v 0.030231 -0.025118 -0.152353
v 0.029987 -0.025097 -0.152268
v 0.029757 -0.025071 -0.152141
v 0.029552 -0.025041 -0.151974
v 0.029382 -0.025009 -0.151776
v 0.029252 -0.024976 -0.151558
v 0.029165 -0.024943 -0.151330
v 0.032292 -0.020566 -0.151550
v 0.032292 -0.020566 -0.151550
v 0.032247 -0.020600 -0.151835
v 0.032247 -0.020600 -0.151835
v 0.032143 -0.020631 -0.152117
v 0.032143 -0.020631 -0.152117
v 0.031979 -0.020656 -0.152378
v 0.031979 -0.020656 -0.152378
v 0.031766 -0.020675 -0.152601
v 0.031766 -0.020675 -0.152601
v 0.031517 -0.020686 -0.152772
v 0.031517 -0.020686 -0.152772
v 0.031250 -0.020689 -0.152887
v 0.031250 -0.020689 -0.152887
v 0.030982 -0.020685 -0.152947
v 0.030982 -0.020685 -0.152947
v 0.030709 -0.020675 -0.152957
v 0.030709 -0.020675 -0.152957
v 0.030422 -0.020657 -0.152914
v 0.030422 -0.020657 -0.152914
v 0.030138 -0.020632 -0.152812
v 0.030138 -0.020632 -0.152812
v 0.029876 -0.020601 -0.152651
v 0.029876 -0.020601 -0.152651
v 0.029653 -0.020565 -0.152440
v 0.029653 -0.020565 -0.152440
v 0.029482 -0.020526 -0.152194
v 0.029482 -0.020526 -0.152194
v 0.029368 -0.020488 -0.151929
v 0.029368 -0.020488 -0.151929
v 0.032269 -0.021041 -0.151531
v 0.032203 -0.021080 -0.151857
v 0.032059 -0.021113 -0.152173
v 0.031842 -0.021139 -0.152452
v 0.031570 -0.021155 -0.152669
v 0.031268 -0.021160 -0.152815
v 0.030962 -0.021156 -0.152887
v 0.030648 -0.021144 -0.152895
v 0.030402 -0.021128 -0.152855
v 0.030158 -0.021107 -0.152771
v 0.029928 -0.021081 -0.152643
v 0.029723 -0.021051 -0.152477
v 0.029553 -0.021019 -0.152279
v 0.029423 -0.020986 -0.152060
v 0.029336 -0.020954 -0.151832
v 0.030796 -0.020492 -0.151471
v 0.022359 -0.025096 -0.146848
v 0.022359 -0.025096 -0.146848
v 0.022359 -0.025096 -0.146848
v 0.024033 -0.024911 -0.144807
v 0.024033 -0.024911 -0.144807
v 0.025292 -0.024674 -0.142492
v 0.025292 -0.024674 -0.142492
v 0.025292 -0.024674 -0.142492
v 0.025526 -0.019222 -0.143179
v 0.025526 -0.019222 -0.143179
v 0.025526 -0.019222 -0.143179
v 0.024267 -0.019459 -0.145494
v 0.024267 -0.019459 -0.145494
v 0.022593 -0.019644 -0.147534
v 0.022593 -0.019644 -0.147534
v 0.022593 -0.019644 -0.147534
v 0.024150 -0.022185 -0.145150
v 0.037345 -0.026333 -0.151572
v 0.037345 -0.026333 -0.151572
v 0.037345 -0.026333 -0.151572
v 0.037579 -0.020881 -0.152259
v 0.037579 -0.020881 -0.152259
v 0.037579 -0.020881 -0.152259
v 0.033373 -0.023864 -0.155345
v 0.035267 -0.025871 -0.148609
v 0.035267 -0.025871 -0.148609
v 0.035267 -0.025871 -0.148609
v 0.035267 -0.025871 -0.148609
v 0.031178 -0.025089 -0.143792
v 0.031178 -0.025089 -0.143792
v 0.031178 -0.025089 -0.143792
v 0.030638 -0.024998 -0.143248
v 0.030638 -0.024998 -0.143248
v 0.029992 -0.024911 -0.142777
v 0.029992 -0.024911 -0.142777
v 0.029258 -0.024833 -0.142406
v 0.029258 -0.024833 -0.142406
v 0.028461 -0.024767 -0.142159
v 0.028461 -0.024767 -0.142159
v 0.027632 -0.024718 -0.142047
v 0.027632 -0.024718 -0.142047
v 0.026807 -0.024686 -0.142073
v 0.026807 -0.024686 -0.142073
v 0.026018 -0.024671 -0.142228
v 0.026018 -0.024671 -0.142228
v 0.022409 -0.025212 -0.147748
v 0.022409 -0.025212 -0.147748
v 0.022627 -0.025333 -0.148638
v 0.022627 -0.025333 -0.148638
v 0.023006 -0.025455 -0.149472
v 0.023006 -0.025455 -0.149472
v 0.023524 -0.025570 -0.150210
v 0.023524 -0.025570 -0.150210
v 0.023524 -0.025570 -0.150210
v 0.023524 -0.025570 -0.150210
v 0.023524 -0.025570 -0.150210
v 0.030095 -0.026122 -0.152361
v 0.030095 -0.026122 -0.152361
v 0.025704 -0.015058 -0.143703
v 0.025704 -0.015058 -0.143703
v 0.025704 -0.015058 -0.143703
v 0.024445 -0.015296 -0.146018
v 0.024445 -0.015296 -0.146018
v 0.022771 -0.015481 -0.148058
v 0.022771 -0.015481 -0.148058
v 0.022771 -0.015481 -0.148058
v 0.024356 -0.017377 -0.145756
v 0.022821 -0.015597 -0.148959
v 0.022821 -0.015597 -0.148959
v 0.023039 -0.015718 -0.149849
v 0.023039 -0.015718 -0.149849
v 0.023418 -0.015839 -0.150683
v 0.023418 -0.015839 -0.150683
v 0.023936 -0.015954 -0.151421
v 0.023936 -0.015954 -0.151421
v 0.023936 -0.015954 -0.151421
v 0.023936 -0.015954 -0.151421
v 0.022615 -0.020404 -0.148353
v 0.022833 -0.020526 -0.149244
v 0.023212 -0.020647 -0.150078
v 0.020065 -0.027901 -0.213963
v 0.020065 -0.027901 -0.213963
v 0.020065 -0.027901 -0.213963
v 0.020065 -0.027901 -0.213963
v 0.020065 -0.027901 -0.213963
v 0.019914 -0.027927 -0.214221
v 0.019914 -0.027927 -0.214221
v 0.019719 -0.027950 -0.214463
v 0.019719 -0.027950 -0.214463
v 0.019719 -0.027950 -0.214463
v 0.019481 -0.027966 -0.214677
v 0.019481 -0.027966 -0.214677
v 0.019481 -0.027966 -0.214677
v 0.019209 -0.027977 -0.214853
v 0.019209 -0.027977 -0.214853
v 0.018913 -0.027980 -0.214983
v 0.018913 -0.027980 -0.214983
v 0.018603 -0.027977 -0.215063
v 0.018603 -0.027977 -0.215063
v 0.018293 -0.027968 -0.215093
v 0.018293 -0.027968 -0.215093
v 0.017993 -0.027953 -0.215076
v 0.017993 -0.027953 -0.215076
v 0.017993 -0.027953 -0.215076
v 0.017700 -0.027933 -0.215015
v 0.017700 -0.027933 -0.215015
v 0.017700 -0.027933 -0.215015
v 0.017409 -0.027906 -0.214906
v 0.017409 -0.027906 -0.214906
v 0.017132 -0.027875 -0.214749
v 0.017132 -0.027875 -0.214749
v 0.017132 -0.027875 -0.214749
v 0.016881 -0.027839 -0.214547
v 0.016881 -0.027839 -0.214547
v 0.016881 -0.027839 -0.214547
v 0.016667 -0.027799 -0.214308
v 0.016667 -0.027799 -0.214308
v 0.016496 -0.027758 -0.214040
v 0.016496 -0.027758 -0.214040
v 0.016496 -0.027758 -0.214040
v 0.016373 -0.027717 -0.213756
v 0.016373 -0.027717 -0.213756
v 0.016298 -0.027678 -0.213468
v 0.016298 -0.027678 -0.213468
v 0.016298 -0.027678 -0.213468
v 0.016298 -0.027678 -0.213468
v 0.016298 -0.027678 -0.213468
v 0.016723 -0.017765 -0.214716
v 0.016723 -0.017765 -0.214716
v 0.016723 -0.017765 -0.214716
v 0.016723 -0.017765 -0.214716
v 0.016723 -0.017765 -0.214716
v 0.016723 -0.017765 -0.214716
v 0.016798 -0.017805 -0.215005
v 0.016798 -0.017805 -0.215005
v 0.016921 -0.017846 -0.215288
v 0.016921 -0.017846 -0.215288
v 0.016921 -0.017846 -0.215288
v 0.017091 -0.017887 -0.215556
v 0.017091 -0.017887 -0.215556
v 0.017306 -0.017926 -0.215795
v 0.017306 -0.017926 -0.215795
v 0.017557 -0.017962 -0.215997
v 0.017557 -0.017962 -0.215997
v 0.017557 -0.017962 -0.215997
v 0.017833 -0.017994 -0.216154
v 0.017833 -0.017994 -0.216154
v 0.017833 -0.017994 -0.216154
v 0.018124 -0.018020 -0.216263
v 0.018124 -0.018020 -0.216263
v 0.018124 -0.018020 -0.216263
v 0.018418 -0.018040 -0.216324
v 0.018418 -0.018040 -0.216324
v 0.018418 -0.018040 -0.216324
v 0.018717 -0.018055 -0.216341
v 0.018717 -0.018055 -0.216341
v 0.019028 -0.018065 -0.216311
v 0.019028 -0.018065 -0.216311
v 0.019337 -0.018068 -0.216231
v 0.019337 -0.018068 -0.216231
v 0.019634 -0.018064 -0.216101
v 0.019634 -0.018064 -0.216101
v 0.019906 -0.018054 -0.215925
v 0.019906 -0.018054 -0.215925
v 0.019906 -0.018054 -0.215925
v 0.020143 -0.018037 -0.215711
v 0.020143 -0.018037 -0.215711
v 0.020143 -0.018037 -0.215711
v 0.020339 -0.018015 -0.215470
v 0.020339 -0.018015 -0.215470
v 0.020489 -0.017989 -0.215211
v 0.020489 -0.017989 -0.215211
v 0.020489 -0.017989 -0.215211
v 0.020489 -0.017989 -0.215211
v 0.020489 -0.017989 -0.215211
v 0.019800 -0.023004 -0.215214
v 0.019991 -0.022987 -0.215021
v 0.019581 -0.023015 -0.215382
v 0.019339 -0.023022 -0.215519
v 0.019081 -0.023024 -0.215622
v 0.018815 -0.023021 -0.215687
v 0.018549 -0.023013 -0.215716
v 0.018205 -0.022996 -0.215700
v 0.017870 -0.022973 -0.215627
v 0.017540 -0.022942 -0.215490
v 0.017233 -0.022903 -0.215292
v 0.016966 -0.022860 -0.215038
v 0.016752 -0.022814 -0.214743
v 0.016600 -0.022767 -0.214422
v 0.020846 -0.017911 -0.214476
v 0.020846 -0.017911 -0.214476
v 0.020846 -0.017911 -0.214476
v 0.020846 -0.017911 -0.214476
v 0.020421 -0.027824 -0.213228
v 0.020421 -0.027824 -0.213228
v 0.020421 -0.027824 -0.213228
v 0.020421 -0.027824 -0.213228
v 0.020455 -0.022906 -0.214219
v 0.020455 -0.022906 -0.214219
v 0.032650 -0.023521 -0.174900
v 0.032650 -0.023521 -0.174900
v 0.032650 -0.023521 -0.174900
v 0.032650 -0.023521 -0.174900
v 0.032925 -0.023823 -0.177201
v 0.032925 -0.023823 -0.177201
v 0.032926 -0.024121 -0.179570
v 0.032926 -0.024121 -0.179570
v 0.032635 -0.024410 -0.181959
v 0.032635 -0.024410 -0.181959
v 0.032051 -0.024681 -0.184314
v 0.032051 -0.024681 -0.184314
v 0.031182 -0.024930 -0.186582
v 0.031182 -0.024930 -0.186582
v 0.030051 -0.025150 -0.188714
v 0.030051 -0.025150 -0.188714
v 0.028692 -0.025337 -0.190668
v 0.028692 -0.025337 -0.190668
v 0.027145 -0.025491 -0.192413
v 0.027145 -0.025491 -0.192413
v 0.027145 -0.025491 -0.192413
v 0.014748 -0.026526 -0.204853
v 0.014748 -0.026526 -0.204853
v 0.014748 -0.026526 -0.204853
v 0.037894 -0.026365 -0.195694
v 0.037894 -0.026365 -0.195694
v 0.037894 -0.026365 -0.195694
v 0.039441 -0.026211 -0.193949
v 0.039441 -0.026211 -0.193949
v 0.040801 -0.026023 -0.191994
v 0.040801 -0.026023 -0.191994
v 0.041931 -0.025803 -0.189862
v 0.041931 -0.025803 -0.189862
v 0.042800 -0.025555 -0.187594
v 0.042800 -0.025555 -0.187594
v 0.043384 -0.025283 -0.185239
v 0.043384 -0.025283 -0.185239
v 0.043675 -0.024995 -0.182851
v 0.043675 -0.024995 -0.182851
v 0.043675 -0.024697 -0.180482
v 0.043675 -0.024697 -0.180482
v 0.043399 -0.024395 -0.178181
v 0.043399 -0.024395 -0.178181
v 0.043399 -0.024395 -0.178181
v 0.039864 -0.021770 -0.158539
v 0.039864 -0.021770 -0.158539
v 0.039864 -0.021770 -0.158539
v 0.038990 -0.021325 -0.155301
v 0.038990 -0.021325 -0.155301
v 0.033075 -0.013609 -0.176148
v 0.033075 -0.013609 -0.176148
v 0.033075 -0.013609 -0.176148
v 0.033075 -0.013609 -0.176148
v 0.033350 -0.013910 -0.178449
v 0.033350 -0.013910 -0.178449
v 0.033350 -0.014209 -0.180819
v 0.033350 -0.014209 -0.180819
v 0.033060 -0.014497 -0.183207
v 0.033060 -0.014497 -0.183207
v 0.032475 -0.014768 -0.185562
v 0.032475 -0.014768 -0.185562
v 0.031607 -0.015017 -0.187830
v 0.031607 -0.015017 -0.187830
v 0.030476 -0.015237 -0.189962
v 0.030476 -0.015237 -0.189962
v 0.029117 -0.015425 -0.191916
v 0.029117 -0.015425 -0.191916
v 0.027570 -0.015578 -0.193661
v 0.027570 -0.015578 -0.193661
v 0.027570 -0.015578 -0.193661
v 0.033138 -0.018867 -0.177825
v 0.033138 -0.019165 -0.180194
v 0.032847 -0.019453 -0.182583
v 0.032263 -0.019725 -0.184938
v 0.031394 -0.019973 -0.187206
v 0.030264 -0.020193 -0.189338
v 0.028904 -0.020381 -0.191292
v 0.031786 -0.017766 -0.169544
v 0.031786 -0.017766 -0.169544
v 0.021180 -0.015427 -0.148174
v 0.021180 -0.015427 -0.148174
v 0.021180 -0.015427 -0.148174
v 0.021427 -0.009678 -0.148898
v 0.021427 -0.009678 -0.148898
v 0.021427 -0.009678 -0.148898
v 0.040288 -0.011857 -0.159788
v 0.040288 -0.011857 -0.159788
v 0.040288 -0.011857 -0.159788
v 0.039668 -0.011517 -0.157292
v 0.039668 -0.011517 -0.157292
v 0.038718 -0.011172 -0.154879
v 0.038718 -0.011172 -0.154879
v 0.037458 -0.010832 -0.152611
v 0.037458 -0.010832 -0.152611
v 0.035925 -0.010506 -0.150544
v 0.035925 -0.010506 -0.150544
v 0.035925 -0.010506 -0.150544
v 0.038389 -0.018854 -0.153911
v 0.037129 -0.018515 -0.151643
v 0.039339 -0.019199 -0.156324
v 0.043824 -0.014482 -0.179429
v 0.043824 -0.014482 -0.179429
v 0.043824 -0.014482 -0.179429
v 0.041844 -0.018126 -0.168984
v 0.038319 -0.016452 -0.196942
v 0.038319 -0.016452 -0.196942
v 0.038319 -0.016452 -0.196942
v 0.039866 -0.016298 -0.195197
v 0.039866 -0.016298 -0.195197
v 0.041225 -0.016111 -0.193243
v 0.041225 -0.016111 -0.193243
v 0.042356 -0.015890 -0.191111
v 0.042356 -0.015890 -0.191111
v 0.043225 -0.015642 -0.188843
v 0.043225 -0.015642 -0.188843
v 0.043809 -0.015371 -0.186488
v 0.043809 -0.015371 -0.186488
v 0.044100 -0.015082 -0.184099
v 0.044100 -0.015082 -0.184099
v 0.044099 -0.014784 -0.181730
v 0.044099 -0.014784 -0.181730
v 0.043887 -0.019740 -0.181106
v 0.043887 -0.020039 -0.183475
v 0.043597 -0.020327 -0.185864
v 0.043012 -0.020598 -0.188218
v 0.042144 -0.020847 -0.190486
v 0.041013 -0.021067 -0.192619
v 0.039654 -0.021255 -0.194573
v 0.026066 -0.008621 -0.138929
v 0.026066 -0.008621 -0.138929
v 0.026066 -0.008621 -0.138929
v 0.025820 -0.014371 -0.138205
v 0.025820 -0.014371 -0.138205
v 0.025820 -0.014371 -0.138205
v 0.025820 -0.014371 -0.138205
v 0.031590 -0.015474 -0.145003
v 0.031590 -0.015474 -0.145003
v 0.031590 -0.015474 -0.145003
v 0.031050 -0.015382 -0.144459
v 0.031050 -0.015382 -0.144459
v 0.031050 -0.015382 -0.144459
v 0.030404 -0.015295 -0.143987
v 0.030404 -0.015295 -0.143987
v 0.030404 -0.015295 -0.143987
v 0.029670 -0.015217 -0.143617
v 0.029670 -0.015217 -0.143617
v 0.028872 -0.015152 -0.143369
v 0.028872 -0.015152 -0.143369
v 0.028044 -0.015102 -0.143258
v 0.028044 -0.015102 -0.143258
v 0.027219 -0.015070 -0.143284
v 0.027219 -0.015070 -0.143284
v 0.026430 -0.015056 -0.143438
v 0.026430 -0.015056 -0.143438
v 0.026224 -0.019864 -0.142833
v 0.027013 -0.019878 -0.142678
v 0.027838 -0.019910 -0.142652
v 0.028667 -0.019960 -0.142764
v 0.029464 -0.020025 -0.143011
v 0.030198 -0.020103 -0.143382
v 0.030844 -0.020190 -0.143853
v 0.015172 -0.016614 -0.206102
v 0.015172 -0.016614 -0.206102
v 0.015172 -0.016614 -0.206102
v 0.015735 -0.022146 -0.209785
v 0.029370 -0.022138 -0.205085
v 0.021159 -0.021052 -0.199257
v 0.019484 -0.015507 -0.149381
v 0.019484 -0.015507 -0.149381
v 0.017531 -0.015544 -0.150337
v 0.017531 -0.015544 -0.150337
v 0.015382 -0.015531 -0.150971
v 0.015382 -0.015531 -0.150971
v 0.013123 -0.015467 -0.151231
v 0.013123 -0.015467 -0.151231
v 0.010855 -0.015353 -0.151096
v 0.010855 -0.015353 -0.151096
v 0.008680 -0.015195 -0.150582
v 0.008680 -0.015195 -0.150582
v 0.006687 -0.015003 -0.149734
v 0.006687 -0.015003 -0.149734
v 0.004938 -0.014788 -0.148622
v 0.004938 -0.014788 -0.148622
v 0.003391 -0.014549 -0.147247
v 0.003391 -0.014549 -0.147247
v 0.002036 -0.014279 -0.145567
v 0.002036 -0.014279 -0.145567
v 0.000957 -0.013988 -0.143626
v 0.000957 -0.013988 -0.143626
v 0.000221 -0.013688 -0.141494
v 0.000221 -0.013688 -0.141494
v -0.000128 -0.013393 -0.139266
v -0.000128 -0.013393 -0.139266
v -0.000128 -0.013393 -0.139266
v -0.000084 -0.013115 -0.137043
v -0.000084 -0.013115 -0.137043
v 0.000326 -0.012865 -0.134922
v 0.000326 -0.012865 -0.134922
v 0.001047 -0.012651 -0.132979
v 0.001047 -0.012651 -0.132979
v 0.002070 -0.012468 -0.131173
v 0.002070 -0.012468 -0.131173
v 0.003433 -0.012314 -0.129486
v 0.003433 -0.012314 -0.129486
v 0.005112 -0.012199 -0.128006
v 0.005112 -0.012199 -0.128006
v 0.007051 -0.012133 -0.126819
v 0.007051 -0.012133 -0.126819
v 0.009167 -0.012118 -0.125983
v 0.009167 -0.012118 -0.125983
v 0.011361 -0.012155 -0.125531
v 0.011361 -0.012155 -0.125531
v 0.013533 -0.012239 -0.125455
v 0.013533 -0.012239 -0.125455
v 0.015595 -0.012361 -0.125721
v 0.015595 -0.012361 -0.125721
v 0.017587 -0.012520 -0.126310
v 0.017587 -0.012520 -0.126310
v 0.019536 -0.012723 -0.127255
v 0.019536 -0.012723 -0.127255
v 0.021346 -0.012964 -0.128553
v 0.021346 -0.012964 -0.128553
v 0.022925 -0.013235 -0.130167
v 0.022925 -0.013235 -0.130167
v 0.024196 -0.013524 -0.132032
v 0.024196 -0.013524 -0.132032
v 0.025107 -0.013818 -0.134058
v 0.025107 -0.013818 -0.134058
v 0.025643 -0.014104 -0.136146
v 0.025643 -0.014104 -0.136146
v 0.025889 -0.008355 -0.136870
v 0.025889 -0.008355 -0.136870
v 0.025353 -0.008069 -0.134782
v 0.025353 -0.008069 -0.134782
v 0.024442 -0.007775 -0.132756
v 0.024442 -0.007775 -0.132756
v 0.023172 -0.007485 -0.130891
v 0.023172 -0.007485 -0.130891
v 0.021592 -0.007214 -0.129277
v 0.021592 -0.007214 -0.129277
v 0.019782 -0.006973 -0.127979
v 0.019782 -0.006973 -0.127979
v 0.017833 -0.006771 -0.127034
v 0.017833 -0.006771 -0.127034
v 0.015842 -0.006611 -0.126445
v 0.015842 -0.006611 -0.126445
v 0.013779 -0.006489 -0.126179
v 0.013779 -0.006489 -0.126179
v 0.011607 -0.006406 -0.126255
v 0.011607 -0.006406 -0.126255
v 0.009413 -0.006369 -0.126707
v 0.009413 -0.006369 -0.126707
v 0.007297 -0.006384 -0.127543
v 0.007297 -0.006384 -0.127543
v 0.005358 -0.006450 -0.128730
v 0.005358 -0.006450 -0.128730
v 0.003679 -0.006564 -0.130210
v 0.003679 -0.006564 -0.130210
v 0.002316 -0.006719 -0.131897
v 0.002316 -0.006719 -0.131897
v 0.001293 -0.006902 -0.133703
v 0.001293 -0.006902 -0.133703
v 0.000572 -0.007116 -0.135646
v 0.000572 -0.007116 -0.135646
v 0.000162 -0.007365 -0.137767
v 0.000162 -0.007365 -0.137767
v 0.000118 -0.007643 -0.139990
v 0.000118 -0.007643 -0.139990
v 0.000468 -0.007939 -0.142218
v 0.000468 -0.007939 -0.142218
v 0.001203 -0.008239 -0.144350
v 0.001203 -0.008239 -0.144350
v 0.001203 -0.008239 -0.144350
v 0.001203 -0.008239 -0.144350
v 0.002283 -0.008530 -0.146291
v 0.002283 -0.008530 -0.146291
v 0.003638 -0.008799 -0.147971
v 0.003638 -0.008799 -0.147971
v 0.005184 -0.009039 -0.149346
v 0.005184 -0.009039 -0.149346
v 0.006933 -0.009254 -0.150458
v 0.006933 -0.009254 -0.150458
v 0.008927 -0.009446 -0.151306
v 0.008927 -0.009446 -0.151306
v 0.011101 -0.009604 -0.151820
v 0.011101 -0.009604 -0.151820
v 0.013369 -0.009718 -0.151955
v 0.013369 -0.009718 -0.151955
v 0.015628 -0.009782 -0.151695
v 0.015628 -0.009782 -0.151695
v 0.017777 -0.009794 -0.151061
v 0.017777 -0.009794 -0.151061
v 0.019730 -0.009757 -0.150105
v 0.019730 -0.009757 -0.150105
v 0.017132 -0.012671 -0.150891
v 0.018659 -0.012656 -0.150257
v 0.015505 -0.012657 -0.151333
v 0.013816 -0.012613 -0.151565
v 0.012107 -0.012542 -0.151575
v 0.010422 -0.012443 -0.151364
v 0.008803 -0.012320 -0.150944
v 0.005902 -0.012023 -0.149568
v 0.003515 -0.011674 -0.147609
v 0.002476 -0.011474 -0.146376
v 0.001580 -0.011261 -0.144987
v 0.000861 -0.011039 -0.143469
v 0.000344 -0.010814 -0.141856
v -0.000030 -0.010447 -0.139068
v 0.000201 -0.010111 -0.136326
v 0.000964 -0.009827 -0.133806
v 0.002193 -0.009593 -0.131535
v 0.003948 -0.009406 -0.129455
v 0.006177 -0.009285 -0.127733
v 0.008750 -0.009242 -0.126519
v 0.011484 -0.009281 -0.125893
v 0.014185 -0.009391 -0.125853
v 0.016714 -0.009560 -0.126334
v 0.019181 -0.009794 -0.127347
v 0.021469 -0.010089 -0.128915
v 0.023398 -0.010431 -0.130975
v 0.024821 -0.010797 -0.133393
v 0.025667 -0.011159 -0.135986
v 0.011744 -0.009671 -0.136113
v 0.011744 -0.009671 -0.136113
v 0.011242 -0.009686 -0.136406
v 0.011242 -0.009686 -0.136406
v 0.010789 -0.009717 -0.136806
v 0.010789 -0.009717 -0.136806
v 0.010420 -0.009764 -0.137300
v 0.010420 -0.009764 -0.137300
v 0.010159 -0.009823 -0.137857
v 0.010159 -0.009823 -0.137857
v 0.010021 -0.009890 -0.138442
v 0.010021 -0.009890 -0.138442
v 0.010002 -0.009962 -0.139018
v 0.010002 -0.009962 -0.139018
v 0.010087 -0.010033 -0.139555
v 0.010087 -0.010033 -0.139555
v 0.010268 -0.010106 -0.140067
v 0.010268 -0.010106 -0.140067
v 0.010560 -0.010181 -0.140564
v 0.010560 -0.010181 -0.140564
v 0.010961 -0.010254 -0.141011
v 0.010961 -0.010254 -0.141011
v 0.011456 -0.010321 -0.141376
v 0.011456 -0.010321 -0.141376
v 0.012016 -0.010377 -0.141631
v 0.012016 -0.010377 -0.141631
v 0.012604 -0.010420 -0.141766
v 0.012604 -0.010420 -0.141766
v 0.013184 -0.010446 -0.141782
v 0.013184 -0.010446 -0.141782
v 0.011048 -0.009968 -0.138710
v 0.011048 -0.009968 -0.138710
v 0.011106 -0.009924 -0.138340
v 0.011106 -0.009924 -0.138340
v 0.011242 -0.009884 -0.137973
v 0.011242 -0.009884 -0.137973
v 0.011455 -0.009850 -0.137633
v 0.011455 -0.009850 -0.137633
v 0.011732 -0.009825 -0.137344
v 0.011732 -0.009825 -0.137344
v 0.012056 -0.009811 -0.137121
v 0.012056 -0.009811 -0.137121
v 0.012403 -0.009807 -0.136972
v 0.012403 -0.009807 -0.136972
v 0.012751 -0.009812 -0.136894
v 0.012751 -0.009812 -0.136894
v 0.013106 -0.009826 -0.136880
v 0.013106 -0.009826 -0.136880
v 0.013479 -0.009849 -0.136936
v 0.013479 -0.009849 -0.136936
v 0.013848 -0.009881 -0.137069
v 0.013848 -0.009881 -0.137069
v 0.014188 -0.009922 -0.137278
v 0.014188 -0.009922 -0.137278
v 0.014478 -0.009969 -0.137552
v 0.014478 -0.009969 -0.137552
v 0.014701 -0.010019 -0.137873
v 0.014701 -0.010019 -0.137873
v 0.014850 -0.010069 -0.138216
v 0.014850 -0.010069 -0.138216
v 0.012007 -0.010855 -0.139018
v 0.012007 -0.010855 -0.139018
v 0.012007 -0.010855 -0.139018
v 0.012083 -0.010880 -0.139194
v 0.012083 -0.010880 -0.139194
v 0.012083 -0.010880 -0.139194
v 0.012197 -0.010906 -0.139359
v 0.012197 -0.010906 -0.139359
v 0.012197 -0.010906 -0.139359
v 0.012346 -0.010930 -0.139499
v 0.012346 -0.010930 -0.139499
v 0.012521 -0.010951 -0.139606
v 0.012521 -0.010951 -0.139606
v 0.012710 -0.010968 -0.139675
v 0.012710 -0.010968 -0.139675
v 0.012901 -0.010980 -0.139703
v 0.012901 -0.010980 -0.139703
v 0.013083 -0.010987 -0.139696
v 0.013083 -0.010987 -0.139696
v 0.013262 -0.010989 -0.139656
v 0.013262 -0.010989 -0.139656
v 0.013439 -0.010987 -0.139580
v 0.013439 -0.010987 -0.139580
v 0.013605 -0.010980 -0.139465
v 0.013605 -0.010980 -0.139465
v 0.013748 -0.010967 -0.139317
v 0.013748 -0.010967 -0.139317
v 0.013748 -0.010967 -0.139317
v 0.013857 -0.010950 -0.139143
v 0.013857 -0.010950 -0.139143
v 0.013857 -0.010950 -0.139143
v 0.013926 -0.010929 -0.138955
v 0.013926 -0.010929 -0.138955
v 0.013956 -0.010907 -0.138765
v 0.013956 -0.010907 -0.138765
v 0.013967 -0.010279 -0.138981
v 0.013985 -0.010259 -0.138819
v 0.013919 -0.010297 -0.139145
v 0.013842 -0.010314 -0.139301
v 0.013738 -0.010327 -0.139444
v 0.013611 -0.010337 -0.139565
v 0.013467 -0.010343 -0.139661
v 0.013315 -0.010345 -0.139729
v 0.013111 -0.010342 -0.139777
v 0.012901 -0.010334 -0.139783
v 0.012682 -0.010319 -0.139740
v 0.012471 -0.010298 -0.139646
v 0.012285 -0.010272 -0.139503
v 0.012139 -0.010244 -0.139324
v 0.012043 -0.010214 -0.139125
v 0.011014 -0.010761 -0.138610
v 0.011014 -0.010761 -0.138610
v 0.011072 -0.010717 -0.138240
v 0.011072 -0.010717 -0.138240
v 0.011208 -0.010677 -0.137873
v 0.011208 -0.010677 -0.137873
v 0.011421 -0.010643 -0.137533
v 0.011421 -0.010643 -0.137533
v 0.011698 -0.010618 -0.137244
v 0.011698 -0.010618 -0.137244
v 0.012022 -0.010604 -0.137021
v 0.012022 -0.010604 -0.137021
v 0.012369 -0.010600 -0.136872
v 0.012369 -0.010600 -0.136872
v 0.012717 -0.010605 -0.136794
v 0.012717 -0.010605 -0.136794
v 0.013072 -0.010619 -0.136780
v 0.013072 -0.010619 -0.136780
v 0.013445 -0.010642 -0.136836
v 0.013445 -0.010642 -0.136836
v 0.013814 -0.010674 -0.136969
v 0.013814 -0.010674 -0.136969
v 0.014154 -0.010715 -0.137178
v 0.014154 -0.010715 -0.137178
v 0.014444 -0.010762 -0.137453
v 0.014444 -0.010762 -0.137453
v 0.014667 -0.010812 -0.137773
v 0.014667 -0.010812 -0.137773
v 0.014816 -0.010862 -0.138117
v 0.014816 -0.010862 -0.138117
v 0.014816 -0.010458 -0.138117
v 0.014628 -0.010401 -0.137728
v 0.014345 -0.010345 -0.137378
v 0.013982 -0.010295 -0.137100
v 0.013569 -0.010254 -0.136916
v 0.013142 -0.010225 -0.136834
v 0.012734 -0.010209 -0.136844
v 0.012336 -0.010204 -0.136939
v 0.012039 -0.010208 -0.137071
v 0.011759 -0.010219 -0.137258
v 0.011511 -0.010238 -0.137495
v 0.011307 -0.010265 -0.137772
v 0.011157 -0.010297 -0.138078
v 0.011065 -0.010333 -0.138396
v 0.011029 -0.010371 -0.138712
v 0.013150 -0.011239 -0.141682
v 0.013150 -0.011239 -0.141682
v 0.012570 -0.011213 -0.141666
v 0.012570 -0.011213 -0.141666
v 0.011982 -0.011170 -0.141531
v 0.011982 -0.011170 -0.141531
v 0.011422 -0.011114 -0.141276
v 0.011422 -0.011114 -0.141276
v 0.010927 -0.011047 -0.140912
v 0.010927 -0.011047 -0.140912
v 0.010526 -0.010974 -0.140464
v 0.010526 -0.010974 -0.140464
v 0.010234 -0.010899 -0.139968
v 0.010234 -0.010899 -0.139968
v 0.010053 -0.010826 -0.139455
v 0.010053 -0.010826 -0.139455
v 0.009968 -0.010755 -0.138919
v 0.009968 -0.010755 -0.138919
v 0.009987 -0.010683 -0.138342
v 0.009987 -0.010683 -0.138342
v 0.010125 -0.010616 -0.137757
v 0.010125 -0.010616 -0.137757
v 0.010386 -0.010557 -0.137200
v 0.010386 -0.010557 -0.137200
v 0.010755 -0.010510 -0.136707
v 0.010755 -0.010510 -0.136707
v 0.010755 -0.010510 -0.136707
v 0.011208 -0.010479 -0.136306
v 0.011208 -0.010479 -0.136306
v 0.011208 -0.010479 -0.136306
v 0.011710 -0.010464 -0.136013
v 0.011710 -0.010464 -0.136013
v 0.009623 -0.009496 -0.129036
v 0.009623 -0.009496 -0.129036
v 0.009623 -0.009496 -0.129036
v 0.010174 -0.010469 -0.136578
v 0.010174 -0.010469 -0.136578
v 0.010174 -0.010469 -0.136578
v 0.010174 -0.010469 -0.136578
v 0.002676 -0.010321 -0.137951
v 0.002676 -0.010321 -0.137951
v 0.002676 -0.010321 -0.137951
v 0.002317 -0.010318 -0.138050
v 0.002317 -0.010318 -0.138050
v 0.001962 -0.010324 -0.138221
v 0.001962 -0.010324 -0.138221
v 0.001635 -0.010341 -0.138465
v 0.001635 -0.010341 -0.138465
v 0.001356 -0.010368 -0.138774
v 0.001356 -0.010368 -0.138774
v 0.001143 -0.010404 -0.139130
v 0.001143 -0.010404 -0.139130
v 0.001008 -0.010446 -0.139514
v 0.001008 -0.010446 -0.139514
v 0.000950 -0.010493 -0.139900
v 0.000950 -0.010493 -0.139900
v 0.000964 -0.010540 -0.140270
v 0.000964 -0.010540 -0.140270
v 0.001043 -0.010588 -0.140631
v 0.001043 -0.010588 -0.140631
v 0.001195 -0.010640 -0.140990
v 0.001195 -0.010640 -0.140990
v 0.001195 -0.010640 -0.140990
v 0.001421 -0.010692 -0.141327
v 0.001421 -0.010692 -0.141327
v 0.001715 -0.010742 -0.141618
v 0.001715 -0.010742 -0.141618
v 0.001715 -0.010742 -0.141618
v 0.001715 -0.010742 -0.141618
v 0.002062 -0.010785 -0.141845
v 0.002062 -0.010785 -0.141845
v 0.002440 -0.010820 -0.141998
v 0.002440 -0.010820 -0.141998
v 0.002825 -0.010846 -0.142073
v 0.002825 -0.010846 -0.142073
v 0.002825 -0.010846 -0.142073
v 0.003197 -0.010863 -0.142077
v 0.003197 -0.010863 -0.142077
v 0.003197 -0.010863 -0.142077
v 0.003197 -0.010863 -0.142077
v 0.010795 -0.011114 -0.141489
v 0.010795 -0.011114 -0.141489
v 0.010795 -0.011114 -0.141489
v 0.012137 -0.012109 -0.148928
v 0.012137 -0.012109 -0.148928
v 0.012137 -0.012109 -0.148928
v 0.012235 -0.012158 -0.149285
v 0.012235 -0.012158 -0.149285
v 0.012405 -0.012209 -0.149636
v 0.012405 -0.012209 -0.149636
v 0.012649 -0.012260 -0.149960
v 0.012649 -0.012260 -0.149960
v 0.012958 -0.012308 -0.150235
v 0.012958 -0.012308 -0.150235
v 0.013317 -0.012350 -0.150444
v 0.013317 -0.012350 -0.150444
v 0.013317 -0.012350 -0.150444
v 0.013702 -0.012383 -0.150577
v 0.013702 -0.012383 -0.150577
v 0.014091 -0.012407 -0.150632
v 0.014091 -0.012407 -0.150632
v 0.014463 -0.012421 -0.150616
v 0.014463 -0.012421 -0.150616
v 0.014463 -0.012421 -0.150616
v 0.014827 -0.012426 -0.150536
v 0.014827 -0.012426 -0.150536
v 0.014827 -0.012426 -0.150536
v 0.015190 -0.012423 -0.150383
v 0.015190 -0.012423 -0.150383
v 0.015530 -0.012409 -0.150157
v 0.015530 -0.012409 -0.150157
v 0.015824 -0.012384 -0.149863
v 0.015824 -0.012384 -0.149863
v 0.015824 -0.012384 -0.149863
v 0.016055 -0.012351 -0.149517
v 0.016055 -0.012351 -0.149517
v 0.016211 -0.012310 -0.149142
v 0.016211 -0.012310 -0.149142
v 0.016211 -0.012310 -0.149142
v 0.016289 -0.012265 -0.148758
v 0.016289 -0.012265 -0.148758
v 0.016295 -0.012219 -0.148389
v 0.016295 -0.012219 -0.148389
v 0.016295 -0.012219 -0.148389
v 0.016295 -0.012219 -0.148389
v 0.015744 -0.011245 -0.140847
v 0.015744 -0.011245 -0.140847
v 0.015744 -0.011245 -0.140847
v 0.015744 -0.011245 -0.140847
v 0.023242 -0.011394 -0.139474
v 0.023242 -0.011394 -0.139474
v 0.023242 -0.011394 -0.139474
v 0.023601 -0.011397 -0.139375
v 0.023601 -0.011397 -0.139375
v 0.023956 -0.011390 -0.139204
v 0.023956 -0.011390 -0.139204
v 0.024283 -0.011374 -0.138960
v 0.024283 -0.011374 -0.138960
v 0.024562 -0.011347 -0.138651
v 0.024562 -0.011347 -0.138651
v 0.024774 -0.011311 -0.138294
v 0.024774 -0.011311 -0.138294
v 0.024910 -0.011268 -0.137911
v 0.024910 -0.011268 -0.137911
v 0.024967 -0.011222 -0.137525
v 0.024967 -0.011222 -0.137525
v 0.024954 -0.011175 -0.137155
v 0.024954 -0.011175 -0.137155
v 0.024875 -0.011126 -0.136794
v 0.024875 -0.011126 -0.136794
v 0.024875 -0.011126 -0.136794
v 0.024723 -0.011074 -0.136435
v 0.024723 -0.011074 -0.136435
v 0.024723 -0.011074 -0.136435
v 0.024497 -0.011022 -0.136098
v 0.024497 -0.011022 -0.136098
v 0.024203 -0.010973 -0.135807
v 0.024203 -0.010973 -0.135807
v 0.024203 -0.010973 -0.135807
v 0.024203 -0.010973 -0.135807
v 0.023856 -0.010930 -0.135580
v 0.023856 -0.010930 -0.135580
v 0.023478 -0.010894 -0.135427
v 0.023478 -0.010894 -0.135427
v 0.023478 -0.010894 -0.135427
v 0.023093 -0.010868 -0.135352
v 0.023093 -0.010868 -0.135352
v 0.022721 -0.010852 -0.135348
v 0.022721 -0.010852 -0.135348
v 0.022721 -0.010852 -0.135348
v 0.015123 -0.010600 -0.135935
v 0.015123 -0.010600 -0.135935
v 0.015123 -0.010600 -0.135935
v 0.015123 -0.010600 -0.135935
v 0.013781 -0.009606 -0.128496
v 0.013781 -0.009606 -0.128496
v 0.013781 -0.009606 -0.128496
v 0.013683 -0.009557 -0.128140
v 0.013683 -0.009557 -0.128140
v 0.013513 -0.009506 -0.127789
v 0.013513 -0.009506 -0.127789
v 0.013269 -0.009454 -0.127465
v 0.013269 -0.009454 -0.127465
v 0.012959 -0.009406 -0.127190
v 0.012959 -0.009406 -0.127190
v 0.012601 -0.009365 -0.126981
v 0.012601 -0.009365 -0.126981
v 0.012216 -0.009331 -0.126848
v 0.012216 -0.009331 -0.126848
v 0.011827 -0.009308 -0.126793
v 0.011827 -0.009308 -0.126793
v 0.011455 -0.009294 -0.126809
v 0.011455 -0.009294 -0.126809
v 0.011455 -0.009294 -0.126809
v 0.011091 -0.009288 -0.126889
v 0.011091 -0.009288 -0.126889
v 0.011091 -0.009288 -0.126889
v 0.010728 -0.009292 -0.127042
v 0.010728 -0.009292 -0.127042
v 0.010728 -0.009292 -0.127042
v 0.010388 -0.009306 -0.127268
v 0.010388 -0.009306 -0.127268
v 0.010093 -0.009330 -0.127562
v 0.010093 -0.009330 -0.127562
v 0.010093 -0.009330 -0.127562
v 0.010093 -0.009330 -0.127562
v 0.010093 -0.009330 -0.127562
v 0.009863 -0.009364 -0.127907
v 0.009863 -0.009364 -0.127907
v 0.009707 -0.009405 -0.128283
v 0.009707 -0.009405 -0.128283
v 0.009707 -0.009405 -0.128283
v 0.009629 -0.009450 -0.128667
v 0.009629 -0.009450 -0.128667
v 0.011365 -0.010077 -0.136261
v 0.011800 -0.010066 -0.136031
v 0.010958 -0.010099 -0.136572
v 0.010602 -0.010132 -0.136958
v 0.010316 -0.010176 -0.137404
v 0.010115 -0.010228 -0.137890
v 0.010004 -0.010287 -0.138392
v 0.009981 -0.010348 -0.138888
v 0.010070 -0.010430 -0.139505
v 0.010286 -0.010513 -0.140090
v 0.010647 -0.010599 -0.140649
v 0.011146 -0.010681 -0.141130
v 0.011753 -0.010751 -0.141486
v 0.012418 -0.010806 -0.141690
v 0.013086 -0.010840 -0.141736
v 0.009496 -0.012470 -0.128662
v 0.009496 -0.012470 -0.128662
v 0.009496 -0.012470 -0.128662
v 0.010047 -0.013443 -0.136204
v 0.010047 -0.013443 -0.136204
v 0.010047 -0.013443 -0.136204
v 0.009835 -0.011470 -0.132620
v 0.013654 -0.012580 -0.128122
v 0.013654 -0.012580 -0.128122
v 0.013654 -0.012580 -0.128122
v 0.013556 -0.012531 -0.127766
v 0.013556 -0.012531 -0.127766
v 0.013385 -0.012479 -0.127415
v 0.013385 -0.012479 -0.127415
v 0.013141 -0.012428 -0.127091
v 0.013141 -0.012428 -0.127091
v 0.012832 -0.012380 -0.126815
v 0.012832 -0.012380 -0.126815
v 0.012474 -0.012338 -0.126606
v 0.012474 -0.012338 -0.126606
v 0.012089 -0.012305 -0.126474
v 0.012089 -0.012305 -0.126474
v 0.011700 -0.012282 -0.126419
v 0.011700 -0.012282 -0.126419
v 0.011327 -0.012268 -0.126434
v 0.011327 -0.012268 -0.126434
v 0.010963 -0.012262 -0.126514
v 0.010963 -0.012262 -0.126514
v 0.010601 -0.012266 -0.126667
v 0.010601 -0.012266 -0.126667
v 0.010261 -0.012280 -0.126894
v 0.010261 -0.012280 -0.126894
v 0.009966 -0.012304 -0.127188
v 0.009966 -0.012304 -0.127188
v 0.009735 -0.012338 -0.127533
v 0.009735 -0.012338 -0.127533
v 0.009580 -0.012379 -0.127909
v 0.009580 -0.012379 -0.127909
v 0.009502 -0.012423 -0.128292
v 0.009502 -0.012423 -0.128292
v 0.009613 -0.010904 -0.128206
v 0.009561 -0.010943 -0.128533
v 0.009723 -0.010868 -0.127879
v 0.009889 -0.010836 -0.127567
v 0.010108 -0.010809 -0.127285
v 0.010371 -0.010790 -0.127044
v 0.010664 -0.010779 -0.126854
v 0.010975 -0.010775 -0.126719
v 0.011391 -0.010781 -0.126621
v 0.011818 -0.010798 -0.126609
v 0.012264 -0.010827 -0.126691
v 0.012696 -0.010868 -0.126874
v 0.013080 -0.010920 -0.127153
v 0.013387 -0.010978 -0.127506
v 0.013600 -0.011037 -0.127902
v 0.014996 -0.013574 -0.135561
v 0.014996 -0.013574 -0.135561
v 0.014996 -0.013574 -0.135561
v 0.014388 -0.011590 -0.132029
v 0.022593 -0.013826 -0.134974
v 0.022593 -0.013826 -0.134974
v 0.022593 -0.013826 -0.134974
v 0.018858 -0.012213 -0.135455
v 0.023115 -0.014368 -0.139100
v 0.023115 -0.014368 -0.139100
v 0.023115 -0.014368 -0.139100
v 0.023474 -0.014371 -0.139001
v 0.023474 -0.014371 -0.139001
v 0.023828 -0.014364 -0.138829
v 0.023828 -0.014364 -0.138829
v 0.024156 -0.014347 -0.138585
v 0.024156 -0.014347 -0.138585
v 0.024435 -0.014321 -0.138277
v 0.024435 -0.014321 -0.138277
v 0.024647 -0.014285 -0.137920
v 0.024647 -0.014285 -0.137920
v 0.024783 -0.014242 -0.137537
v 0.024783 -0.014242 -0.137537
v 0.024840 -0.014196 -0.137150
v 0.024840 -0.014196 -0.137150
v 0.024827 -0.014149 -0.136781
v 0.024827 -0.014149 -0.136781
v 0.024748 -0.014100 -0.136420
v 0.024748 -0.014100 -0.136420
v 0.024596 -0.014048 -0.136060
v 0.024596 -0.014048 -0.136060
v 0.024370 -0.013996 -0.135724
v 0.024370 -0.013996 -0.135724
v 0.024075 -0.013947 -0.135433
v 0.024075 -0.013947 -0.135433
v 0.024075 -0.013947 -0.135433
v 0.023729 -0.013903 -0.135205
v 0.023729 -0.013903 -0.135205
v 0.023729 -0.013903 -0.135205
v 0.023351 -0.013868 -0.135053
v 0.023351 -0.013868 -0.135053
v 0.022966 -0.013842 -0.134978
v 0.022966 -0.013842 -0.134978
v 0.023304 -0.012373 -0.135211
v 0.022975 -0.012352 -0.135160
v 0.023633 -0.012400 -0.135318
v 0.023946 -0.012434 -0.135481
v 0.024229 -0.012474 -0.135697
v 0.024470 -0.012517 -0.135957
v 0.024660 -0.012561 -0.136247
v 0.024794 -0.012606 -0.136555
v 0.024890 -0.012662 -0.136968
v 0.024900 -0.012716 -0.137392
v 0.024816 -0.012768 -0.137835
v 0.024629 -0.012814 -0.138265
v 0.024346 -0.012850 -0.138648
v 0.023989 -0.012874 -0.138954
v 0.023589 -0.012883 -0.139168
v 0.015616 -0.014219 -0.140472
v 0.015616 -0.014219 -0.140472
v 0.015616 -0.014219 -0.140472
v 0.019429 -0.012807 -0.139973
v 0.016167 -0.015193 -0.148014
v 0.016167 -0.015193 -0.148014
v 0.016167 -0.015193 -0.148014
v 0.016167 -0.015193 -0.148014
v 0.015956 -0.013219 -0.144430
v 0.015956 -0.013219 -0.144430
v 0.012009 -0.015082 -0.148554
v 0.012009 -0.015082 -0.148554
v 0.012009 -0.015082 -0.148554
v 0.012107 -0.015131 -0.148910
v 0.012107 -0.015131 -0.148910
v 0.012278 -0.015183 -0.149261
v 0.012278 -0.015183 -0.149261
v 0.012522 -0.015234 -0.149585
v 0.012522 -0.015234 -0.149585
v 0.012831 -0.015282 -0.149861
v 0.012831 -0.015282 -0.149861
v 0.013189 -0.015324 -0.150070
v 0.013189 -0.015324 -0.150070
v 0.013575 -0.015357 -0.150202
v 0.013575 -0.015357 -0.150202
v 0.013964 -0.015381 -0.150257
v 0.013964 -0.015381 -0.150257
v 0.014336 -0.015395 -0.150242
v 0.014336 -0.015395 -0.150242
v 0.014700 -0.015400 -0.150162
v 0.014700 -0.015400 -0.150162
v 0.015062 -0.015396 -0.150009
v 0.015062 -0.015396 -0.150009
v 0.015402 -0.015382 -0.149782
v 0.015402 -0.015382 -0.149782
v 0.015697 -0.015358 -0.149488
v 0.015697 -0.015358 -0.149488
v 0.015928 -0.015324 -0.149143
v 0.015928 -0.015324 -0.149143
v 0.016083 -0.015284 -0.148767
v 0.016083 -0.015284 -0.148767
v 0.016161 -0.015239 -0.148384
v 0.016161 -0.015239 -0.148384
v 0.016177 -0.013784 -0.148845
v 0.016230 -0.013745 -0.148517
v 0.016068 -0.013821 -0.149172
v 0.015901 -0.013853 -0.149483
v 0.015682 -0.013879 -0.149766
v 0.015420 -0.013898 -0.150006
v 0.015126 -0.013910 -0.150196
v 0.014816 -0.013913 -0.150332
v 0.014399 -0.013908 -0.150429
v 0.013972 -0.013891 -0.150441
v 0.013527 -0.013862 -0.150359
v 0.013095 -0.013820 -0.150176
v 0.012711 -0.013768 -0.149898
v 0.012404 -0.013711 -0.149545
v 0.012191 -0.013652 -0.149148
v 0.010667 -0.014088 -0.141115
v 0.010667 -0.014088 -0.141115
v 0.010667 -0.014088 -0.141115
v 0.011402 -0.013098 -0.145022
v 0.003070 -0.013837 -0.141702
v 0.003070 -0.013837 -0.141702
v 0.003070 -0.013837 -0.141702
v 0.006932 -0.012476 -0.141596
v 0.002549 -0.013295 -0.137576
v 0.002549 -0.013295 -0.137576
v 0.002549 -0.013295 -0.137576
v 0.002189 -0.013292 -0.137675
v 0.002189 -0.013292 -0.137675
v 0.001835 -0.013298 -0.137846
v 0.001835 -0.013298 -0.137846
v 0.001507 -0.013315 -0.138090
v 0.001507 -0.013315 -0.138090
v 0.001228 -0.013342 -0.138399
v 0.001228 -0.013342 -0.138399
v 0.001016 -0.013378 -0.138756
v 0.001016 -0.013378 -0.138756
v 0.000881 -0.013420 -0.139139
v 0.000881 -0.013420 -0.139139
v 0.000823 -0.013466 -0.139526
v 0.000823 -0.013466 -0.139526
v 0.000836 -0.013513 -0.139895
v 0.000836 -0.013513 -0.139895
v 0.000836 -0.013513 -0.139895
v 0.000915 -0.013562 -0.140256
v 0.000915 -0.013562 -0.140256
v 0.000915 -0.013562 -0.140256
v 0.001067 -0.013614 -0.140616
v 0.001067 -0.013614 -0.140616
v 0.001294 -0.013666 -0.140952
v 0.001294 -0.013666 -0.140952
v 0.001588 -0.013715 -0.141243
v 0.001588 -0.013715 -0.141243
v 0.001934 -0.013759 -0.141471
v 0.001934 -0.013759 -0.141471
v 0.002312 -0.013794 -0.141623
v 0.002312 -0.013794 -0.141623
v 0.002698 -0.013820 -0.141698
v 0.002698 -0.013820 -0.141698
v 0.002486 -0.012316 -0.141840
v 0.002816 -0.012336 -0.141890
v 0.002158 -0.012288 -0.141733
v 0.001844 -0.012254 -0.141569
v 0.001561 -0.012215 -0.141353
v 0.001321 -0.012172 -0.141094
v 0.001131 -0.012127 -0.140803
v 0.000996 -0.012083 -0.140496
v 0.000900 -0.012027 -0.140083
v 0.000890 -0.011973 -0.139659
v 0.000975 -0.011921 -0.139216
v 0.001162 -0.011874 -0.138786
v 0.001444 -0.011838 -0.138403
v 0.001801 -0.011815 -0.138096
v 0.002202 -0.011805 -0.137882
v 0.006361 -0.011882 -0.137077
v 0.024608 -0.013954 -0.135309
v 0.024608 -0.013954 -0.135309
vn 0.2442 -0.1315 -0.9608
vn 0.2442 -0.1314 -0.9608
vn 0.0638 -0.1273 -0.9898
vn 0.0368 -0.1264 -0.9913
vn -0.1295 -0.1185 -0.9845
vn -0.1860 -0.1149 -0.9758
vn -0.3257 -0.1044 -0.9397
vn -0.4076 -0.0969 -0.9080
vn -0.5124 -0.0857 -0.8544
vn -0.6098 -0.0733 -0.7891
vn -0.6773 -0.0633 -0.7330
vn -0.7763 -0.0460 -0.6287
vn -0.8109 -0.0388 -0.5839
vn -0.8965 -0.0173 -0.4427
vn -0.9082 -0.0138 -0.4183
vn -0.9688 0.0103 -0.2476
vn -0.9971 0.0341 -0.0687
vn -0.9984 0.0375 -0.0419
vn -0.9907 0.0580 0.1234
vn -0.9536 0.0775 0.2908
vn -0.9445 0.0805 0.3185
vn 0.0638 -0.1274 -0.9898
vn -0.5124 -0.0856 -0.8545
vn -0.8865 0.0950 0.4529
vn -0.8577 0.1003 0.5043
vn -0.7913 0.1096 0.6015
vn -0.7345 0.1157 0.6687
vn -0.6726 0.1208 0.7301
vn -0.5837 0.1260 0.8021
vn -0.5370 0.1280 0.8338
vn -0.4164 0.1311 0.8997
vn -0.3919 0.1314 0.9106
vn -0.2443 0.1314 0.9608
vn -0.2442 0.1314 0.9608
vn -0.4164 0.1312 0.8997
vn -0.9445 0.0806 0.3184
vn 0.9974 -0.0493 -0.0524
vn 0.9913 -0.0263 0.1287
vn 0.9986 -0.0461 -0.0258
vn 0.9801 -0.0656 -0.1876
vn 0.9675 -0.0720 -0.2425
vn 0.9327 -0.0841 -0.3508
vn 0.8978 -0.0927 -0.4306
vn 0.8557 -0.1006 -0.5077
vn 0.7889 -0.1099 -0.6046
vn 0.7512 -0.1141 -0.6501
vn 0.6465 -0.1225 -0.7530
vn 0.6239 -0.1239 -0.7716
vn 0.4805 -0.1298 -0.8673
vn 0.4806 -0.1298 -0.8673
vn 0.3283 -0.1318 -0.9353
vn 0.3026 -0.1319 -0.9439
vn 0.1243 -0.1292 -0.9838
vn 0.1243 -0.1293 -0.9838
vn -0.0581 -0.1222 -0.9908
vn -0.0851 -0.1209 -0.9890
vn -0.2493 -0.1105 -0.9621
vn -0.3041 -0.1062 -0.9467
vn -0.4384 -0.0938 -0.8939
vn -0.5159 -0.0853 -0.8524
vn -0.6131 -0.0728 -0.7867
vn -0.7018 -0.0593 -0.7099
vn -0.7617 -0.0487 -0.6461
vn -0.8470 -0.0305 -0.5307
vn -0.8760 -0.0232 -0.4818
vn -0.9436 -0.0013 -0.3311
vn -0.9522 0.0023 -0.3056
vn -0.9913 0.0263 -0.1287
vn 0.3026 -0.1318 -0.9440
vn -0.0581 -0.1223 -0.9908
vn -0.6131 -0.0728 -0.7866
vn 0.9675 -0.0719 -0.2425
vn -0.9522 0.0024 -0.3056
vn -0.8760 -0.0231 -0.4818
vn -0.8471 -0.0305 -0.5306
vn -0.7015 -0.0594 -0.7102
vn -0.5162 -0.0852 -0.8522
vn -0.3042 -0.1062 -0.9467
vn -0.0853 -0.1209 -0.9890
vn -0.0582 -0.1224 -0.9908
vn 0.3027 -0.1319 -0.9439
vn 0.3284 -0.1318 -0.9353
vn 0.4804 -0.1298 -0.8674
vn 0.6238 -0.1239 -0.7717
vn -0.9521 0.0018 -0.3056
vn -0.8760 -0.0232 -0.4817
vn -0.6131 -0.0727 -0.7867
vn -0.0582 -0.1223 -0.9908
vn 0.1243 -0.1291 -0.9838
vn 0.3027 -0.1317 -0.9439
vn 0.7509 -0.1141 -0.6505
vn 0.8553 -0.1007 -0.5083
vn 0.9325 -0.0841 -0.3511
vn 0.9799 -0.0657 -0.1882
vn 0.9986 -0.0460 -0.0258
vn 0.9675 -0.0719 -0.2424
vn 0.7889 -0.1100 -0.6046
vn -0.9599 0.0058 -0.2803
vn -0.9913 0.0262 -0.1287
vn -0.9017 -0.0158 -0.4322
vn -0.8759 -0.0231 -0.4819
vn -0.8150 -0.0379 -0.5782
vn -0.7019 -0.0593 -0.7098
vn -0.5651 -0.0792 -0.8212
vn -0.4117 -0.0965 -0.9062
vn 0.3027 -0.1318 -0.9439
vn 0.5296 -0.1282 -0.8385
vn 0.7112 -0.1178 -0.6931
vn 0.8555 -0.1006 -0.5080
vn 0.9517 -0.0781 -0.2970
vn 0.9955 -0.0526 -0.0793
vn 0.9974 -0.0493 -0.0525
vn -0.9599 0.0058 -0.2802
vn -0.9016 -0.0158 -0.4323
vn -0.8148 -0.0379 -0.5785
vn -0.7014 -0.0594 -0.7103
vn -0.5650 -0.0792 -0.8213
vn -0.4119 -0.0965 -0.9061
vn -0.2495 -0.1105 -0.9621
vn -0.0583 -0.1223 -0.9908
vn 0.3285 -0.1318 -0.9353
vn 0.5298 -0.1282 -0.8384
vn 0.7115 -0.1177 -0.6928
vn 0.8557 -0.1006 -0.5076
vn 0.9516 -0.0782 -0.2972
vn 0.9955 -0.0527 -0.0793
vn 0.9974 -0.0495 -0.0524
vn 0.4805 -0.1296 -0.8674
vn -0.6131 -0.0729 -0.7866
vn 0.9522 -0.0023 0.3056
vn 0.9600 -0.0060 0.2799
vn 0.9015 0.0158 0.4325
vn 0.8760 0.0231 0.4818
vn 0.8149 0.0379 0.5783
vn 0.7617 0.0487 0.6461
vn 0.7018 0.0593 0.7099
vn 0.6131 0.0728 0.7867
vn 0.5650 0.0793 0.8213
vn 0.4384 0.0938 0.8939
vn 0.4117 0.0965 0.9062
vn 0.2493 0.1105 0.9621
vn 0.2494 0.1105 0.9621
vn 0.0851 0.1209 0.9890
vn 0.0582 0.1223 0.9908
vn -0.1243 0.1292 0.9838
vn -0.3027 0.1318 0.9439
vn -0.3283 0.1318 0.9353
vn -0.4805 0.1298 0.8673
vn -0.5296 0.1282 0.8385
vn -0.6465 0.1225 0.7530
vn -0.7114 0.1177 0.6929
vn -0.7889 0.1099 0.6046
vn -0.8554 0.1006 0.5080
vn -0.8978 0.0927 0.4306
vn -0.9517 0.0782 0.2969
vn -0.9675 0.0719 0.2424
vn -0.9955 0.0526 0.0793
vn -0.9974 0.0493 0.0524
vn -0.9974 0.0493 0.0525
vn 0.0582 0.1224 0.9908
vn -0.3027 0.1319 0.9439
vn -0.4805 0.1299 0.8673
vn -0.6465 0.1226 0.7530
vn -0.7889 0.1100 0.6046
vn 0.8760 0.0232 0.4818
vn 0.9974 -0.0494 -0.0524
vn 0.9517 -0.0782 -0.2969
vn 0.8554 -0.1006 -0.5080
vn 0.7114 -0.1177 -0.6929
vn 0.5297 -0.1282 -0.8384
vn -0.0582 -0.1220 -0.9908
vn -0.4121 -0.0964 -0.9060
vn 0.6465 -0.1226 -0.7530
vn -0.5653 -0.0792 -0.8211
vn -0.7015 -0.0594 -0.7101
vn -0.8149 -0.0379 -0.5784
vn -0.9015 -0.0158 -0.4324
vn -0.9522 0.0022 -0.3056
vn -0.9598 0.0058 -0.2805
vn -0.9913 0.0263 -0.1288
vn 0.0425 0.9913 -0.1248
vn 0.0425 0.9913 -0.1249
vn 0.0424 0.9913 -0.1248
vn -0.6428 0.1228 0.7561
vn -0.6426 0.1227 0.7563
vn 0.6425 -0.1228 -0.7564
vn 0.6425 -0.1227 -0.7564
vn 0.6428 -0.1228 -0.7561
vn 0.6428 -0.1227 -0.7561
vn 0.6426 -0.1228 -0.7563
vn 0.6422 -0.1228 -0.7566
vn -0.3417 -0.1030 -0.9341
vn -0.9839 0.0198 -0.1775
vn -0.6422 0.1228 0.7566
vn -0.6425 0.1227 0.7564
vn -0.0425 -0.9913 0.1248
vn -0.0424 -0.9913 0.1248
vn -0.0425 -0.9913 0.1249
vn -0.8276 -0.0351 -0.5602
vn -0.8420 -0.0317 -0.5385
vn -0.8811 -0.0218 -0.4725
vn -0.9050 -0.0148 -0.4251
vn -0.8810 -0.0217 -0.4726
vn -0.9287 -0.0069 -0.3707
vn -0.8580 -0.0279 -0.5129
vn -0.7654 -0.0480 -0.6418
vn -0.7654 -0.0485 -0.6417
vn -0.8422 -0.0317 -0.5383
vn -0.9525 0.0025 -0.3044
vn -0.9835 0.0195 -0.1797
vn -0.9524 0.0024 -0.3047
vn -0.9675 0.0722 0.2425
vn -0.8554 0.1006 0.5081
vn -0.7114 0.1177 0.6928
vn -0.3284 0.1318 0.9353
vn -0.1243 0.1293 0.9838
vn 0.4119 0.0965 0.9061
vn -0.9974 0.0494 0.0524
vn -0.9675 0.0720 0.2424
vn -0.3026 0.1319 0.9439
vn 0.5650 0.0792 0.8213
vn 0.6131 0.0727 0.7867
vn 0.8150 0.0379 0.5782
vn 0.8759 0.0231 0.4819
vn 0.9016 0.0159 0.4323
vn 0.9599 -0.0059 0.2802
vn -0.9517 0.0782 0.2970
vn -0.8555 0.1006 0.5080
vn 0.0582 0.1225 0.9908
vn -0.8978 0.0926 0.4306
vn 0.0582 0.1221 0.9908
vn 0.5653 0.0792 0.8210
vn 0.7016 0.0594 0.7101
vn 0.9017 0.0158 0.4321
vn 0.9599 -0.0058 0.2802
vn -0.0424 -0.9913 0.1249
vn -0.7100 0.1178 0.6943
vn -0.8295 0.1046 0.5486
vn -0.9195 0.0876 0.3832
vn -0.0424 -0.9913 0.1246
vn -0.0425 -0.9913 0.1250
vn -0.9195 0.0877 0.3832
vn -0.9984 0.0466 0.0307
vn -0.9885 0.0235 -0.1492
vn -0.9984 0.0466 0.0306
vn -0.9885 0.0235 -0.1495
vn -0.9984 0.0467 0.0307
vn -0.9449 -0.0007 -0.3274
vn -0.8690 -0.0250 -0.4942
vn -0.8690 -0.0250 -0.4941
vn -0.8691 -0.0250 -0.4940
vn 0.8996 -0.0922 -0.4268
vn 0.8996 -0.0923 -0.4269
vn 0.8243 -0.1054 -0.5562
vn 0.8243 -0.1054 -0.5563
vn 0.7568 -0.1135 -0.6437
vn 0.7264 -0.1167 -0.6773
vn 0.6608 -0.1216 -0.7406
vn 0.6079 -0.1250 -0.7841
vn 0.5514 -0.1274 -0.8245
vn 0.4720 -0.1301 -0.8720
vn 0.4306 -0.1309 -0.8930
vn 0.3236 -0.1319 -0.9370
vn 0.3019 -0.1318 -0.9442
vn 0.1689 -0.1303 -0.9770
vn 0.1688 -0.1303 -0.9770
vn 0.0356 -0.1264 -0.9913
vn 0.1687 -0.1303 -0.9770
vn 0.0138 -0.1255 -0.9920
vn -0.1361 -0.1181 -0.9836
vn -0.1361 -0.1180 -0.9836
vn -0.2828 -0.1079 -0.9531
vn -0.3038 -0.1062 -0.9468
vn -0.4284 -0.0948 -0.8986
vn -0.4689 -0.0905 -0.8786
vn -0.5667 -0.0790 -0.8201
vn -0.6227 -0.0714 -0.7792
vn -0.6921 -0.0606 -0.7192
vn -0.7558 -0.0498 -0.6529
vn -0.7994 -0.0410 -0.5994
vn -0.8627 -0.0266 -0.5051
vn -0.8847 -0.0206 -0.4656
vn -0.9389 -0.0031 -0.3442
vn -0.9462 -0.0002 -0.3237
vn -0.9835 0.0195 -0.1796
vn -0.9461 -0.0003 -0.3239
vn -0.4283 -0.0948 -0.8986
vn -0.5668 -0.0793 -0.8200
vn -0.6922 -0.0611 -0.7191
vn -0.7994 -0.0413 -0.5993
vn -0.8847 -0.0210 -0.4658
vn 0.3237 -0.1318 -0.9370
vn 0.4720 -0.1299 -0.8720
vn 0.6080 -0.1248 -0.7841
vn 0.7266 -0.1164 -0.6771
vn 0.8996 -0.0923 -0.4268
vn -0.0425 -0.9913 0.1247
vn -0.0423 -0.9912 0.1251
vn -0.9973 0.0347 -0.0640
vn -0.9973 0.0496 0.0540
vn -0.9973 0.0496 0.0538
vn -0.9828 0.0640 0.1735
vn -0.9828 0.0639 0.1735
vn -0.9536 0.0775 0.2910
vn -0.9101 0.0899 0.4045
vn -0.9102 0.0899 0.4042
vn -0.8538 0.1009 0.5107
vn -0.7860 0.1103 0.6083
vn -0.7856 0.1104 0.6088
vn -0.7083 0.1180 0.6959
vn -0.9974 0.0347 -0.0640
vn -0.7653 -0.0480 -0.6418
vn 0.9399 0.0027 0.3416
vn 0.9050 0.0145 0.4251
vn 0.8693 0.0249 0.4936
vn 0.8420 0.0317 0.5385
vn 0.8693 0.0249 0.4937
vn 0.7654 0.0480 0.6418
vn 0.7654 0.0480 0.6417
vn 0.8422 0.0317 0.5382
vn 0.9050 0.0148 0.4251
vn 0.9524 -0.0024 0.3047
vn 0.9525 -0.0025 0.3044
vn 0.9835 -0.0195 0.1797
vn 0.9836 -0.0195 0.1796
vn 0.9835 -0.0195 0.1796
vn 0.9973 -0.0347 0.0640
vn 0.9973 -0.0495 -0.0540
vn 0.9973 -0.0496 -0.0543
vn 0.9828 -0.0640 -0.1735
vn 0.9536 -0.0775 -0.2910
vn 0.9101 -0.0899 -0.4045
vn 0.9102 -0.0899 -0.4042
vn 0.8538 -0.1009 -0.5107
vn 0.7860 -0.1103 -0.6083
vn 0.7857 -0.1103 -0.6087
vn 0.7083 -0.1180 -0.6959
vn 0.9828 -0.0639 -0.1732
vn 0.9973 -0.0346 0.0643
vn -0.4118 0.1312 0.9018
vn -0.4117 0.1312 0.9018
vn -0.2664 0.1317 0.9548
vn -0.2663 0.1316 0.9548
vn -0.1088 0.1288 0.9857
vn -0.1088 0.1287 0.9857
vn 0.0567 0.1224 0.9909
vn 0.0562 0.1223 0.9909
vn 0.2219 0.1125 0.9686
vn 0.3809 0.0994 0.9193
vn 0.3808 0.0994 0.9193
vn 0.5281 0.0838 0.8450
vn 0.6571 0.0664 0.7509
vn 0.6572 0.0664 0.7508
vn 0.6570 0.0664 0.7509
vn 0.5280 0.0838 0.8451
vn 0.3808 0.0995 0.9193
vn 0.2218 0.1125 0.9686
vn 0.0562 0.1224 0.9909
vn -0.2665 0.1316 0.9548
vn 0.7083 -0.1180 -0.6960
vn -0.7083 0.1180 0.6960
vn 0.5118 -0.1289 -0.8494
vn 0.4388 -0.1307 -0.8890
vn 0.3615 -0.1317 -0.9230
vn 0.3213 -0.1318 -0.9378
vn 0.1962 -0.1308 -0.9718
vn 0.0663 -0.1274 -0.9896
vn 0.1962 -0.1307 -0.9718
vn 0.0224 -0.1259 -0.9918
vn 0.5117 -0.1289 -0.8494
vn -0.0654 -0.1219 -0.9904
vn -0.1521 -0.1171 -0.9814
vn -0.1950 -0.1144 -0.9741
vn -0.3193 -0.1050 -0.9418
vn -0.3193 -0.1049 -0.9418
vn -0.4727 -0.0901 -0.8766
vn -0.5422 -0.0821 -0.8362
vn -0.6073 -0.0736 -0.7911
vn -0.7261 -0.0552 -0.6853
vn -0.7262 -0.0552 -0.6853
vn -0.8061 -0.0398 -0.5905
vn -0.8304 -0.0345 -0.5561
vn -0.8752 -0.0234 -0.4833
vn -0.9135 -0.0121 -0.4067
vn -0.9303 -0.0063 -0.3669
vn -0.9700 0.0109 -0.2428
vn -0.9700 0.0110 -0.2428
vn -0.9969 0.0337 -0.0714
vn -0.9988 0.0392 -0.0282
vn -0.9935 0.0550 0.0996
vn -0.9811 0.0650 0.1824
vn -0.9620 0.0742 0.2628
vn -0.9223 0.0869 0.3765
vn -0.9066 0.0907 0.4122
vn -0.8277 0.1049 0.5512
vn -0.8278 0.1048 0.5512
vn -0.7229 0.1168 0.6810
vn -0.6930 0.1192 0.7110
vn -0.5938 0.1255 0.7947
vn -0.5211 0.1286 0.8438
vn -0.4447 0.1307 0.8861
vn -0.3234 0.1319 0.9370
vn -0.2817 0.1317 0.9504
vn -0.1131 0.1289 0.9852
vn -0.1133 0.1289 0.9852
vn 0.0539 0.1225 0.9910
vn 0.0945 0.1204 0.9882
vn 0.2126 0.1131 0.9706
vn 0.2892 0.1074 0.9512
vn 0.3658 0.1008 0.9252
vn 0.4789 0.0895 0.8733
vn 0.5157 0.0853 0.8525
vn 0.6553 0.0667 0.7524
vn 0.6549 0.0667 0.7528
vn 0.7764 0.0459 0.6285
vn 0.8033 0.0404 0.5943
vn 0.8742 0.0236 0.4850
vn 0.9127 0.0123 0.4084
vn 0.9442 0.0010 0.3292
vn 0.9778 -0.0156 0.2089
vn 0.9855 -0.0209 0.1686
vn 0.9991 -0.0416 0.0103
vn 0.9991 -0.0415 0.0102
vn 0.9855 -0.0210 0.1686
vn 0.9443 0.0012 0.3292
vn 0.8742 0.0236 0.4851
vn 0.6551 0.0667 0.7526
vn 0.3659 0.1008 0.9252
vn -0.1134 0.1289 0.9852
vn -0.2819 0.1318 0.9504
vn -0.7229 0.1167 0.6810
vn -0.9065 0.0908 0.4123
vn -0.9620 0.0744 0.2627
vn -0.9935 0.0551 0.0996
vn -0.9969 0.0337 -0.0713
vn 0.0425 0.9913 -0.1247
vn 0.0424 0.9913 -0.1249
vn 0.0424 0.9913 -0.1247
vn -0.9986 0.0460 0.0260
vn -0.9800 0.0656 0.1878
vn -0.9323 0.0842 0.3517
vn -0.8554 0.1006 0.5082
vn -0.7509 0.1141 0.6504
vn -0.6239 0.1239 0.7717
vn -0.4806 0.1298 0.8673
vn 0.3040 0.1062 0.9467
vn 0.5162 0.0852 0.8522
vn 0.7014 0.0594 0.7103
vn 0.8470 0.0305 0.5306
vn 0.9436 0.0013 0.3311
vn 0.9522 -0.0024 0.3056
vn 0.9913 -0.0263 0.1288
vn 0.9913 -0.0262 0.1287
vn 0.8760 0.0232 0.4817
vn -0.9675 0.0721 0.2425
vn 0.8471 0.0305 0.5305
vn 0.7019 0.0593 0.7098
vn 0.5160 0.0852 0.8523
vn 0.3042 0.1062 0.9467
vn 0.2493 0.1104 0.9621
vn 0.0853 0.1209 0.9890
vn -0.1243 0.1291 0.9838
vn -0.3026 0.1318 0.9440
vn -0.6239 0.1239 0.7716
vn 0.0581 0.1224 0.9908
vn -0.3026 0.1319 0.9440
vn -0.7512 0.1141 0.6501
vn -0.8557 0.1006 0.5076
vn -0.9327 0.0841 0.3508
vn -0.9675 0.0720 0.2425
vn -0.9800 0.0656 0.1877
vn -0.9986 0.0461 0.0258
vn -0.0424 -0.9913 0.1250
vn -0.0425 -0.9913 0.1246
vn -0.0425 -0.9912 0.1251
vn -0.0424 -0.9913 0.1247
vn -0.0420 -0.9913 0.1244
vn -0.0426 -0.9913 0.1249
vn -0.0422 -0.9913 0.1246
vn 0.4164 -0.1312 -0.8997
vn 0.2443 -0.1314 -0.9608
vn 0.3918 -0.1314 -0.9106
vn 0.2443 -0.1315 -0.9608
vn 0.5370 -0.1280 -0.8338
vn 0.5837 -0.1260 -0.8022
vn 0.6726 -0.1208 -0.7301
vn 0.7345 -0.1157 -0.6687
vn 0.7913 -0.1097 -0.6015
vn 0.8577 -0.1003 -0.5043
vn 0.8866 -0.0950 -0.4528
vn 0.9445 -0.0805 -0.3185
vn 0.9536 -0.0775 -0.2908
vn 0.9907 -0.0580 -0.1234
vn 0.9907 -0.0580 -0.1235
vn 0.9984 -0.0375 0.0419
vn 0.9970 -0.0340 0.0689
vn 0.9688 -0.0103 0.2477
vn 0.9082 0.0138 0.4183
vn 0.8965 0.0173 0.4428
vn 0.8109 0.0388 0.5839
vn 0.7763 0.0460 0.6287
vn 0.6772 0.0633 0.7331
vn 0.6099 0.0733 0.7891
vn 0.5124 0.0857 0.8545
vn 0.4078 0.0969 0.9079
vn 0.3257 0.1044 0.9397
vn 0.1859 0.1149 0.9758
vn 0.1295 0.1185 0.9845
vn -0.0368 0.1264 0.9913
vn -0.0638 0.1274 0.9898
vn -0.0638 0.1273 0.9898
vn 0.9971 -0.0341 0.0688
vn 0.6773 0.0633 0.7330
vn 0.5124 0.0856 0.8545
vn 0.9445 -0.0806 -0.3184
vn 0.5837 -0.1260 -0.8021
vn 0.9965 -0.0330 0.0771
vn 0.9965 -0.0330 0.0770
vn 0.9960 -0.0519 -0.0733
vn 0.9936 -0.0550 -0.0991
vn 0.9708 -0.0705 -0.2292
vn 0.9565 -0.0765 -0.2815
vn 0.9185 -0.0879 -0.3856
vn 0.8825 -0.0958 -0.4605
vn 0.8392 -0.1032 -0.5339
vn 0.7726 -0.1118 -0.6250
vn 0.7350 -0.1156 -0.6682
vn 0.6322 -0.1235 -0.7649
vn 0.6101 -0.1247 -0.7824
vn 0.4703 -0.1299 -0.8729
vn 0.4703 -0.1301 -0.8729
vn 0.3225 -0.1319 -0.9373
vn 0.2976 -0.1318 -0.9455
vn -0.0530 -0.1224 -0.9911
vn -0.0791 -0.1213 -0.9895
vn -0.2381 -0.1113 -0.9648
vn -0.2914 -0.1073 -0.9506
vn -0.4216 -0.0954 -0.9017
vn -0.4974 -0.0874 -0.8631
vn -0.5922 -0.0756 -0.8022
vn -0.6794 -0.0629 -0.7310
vn -0.7395 -0.0528 -0.6711
vn -0.8259 -0.0355 -0.5627
vn -0.8556 -0.0285 -0.5168
vn -0.9274 -0.0073 -0.3739
vn -0.9368 -0.0042 -0.3499
vn -0.9835 0.0195 -0.1801
vn -0.9368 -0.0039 -0.3497
vn -0.9835 0.0195 -0.1800
vn 0.2978 -0.1319 -0.9455
vn -0.0531 -0.1227 -0.9910
vn -0.4216 -0.0955 -0.9017
vn -0.5922 -0.0757 -0.8022
vn 0.6322 -0.1233 -0.7649
vn 0.8825 -0.0957 -0.4605
vn 0.9565 -0.0764 -0.2815
vn 0.0723 -0.1277 -0.9892
vn 0.0723 -0.1276 -0.9892
vn 0.0722 -0.1277 -0.9892
vn -0.0792 -0.1212 -0.9895
vn -0.1051 -0.1198 -0.9872
vn -0.2362 -0.1115 -0.9653
vn -0.2886 -0.1075 -0.9514
vn -0.3932 -0.0983 -0.9142
vn -0.4684 -0.0906 -0.8789
vn -0.5421 -0.0821 -0.8363
vn -0.6335 -0.0699 -0.7705
vn -0.6768 -0.0634 -0.7335
vn -0.7736 -0.0465 -0.6320
vn -0.7912 -0.0429 -0.6101
vn -0.8815 -0.0217 -0.4718
vn -0.8814 -0.0216 -0.4720
vn -0.9456 -0.0005 -0.3254
vn -0.9537 0.0031 -0.3007
vn -0.9977 0.0487 0.0473
vn -0.9960 0.0519 0.0733
vn -0.9703 0.0708 0.2313
vn -0.9557 0.0767 0.2840
vn -0.9058 0.0909 0.4139
vn -0.8665 0.0987 0.4894
vn -0.8047 0.1080 0.5838
vn -0.7325 0.1159 0.6708
vn -0.6718 0.1208 0.7308
vn -0.5625 0.1270 0.8170
vn -0.5158 0.1287 0.8470
vn -0.3717 0.1316 0.9190
vn -0.3471 0.1318 0.9285
vn -0.1760 0.1304 0.9757
vn -0.3472 0.1317 0.9285
vn -0.1761 0.1304 0.9757
vn -0.9537 0.0029 -0.3007
vn -0.9977 0.0486 0.0473
vn -0.9703 0.0707 0.2314
vn -0.7736 -0.0464 -0.6320
vn -0.6335 -0.0698 -0.7705
vn -0.2886 -0.1074 -0.9514
vn -0.1051 -0.1199 -0.9872
vn -0.9965 0.0330 -0.0771
vn -0.9965 0.0330 -0.0770
vn -0.9959 0.0519 0.0734
vn -0.9936 0.0550 0.0991
vn -0.9708 0.0705 0.2293
vn -0.9565 0.0764 0.2815
vn -0.9187 0.0878 0.3851
vn -0.8825 0.0957 0.4605
vn -0.8395 0.1031 0.5334
vn -0.7726 0.1118 0.6250
vn -0.7350 0.1156 0.6682
vn -0.6322 0.1234 0.7649
vn -0.6101 0.1247 0.7825
vn -0.4703 0.1301 0.8729
vn -0.4704 0.1301 0.8728
vn -0.3226 0.1319 0.9373
vn -0.2978 0.1320 0.9454
vn 0.0529 0.1226 0.9910
vn 0.0792 0.1212 0.9895
vn 0.2381 0.1114 0.9648
vn 0.2914 0.1073 0.9506
vn 0.4216 0.0955 0.9017
vn 0.4974 0.0874 0.8631
vn 0.5922 0.0757 0.8022
vn 0.6799 0.0629 0.7306
vn 0.7395 0.0528 0.6711
vn 0.8257 0.0356 0.5630
vn 0.8556 0.0285 0.5168
vn 0.9274 0.0074 0.3740
vn 0.9368 0.0039 0.3498
vn 0.9835 -0.0195 0.1801
vn -0.2976 0.1318 0.9455
vn 0.2381 0.1113 0.9648
vn 0.5922 0.0756 0.8022
vn 0.8556 0.0284 0.5168
vn -0.6322 0.1235 0.7649
vn -0.8825 0.0958 0.4605
vn -0.9565 0.0765 0.2815
vn -0.9936 0.0551 0.0991
vn 0.9835 -0.0195 0.1800
vn -0.0723 0.1277 0.9892
vn -0.0723 0.1276 0.9892
vn -0.0722 0.1277 0.9892
vn 0.1051 0.1199 0.9872
vn 0.2366 0.1114 0.9652
vn 0.2886 0.1074 0.9514
vn 0.3926 0.0984 0.9144
vn 0.4684 0.0906 0.8789
vn 0.5421 0.0821 0.8363
vn 0.6335 0.0699 0.7705
vn 0.6765 0.0634 0.7337
vn 0.7736 0.0464 0.6320
vn 0.7912 0.0429 0.6100
vn 0.8814 0.0216 0.4718
vn 0.8815 0.0217 0.4717
vn 0.9456 0.0005 0.3254
vn 0.8815 0.0217 0.4718
vn 0.9537 -0.0029 0.3006
vn 0.9977 -0.0486 -0.0473
vn 0.9703 -0.0707 -0.2314
vn 0.9558 -0.0767 -0.2840
vn 0.9058 -0.0909 -0.4139
vn 0.8665 -0.0987 -0.4894
vn 0.8047 -0.1080 -0.5838
vn 0.7325 -0.1159 -0.6708
vn 0.6718 -0.1208 -0.7308
vn 0.5624 -0.1270 -0.8171
vn 0.5158 -0.1287 -0.8470
vn 0.3717 -0.1316 -0.9190
vn 0.3470 -0.1316 -0.9286
vn 0.1760 -0.1304 -0.9757
vn 0.3472 -0.1319 -0.9285
vn 0.9537 -0.0030 0.3006
vn 0.9977 -0.0488 -0.0473
vn 0.9703 -0.0708 -0.2313
vn 0.7736 0.0465 0.6320
vn 0.2886 0.1075 0.9514
vt 0.000000 0.000000
vt -0.080000 0.000000
vt 0.000000 -0.053034
vt -0.040000 -0.060610
vt 0.000000 -0.106068
vt -0.040000 -0.121221
vt 0.000000 -0.159102
vt -0.040000 -0.181831
vt 0.000000 -0.212136
vt -0.040000 -0.242441
vt 0.000000 -0.265170
vt -0.040000 -0.303051
vt 0.000000 -0.318204
vt -0.040000 -0.363662
vt 0.000000 -0.371238
vt -0.040000 -0.424272
vt 0.000000 -0.424272
vt -0.000000 -0.477306
vt -0.040000 -0.484882
vt -0.000000 -0.530340
vt -0.040000 -0.530340
vt -0.040000 -0.575798
vt -0.080000 -0.530340
vt -0.080000 -0.583374
vt -0.080000 -0.053034
vt -0.080000 -0.106068
vt -0.080000 -0.159102
vt -0.080000 -0.212136
vt -0.080000 -0.265170
vt -0.080000 -0.318204
vt -0.080000 -0.371238
vt -0.080000 -0.424272
vt -0.080000 -0.477306
vt -0.040000 -0.621255
vt -0.080000 -0.636408
vt -0.040000 -0.666713
vt -0.080000 -0.689442
vt -0.040000 -0.712171
vt -0.080000 -0.742476
vt -0.040000 -0.757629
vt -0.080000 -0.795510
vt -0.040000 -0.803086
vt -0.080000 -0.848544
vt -0.000000 -0.848544
vt -0.000000 -0.795510
vt -0.000000 -0.742476
vt -0.000000 -0.689442
vt -0.000000 -0.636408
vt -0.000000 -0.583374
vt 0.000000 0.034472
vt -0.000000 0.000000
vt 0.040000 0.029548
vt 0.080000 0.000000
vt 0.080000 0.034472
vt 0.040000 0.059095
vt 0.080000 0.068944
vt 0.040000 0.088643
vt 0.080000 0.103416
vt 0.040000 0.118190
vt 0.080000 0.137888
vt 0.040000 0.147738
vt 0.080000 0.172360
vt 0.040000 0.177285
vt 0.080000 0.206833
vt 0.040000 0.206833
vt 0.040000 0.236380
vt -0.000000 0.206833
vt -0.000000 0.241305
vt 0.040000 0.275777
vt -0.000000 0.275777
vt -0.000000 0.310249
vt 0.040000 0.315174
vt -0.000000 0.344721
vt 0.040000 0.354570
vt -0.000000 0.379193
vt 0.040000 0.393967
vt -0.000000 0.413665
vt 0.040000 0.433364
vt -0.000000 0.448137
vt 0.040000 0.472760
vt -0.000000 0.482609
vt 0.040000 0.512157
vt -0.000000 0.517081
vt -0.000000 0.551554
vt 0.080000 0.517081
vt 0.080000 0.551554
vt 0.080000 0.241305
vt 0.080000 0.275777
vt 0.080000 0.310249
vt 0.080000 0.344721
vt 0.080000 0.379193
vt 0.080000 0.413665
vt 0.080000 0.448137
vt 0.080000 0.482609
vt -0.000000 0.172360
vt -0.000000 0.137888
vt 0.000000 0.103416
vt 0.000000 0.068944
vt 0.050000 0.000000
vt 0.050000 -0.017678
vt -0.015000 -0.020203
vt 0.050000 -0.035356
vt -0.015000 -0.040407
vt 0.050000 -0.053034
vt -0.015000 -0.060610
vt 0.050000 -0.070712
vt -0.015000 -0.080814
vt 0.050000 -0.088390
vt -0.015000 -0.101017
vt 0.050000 -0.106068
vt -0.015000 -0.121221
vt 0.050000 -0.123746
vt -0.015000 -0.141424
vt 0.050000 -0.141424
vt 0.050000 -0.159102
vt -0.015000 -0.161627
vt 0.050000 -0.176780
vt -0.015000 -0.176780
vt -0.015000 -0.191933
vt -0.080000 -0.176780
vt -0.080000 -0.194458
vt -0.080000 -0.017678
vt -0.080000 -0.035356
vt -0.080000 -0.070712
vt -0.080000 -0.088390
vt -0.080000 -0.123746
vt -0.080000 -0.141424
vt -0.015000 -0.207085
vt -0.015000 -0.222238
vt -0.080000 -0.229814
vt -0.015000 -0.237390
vt -0.080000 -0.247492
vt -0.015000 -0.252543
vt -0.015000 -0.267695
vt -0.080000 -0.282848
vt 0.050000 -0.282848
vt 0.050000 -0.265170
vt 0.050000 -0.247492
vt 0.050000 -0.229814
vt 0.050000 -0.212136
vt 0.050000 -0.194458
vt -1.100000 0.026517
vt -1.100000 0.000000
vt -1.052500 0.022729
vt -1.005000 0.000000
vt -1.005000 0.026517
vt -1.052500 0.045458
vt -1.005000 0.053034
vt -1.052500 0.068187
vt -1.005000 0.079551
vt -1.052500 0.090915
vt -1.005000 0.106068
vt -1.052500 0.113644
vt -1.005000 0.132585
vt -1.052500 0.136373
vt -1.005000 0.159102
vt -1.052500 0.159102
vt -1.052500 0.181831
vt -1.100000 0.159102
vt -1.100000 0.185619
vt -1.052500 0.212136
vt -1.100000 0.212136
vt -1.100000 0.238653
vt -1.052500 0.242441
vt -1.100000 0.265170
vt -1.052500 0.272746
vt -1.100000 0.291687
vt -1.052500 0.303051
vt -1.100000 0.318204
vt -1.052500 0.333357
vt -1.100000 0.344721
vt -1.052500 0.363662
vt -1.100000 0.371238
vt -1.052500 0.393967
vt -1.100000 0.397755
vt -1.100000 0.424272
vt -1.005000 0.397755
vt -1.005000 0.424272
vt -1.005000 0.185619
vt -1.005000 0.212136
vt -1.005000 0.238653
vt -1.005000 0.265170
vt -1.005000 0.291687
vt -1.005000 0.318204
vt -1.005000 0.344721
vt -1.005000 0.371238
vt -1.100000 0.132585
vt -1.100000 0.106068
vt -1.100000 0.079551
vt -1.100000 0.053034
vt -0.750000 0.026517
vt -0.750000 0.000000
vt -0.650000 0.022729
vt -0.550000 0.000000
vt -0.550000 0.026517
vt -0.650000 0.045458
vt -0.550000 0.053034
vt -0.650000 0.068187
vt -0.550000 0.079551
vt -0.650000 0.090915
vt -0.550000 0.106068
vt -0.650000 0.113644
vt -0.550000 0.132585
vt -0.650000 0.136373
vt -0.550000 0.159102
vt -0.650000 0.159102
vt -0.650000 0.181831
vt -0.750000 0.159102
vt -0.750000 0.185619
vt -0.650000 0.212136
vt -0.750000 0.212136
vt -0.750000 0.238653
vt -0.650000 0.242441
vt -0.750000 0.265170
vt -0.650000 0.272746
vt -0.750000 0.291687
vt -0.650000 0.303051
vt -0.750000 0.318204
vt -0.650000 0.333357
vt -0.750000 0.344721
vt -0.650000 0.363662
vt -0.750000 0.371238
vt -0.650000 0.393967
vt -0.750000 0.397755
vt -0.750000 0.424272
vt -0.550000 0.397755
vt -0.550000 0.424272
vt -0.550000 0.185619
vt -0.550000 0.212136
vt -0.550000 0.238653
vt -0.550000 0.265170
vt -0.550000 0.291687
vt -0.550000 0.318204
vt -0.550000 0.344721
vt -0.550000 0.371238
vt -0.750000 0.132585
vt -0.750000 0.106068
vt -0.750000 0.079551
vt -0.750000 0.053034
vt -0.150000 0.035356
vt -0.150000 0.000000
vt -0.075000 0.030305
vt 0.000000 0.000000
vt 0.000000 0.035356
vt -0.075000 0.060610
vt 0.000000 0.070712
vt -0.075000 0.090915
vt 0.000000 0.106068
vt -0.075000 0.121221
vt 0.000000 0.141424
vt -0.075000 0.151526
vt 0.000000 0.176780
vt -0.075000 0.181831
vt 0.000000 0.212136
vt -0.075000 0.212136
vt -0.075000 0.242441
vt -0.150000 0.212136
vt -0.150000 0.247492
vt -0.075000 0.282848
vt -0.150000 0.282848
vt -0.150000 0.318204
vt -0.075000 0.323255
vt -0.150000 0.353560
vt -0.075000 0.363662
vt -0.150000 0.388916
vt -0.075000 0.404069
vt -0.150000 0.424272
vt -0.075000 0.444475
vt -0.150000 0.459628
vt -0.075000 0.484882
vt -0.150000 0.494984
vt -0.075000 0.525289
vt -0.150000 0.530340
vt -0.150000 0.565696
vt 0.000000 0.530340
vt 0.000000 0.565696
vt 0.000000 0.247492
vt 0.000000 0.282848
vt 0.000000 0.318204
vt 0.000000 0.353560
vt 0.000000 0.388916
vt 0.000000 0.424272
vt 0.000000 0.459628
vt 0.000000 0.494984
vt -0.150000 0.176780
vt -0.150000 0.141424
vt -0.150000 0.106068
vt -0.150000 0.070712
vt 0.000000 -0.035356
vt -0.075000 -0.040407
vt 0.000000 -0.070712
vt -0.075000 -0.080814
vt 0.000000 -0.106068
vt -0.075000 -0.121221
vt 0.000000 -0.141424
vt -0.075000 -0.161627
vt 0.000000 -0.176780
vt -0.075000 -0.202034
vt 0.000000 -0.212136
vt -0.075000 -0.242441
vt 0.000000 -0.247492
vt -0.075000 -0.282848
vt 0.000000 -0.282848
vt 0.000000 -0.318204
vt -0.075000 -0.323255
vt 0.000000 -0.353560
vt -0.075000 -0.353560
vt -0.075000 -0.383865
vt -0.150000 -0.353560
vt -0.150000 -0.388916
vt -0.150000 -0.035356
vt -0.150000 -0.070712
vt -0.150000 -0.106068
vt -0.150000 -0.141424
vt -0.150000 -0.176780
vt -0.150000 -0.212136
vt -0.150000 -0.247492
vt -0.150000 -0.282848
vt -0.150000 -0.318204
vt -0.075000 -0.414170
vt -0.150000 -0.424272
vt -0.075000 -0.444475
vt -0.150000 -0.459628
vt -0.075000 -0.474781
vt -0.150000 -0.494984
vt -0.075000 -0.505086
vt -0.150000 -0.530340
vt -0.075000 -0.535391
vt -0.150000 -0.565696
vt 0.000000 -0.565696
vt 0.000000 -0.530340
vt 0.000000 -0.494984
vt 0.000000 -0.459628
vt 0.000000 -0.424272
vt 0.000000 -0.388916
vt 0.098331 -0.018196
vt 0.196661 -0.036393
vt 0.100000 0.000000
vt 0.200000 0.000000
vt 0.098331 0.018196
vt 0.196661 0.036393
vt 0.092979 0.036809
vt 0.185958 0.073619
vt 0.083700 0.054721
vt 0.167399 0.109442
vt 0.070711 0.070711
vt 0.141421 0.141421
vt 0.054721 0.083700
vt 0.109442 0.167399
vt 0.036809 0.092979
vt 0.073619 0.185958
vt 0.018196 0.098331
vt 0.036393 0.196661
vt 0.000000 0.100000
vt -0.000000 0.200000
vt -0.036393 0.196661
vt 0.092979 -0.036809
vt 0.185958 -0.073619
vt 0.083700 -0.054721
vt 0.167399 -0.109442
vt 0.070711 -0.070711
vt 0.141421 -0.141421
vt 0.054721 -0.083700
vt 0.109442 -0.167399
vt 0.036809 -0.092979
vt 0.073619 -0.185958
vt 0.018196 -0.098330
vt 0.036393 -0.196661
vt -0.000000 -0.100000
vt -0.000000 -0.200000
vt -0.018196 -0.098330
vt -0.036393 -0.196661
vt -0.073619 -0.185958
vt -0.036809 -0.092979
vt -0.109442 -0.167399
vt -0.054721 -0.083700
vt -0.141421 -0.141421
vt -0.070711 -0.070711
vt -0.167399 -0.109442
vt -0.083700 -0.054721
vt -0.185958 -0.073619
vt -0.092979 -0.036809
vt -0.196661 -0.036393
vt -0.098331 -0.018196
vt -0.200000 0.000000
vt -0.100000 0.000000
vt -0.098331 0.018196
vt -0.196661 0.036393
vt -0.092979 0.036809
vt -0.185958 0.073619
vt -0.083700 0.054721
vt -0.167399 0.109442
vt -0.070711 0.070711
vt -0.141421 0.141421
vt -0.054721 0.083700
vt -0.109442 0.167399
vt -0.036809 0.092979
vt -0.073619 0.185958
vt -0.018196 0.098331
vt 0.000000 0.255000
vt -0.000000 0.000000
vt 0.190349 0.127500
vt 0.380698 0.000000
vt 0.380698 0.255000
vt 0.000000 0.255000
vt 0.000000 0.000000
vt 0.169000 0.127500
vt 0.338000 0.000000
vt 0.338000 0.255000
vt -0.000000 0.255000
vt -0.000000 0.000000
vt 0.162000 0.127500
vt 0.324000 0.000000
vt 0.324000 0.255000
vt -0.000000 0.255000
vt 0.000000 0.000000
vt 0.000000 0.255000
vt 0.000000 0.000000
vt 0.000000 0.255000
vt -0.000000 0.000000
vt -0.005600 0.076098
vt -0.008104 0.103393
vt -0.146411 0.251228
vt -0.005600 0.130687
vt 0.002428 0.158607
vt 0.016346 0.185474
vt 0.035830 0.209459
vt 0.059814 0.228942
vt 0.125771 0.426991
vt 0.086682 0.242861
vt 0.114601 0.250888
vt 0.141896 0.253393
vt 0.169190 0.250888
vt 0.197110 0.242861
vt 0.414078 0.279156
vt 0.223977 0.228942
vt 0.247962 0.209459
vt 0.267445 0.185474
vt 0.281364 0.158607
vt 0.289392 0.130687
vt 0.291896 0.103393
vt 0.430203 -0.044442
vt 0.289392 0.076098
vt 0.281364 0.048178
vt 0.267445 0.021311
vt 0.247962 -0.002673
vt 0.223977 -0.022157
vt 0.158020 -0.220206
vt 0.197110 -0.036076
vt 0.169190 -0.044103
vt 0.141896 -0.046607
vt 0.114601 -0.044103
vt 0.086682 -0.036076
vt -0.000000 -0.050050
vt 0.059814 -0.022157
vt 0.035830 -0.002673
vt -0.000000 -0.002447
vt 0.016346 0.021311
vt 0.002428 0.048178
vt -0.348742 -0.058512
vt -0.245639 -0.237906
vt -0.161621 -0.426991
vt -0.430203 0.067635
vt 0.005600 0.130687
vt 0.008104 0.103393
vt 0.146411 0.251228
vt 0.005600 0.076098
vt 0.348742 -0.058512
vt 0.000000 -0.002447
vt 0.000000 -0.050050
vt -0.035830 -0.002673
vt -0.059814 -0.022157
vt -0.002428 0.048178
vt -0.016346 0.021311
vt -0.086682 -0.036076
vt -0.158020 -0.220206
vt 0.245639 -0.237906
vt 0.161621 -0.426991
vt -0.114601 -0.044103
vt -0.141896 -0.046607
vt -0.169190 -0.044103
vt -0.197110 -0.036076
vt -0.223977 -0.022157
vt -0.430203 -0.044442
vt -0.247962 -0.002673
vt -0.267445 0.021311
vt -0.281364 0.048178
vt -0.289392 0.076098
vt -0.291896 0.103393
vt -0.414078 0.279156
vt -0.289392 0.130687
vt -0.281364 0.158607
vt -0.267445 0.185474
vt -0.247962 0.209459
vt -0.223977 0.228942
vt -0.197110 0.242861
vt -0.125771 0.426991
vt -0.169190 0.250888
vt -0.141896 0.253393
vt -0.114601 0.250888
vt -0.086682 0.242861
vt -0.059814 0.228942
vt -0.035830 0.209459
vt -0.016346 0.185474
vt -0.002428 0.158607
vt 0.430203 0.067635
vt -1.095000 -0.315062
vt -0.775000 -0.262195
vt -1.095000 -0.107435
vt -0.775000 0.000000
vt -1.350000 -0.107435
vt -1.550000 0.119690
vt -1.550000 -0.201050
vt -1.095000 -0.524391
vt -0.000000 -0.524391
vt -0.000000 -0.262195
vt -0.000000 0.000000
vt -0.775000 0.262195
vt -1.000000 0.119690
vt -1.000000 0.524391
vt -0.000000 0.524391
vt -0.000000 0.262195
vt -1.350000 -0.315062
vt -1.550000 -0.524391
vt -1.350000 -0.524391
vt -0.550000 -0.026517
vt -0.650000 -0.030305
vt -0.550000 -0.053034
vt -0.650000 -0.060610
vt -0.550000 -0.079551
vt -0.650000 -0.090915
vt -0.550000 -0.106068
vt -0.650000 -0.121221
vt -0.550000 -0.132585
vt -0.650000 -0.151526
vt -0.550000 -0.159102
vt -0.650000 -0.181831
vt -0.550000 -0.185619
vt -0.650000 -0.212136
vt -0.550000 -0.212136
vt -0.550000 -0.238653
vt -0.650000 -0.242441
vt -0.550000 -0.265170
vt -0.650000 -0.265170
vt -0.650000 -0.287899
vt -0.750000 -0.265170
vt -0.750000 -0.291687
vt -0.750000 -0.026517
vt -0.750000 -0.053034
vt -0.750000 -0.079551
vt -0.750000 -0.106068
vt -0.750000 -0.132585
vt -0.750000 -0.159102
vt -0.750000 -0.185619
vt -0.750000 -0.212136
vt -0.750000 -0.238653
vt -0.650000 -0.310628
vt -0.750000 -0.318204
vt -0.650000 -0.333357
vt -0.750000 -0.344721
vt -0.650000 -0.356085
vt -0.750000 -0.371238
vt -0.650000 -0.378814
vt -0.750000 -0.397755
vt -0.650000 -0.401543
vt -0.750000 -0.424272
vt -0.550000 -0.424272
vt -0.550000 -0.397755
vt -0.550000 -0.371238
vt -0.550000 -0.344721
vt -0.550000 -0.318204
vt -0.550000 -0.291687
vt -1.005000 -0.026517
vt -1.052500 -0.030305
vt -1.005000 -0.053034
vt -1.052500 -0.060610
vt -1.005000 -0.079551
vt -1.052500 -0.090915
vt -1.005000 -0.106068
vt -1.052500 -0.121221
vt -1.005000 -0.132585
vt -1.052500 -0.151526
vt -1.005000 -0.159102
vt -1.052500 -0.181831
vt -1.005000 -0.185619
vt -1.052500 -0.212136
vt -1.005000 -0.212136
vt -1.005000 -0.238653
vt -1.052500 -0.242441
vt -1.005000 -0.265170
vt -1.052500 -0.265170
vt -1.052500 -0.287899
vt -1.100000 -0.265170
vt -1.100000 -0.291687
vt -1.100000 -0.026517
vt -1.100000 -0.053034
vt -1.100000 -0.079551
vt -1.100000 -0.106068
vt -1.100000 -0.132585
vt -1.100000 -0.159102
vt -1.100000 -0.185619
vt -1.100000 -0.212136
vt -1.100000 -0.238653
vt -1.052500 -0.310628
vt -1.100000 -0.318204
vt -1.052500 -0.333357
vt -1.100000 -0.344721
vt -1.052500 -0.356085
vt -1.100000 -0.371238
vt -1.052500 -0.378814
vt -1.100000 -0.397755
vt -1.052500 -0.401543
vt -1.100000 -0.424272
vt -1.005000 -0.424272
vt -1.005000 -0.397755
vt -1.005000 -0.371238
vt -1.005000 -0.344721
vt -1.005000 -0.318204
vt -1.005000 -0.291687
vt -0.147496 0.027294
vt 0.000000 0.000000
vt -0.147496 -0.027294
vt -0.139468 -0.055214
vt -0.125549 -0.082081
vt -0.106066 -0.106066
vt -0.082081 -0.125549
vt -0.055214 -0.139468
vt -0.027294 -0.147496
vt 0.000000 -0.150000
vt 0.027294 -0.147496
vt 0.055214 -0.139468
vt 0.082081 -0.125549
vt 0.106066 -0.106066
vt 0.125549 -0.082081
vt 0.139468 -0.055214
vt 0.147496 -0.027294
vt 0.150000 0.000000
vt 0.147496 0.027294
vt 0.139468 0.055214
vt 0.125549 0.082081
vt 0.106066 0.106066
vt 0.082081 0.125549
vt 0.055214 0.139468
vt 0.027294 0.147496
vt -0.000000 0.150000
vt -0.027294 0.147496
vt -0.055214 0.139468
vt -0.082081 0.125549
vt -0.106066 0.106066
vt -0.125549 0.082081
vt -0.139468 0.055214
vt -0.000000 0.000000
vt -0.275000 0.265764
vt -0.000000 0.265764
vt -0.000000 0.531528
vt -0.550000 0.531528
vt -0.550000 0.265764
vt -1.068580 0.550000
vt -1.068580 0.000000
vt -0.534290 0.275000
vt -0.000000 0.000000
vt -0.000000 0.550000
vt 0.201460 -0.059455
vt 0.203964 -0.086750
vt 0.548118 0.069711
vt 0.201460 -0.114044
vt 0.717276 -0.253601
vt 0.193432 -0.141964
vt 0.179514 -0.168831
vt 0.160030 -0.192816
vt 0.136046 -0.212299
vt -0.180405 -0.833285
vt 0.109178 -0.226218
vt 0.081259 -0.234246
vt 0.053964 -0.236750
vt -0.012191 -0.238355
vt -0.285065 -0.530680
vt -0.052102 -0.192816
vt -0.071585 -0.168831
vt 0.026670 -0.234246
vt -0.001250 -0.226218
vt -0.028117 -0.212299
vt -0.436674 -0.248655
vt -0.085504 -0.141964
vt -0.093532 -0.114044
vt -0.096036 -0.086750
vt -0.093532 -0.059455
vt -0.085504 -0.031536
vt -0.637310 0.062045
vt -0.071585 -0.004668
vt -0.519069 0.595812
vt -0.052102 0.019316
vt -0.028117 0.038800
vt -0.001250 0.052719
vt -0.046448 0.803197
vt -0.127293 0.825121
vt -0.209501 0.833224
vt 0.026670 0.060746
vt 0.155959 0.665995
vt 0.097822 0.721503
vt 0.029602 0.768085
vt 0.202759 0.604525
vt 0.053964 0.063250
vt 0.081259 0.060746
vt 0.109178 0.052719
vt 0.136046 0.038800
vt 0.160030 0.019316
vt 0.179514 -0.004668
vt 0.193432 -0.031536
vt -0.289712 0.828010
vt -0.365062 0.810945
vt -0.710800 0.413496
vt -0.717166 0.322812
vt -0.706690 0.230946
vt -0.679479 0.142580
vt -2.405000 3.406101
vt -2.405000 3.671866
vt -2.615000 3.406101
vt -2.825000 3.671866
vt -2.825000 3.406101
vt -2.825000 3.140337
vt -2.405000 3.140337
vt 0.580000 0.045435
vt 0.580000 -0.047424
vt 1.000000 0.045435
vt 1.065000 -0.047424
vt 1.550000 0.045435
vt 1.550000 -0.047424
vt 1.065000 -0.140283
vt 1.550000 -0.140283
vt 1.065000 -0.233142
vt 1.550000 -0.233142
vt 1.550000 -0.326001
vt 0.580000 -0.326001
vt 0.580000 -0.233142
vt 0.580000 -0.140283
vt 0.000000 -0.235242
vt 1.000000 -0.235242
vt 0.000000 -0.205837
vt 1.000000 -0.205837
vt 0.500000 -0.184833
vt 1.000000 -0.176431
vt 0.500000 -0.159628
vt 1.000000 -0.147026
vt 0.500000 -0.134424
vt 1.000000 -0.117621
vt 0.500000 -0.109219
vt 1.000000 -0.088216
vt 0.500000 -0.084015
vt 1.000000 -0.058810
vt 0.500000 -0.058810
vt 0.500000 -0.033606
vt 0.000000 -0.058810
vt 0.000000 -0.029405
vt 0.500000 0.000000
vt 0.000000 0.000000
vt 0.000000 0.029405
vt 0.500000 0.033606
vt 0.000000 0.058810
vt 0.500000 0.067212
vt 0.000000 0.088216
vt 0.500000 0.100818
vt 0.000000 0.117621
vt 0.500000 0.134424
vt 0.000000 0.147026
vt 0.500000 0.168030
vt 0.000000 0.176431
vt 0.500000 0.201636
vt 0.000000 0.205836
vt 0.000000 0.235242
vt 1.000000 0.205836
vt 1.000000 0.235242
vt 1.000000 -0.029405
vt 1.000000 0.000000
vt 1.000000 0.029405
vt 1.000000 0.058810
vt 1.000000 0.088216
vt 1.000000 0.117621
vt 1.000000 0.147026
vt 1.000000 0.176431
vt 0.000000 -0.088216
vt 0.000000 -0.117621
vt 0.000000 -0.147026
vt 0.000000 -0.176431
vt -0.000000 1.000000
vt -0.082052 1.000000
vt -0.041026 0.500000
vt -0.082052 0.000000
vt 0.000000 0.000000
vt 0.411750 1.844517
vt 0.472644 1.448079
vt 1.309431 2.424200
vt 1.411349 2.101604
vt 1.457436 1.766445
vt 0.536319 0.223932
vt 1.561997 -0.243738
vt 0.534803 -0.009754
vt 1.560481 -0.477425
vt 0.505107 -0.246702
vt 1.530785 -0.714372
vt 1.471997 -0.949467
vt 1.384458 -1.177372
vt 1.269803 -1.392913
vt 0.446319 -0.481796
vt 1.130865 -1.591462
vt 0.971452 -1.769264
vt 0.358780 -0.709701
vt 0.796021 -1.923651
vt 0.244124 -0.925242
vt 0.105187 -1.123792
vt -0.054227 -1.301593
vt -0.229658 -1.455981
vt -1.157995 -3.450295
vt -1.616054 -2.539153
vt -1.570194 -3.420815
vt -1.566385 -3.450612
vt -1.557758 -3.480573
vt -1.544180 -3.509534
vt -1.525894 -3.536288
vt -1.503527 -3.559738
vt -1.478022 -3.579041
vt -1.450509 -3.593709
vt -1.422155 -3.603630
vt -1.392635 -3.609193
vt -1.361473 -3.610223
vt -1.329737 -3.606235
vt -1.298648 -3.597087
vt -1.202605 -3.519161
vt -1.269445 -3.583038
vt -1.243219 -3.564727
vt -1.220784 -3.543076
vt -1.000000 -0.978380
vt -0.000000 -0.978380
vt -0.500000 -0.733785
vt -0.000000 -0.733785
vt -0.500000 -0.489190
vt -0.000000 -0.489190
vt -0.500000 -0.244595
vt -0.000000 -0.244595
vt -0.500000 0.000000
vt -0.000000 0.000000
vt -0.500000 0.244595
vt -0.000000 0.244595
vt -0.500000 0.489190
vt -0.000000 0.489190
vt -0.500000 0.733785
vt -0.000000 0.733785
vt -0.000000 0.978380
vt -1.000000 0.978380
vt -1.000000 0.733785
vt -1.000000 0.489190
vt -1.000000 0.244595
vt -1.000000 0.000000
vt -1.000000 -0.244595
vt -1.000000 -0.489190
vt -1.000000 -0.733785
vt -2.266439 0.000000
vt -1.040638 0.000000
vt -1.653538 0.500000
vt -1.040638 1.000000
vt -2.266439 1.000000
vt -0.533561 1.095000
vt -0.683723 1.095000
vt -0.533561 0.000000
vt -0.903411 0.580000
vt -1.332572 0.000000
vt -1.332572 0.580000
vt -0.903411 1.550000
vt -0.683723 1.350000
vt -0.533561 1.550000
vt -0.533561 1.350000
vt 1.000000 0.182827
vt 0.775000 0.000000
vt 1.000000 -0.156097
vt 0.775000 -0.262195
vt 1.550000 -0.156097
vt 1.550000 -0.524391
vt -0.000000 -0.524391
vt 0.000000 -0.262195
vt 0.000000 0.000000
vt 0.000000 0.262195
vt 0.775000 0.262195
vt 0.000000 0.524391
vt 1.000000 0.524391
vt -2.546462 0.000000
vt -1.540011 0.500000
vt -0.533561 1.000000
vt -2.546462 1.000000
vt -0.000000 -0.978380
vt 1.000000 -0.978380
vt 0.500000 -0.733785
vt 1.000000 -0.733785
vt 0.500000 -0.489190
vt 1.000000 -0.489190
vt 0.500000 -0.244595
vt 1.000000 -0.244595
vt 0.500000 0.244595
vt 1.000000 0.244595
vt 0.500000 0.489190
vt 1.000000 0.489190
vt 0.500000 0.733785
vt 1.000000 0.733785
vt 1.000000 0.978380
vt 0.000000 0.978380
vt 0.000000 0.733785
vt 0.000000 0.489190
vt 0.000000 0.244595
vt 0.000000 0.000000
vt 0.000000 -0.244595
vt 0.000000 -0.489190
vt 0.000000 -0.733785
vt -0.898499 1.550000
vt -1.535130 1.550000
vt -0.898499 0.580000
vt -1.535130 0.000000
vt -0.000000 0.000000
vt -0.000000 0.580000
vt 0.580000 0.621693
vt 1.000000 0.621693
vt 0.580000 0.705753
vt 1.065000 0.705753
vt 0.580000 0.789814
vt 1.065000 0.789814
vt 0.580000 0.873874
vt 1.065000 0.873874
vt 0.580000 0.957935
vt 1.065000 0.957935
vt 0.580000 1.041995
vt 1.065000 1.041995
vt 0.580000 1.126056
vt 1.065000 1.126056
vt 0.580000 1.210117
vt 1.065000 1.210117
vt 0.580000 1.294177
vt 1.550000 1.294177
vt 1.550000 1.210117
vt 1.550000 1.126056
vt 1.550000 1.041995
vt 1.550000 0.957935
vt 1.550000 0.873874
vt 1.550000 0.789814
vt 1.550000 0.705753
vt 1.550000 0.621693
vt -1.500000 0.000000
vt -0.617146 0.000000
vt -1.058573 0.500000
vt -0.617146 1.000000
vt -1.500000 1.000000
vt -3.520319 0.000000
vt -2.280478 0.500000
vt -3.520319 1.000000
vt 0.000000 1.000000
vt -1.759362 1.000000
vt -0.879681 0.500000
vt -1.759362 0.000000
vt 0.000000 0.000000
vt -0.280000 -3.252334
vt 0.300000 -3.252334
vt -0.280000 -3.049063
vt 0.010000 -2.947428
vt -0.280000 -2.845792
vt 0.010000 -2.794975
vt -0.280000 -2.642521
vt 0.010000 -2.642521
vt 0.010000 -2.490068
vt 0.300000 -2.642521
vt 0.300000 -2.439250
vt 0.300000 -3.049063
vt 0.300000 -2.845792
vt 0.010000 -2.337615
vt 0.300000 -2.235980
vt 0.010000 -2.185162
vt 0.300000 -2.032709
vt 0.010000 -2.032709
vt 0.300000 -1.829438
vt 0.010000 -1.727802
vt 0.300000 -1.626167
vt 0.010000 -1.422896
vt 0.300000 -1.422896
vt 0.010000 -1.270443
vt 0.300000 -1.219625
vt 0.010000 -1.117990
vt 0.300000 -1.016354
vt 0.010000 -0.965537
vt 0.300000 -0.813083
vt 0.010000 -0.813083
vt 0.300000 -0.609813
vt 0.010000 -0.558995
vt 0.300000 -0.406542
vt 0.010000 -0.304906
vt 0.300000 -0.203271
vt 0.010000 -0.050818
vt 0.300000 0.000000
vt 0.010000 0.203271
vt 0.300000 0.203271
vt 0.300000 0.406542
vt 0.010000 0.457359
vt 0.300000 0.609813
vt 0.010000 0.711448
vt 0.300000 0.813083
vt 0.010000 0.965537
vt 0.300000 1.016354
vt 0.010000 1.219625
vt 0.300000 1.219625
vt 0.300000 1.422896
vt 0.010000 1.473714
vt 0.300000 1.626167
vt 0.010000 1.727802
vt 0.300000 1.829438
vt 0.010000 1.981891
vt 0.300000 2.032709
vt 0.010000 2.235980
vt 0.300000 2.235980
vt 0.300000 2.439250
vt 0.010000 2.490068
vt 0.300000 2.642521
vt 0.010000 2.744157
vt 0.300000 2.845792
vt 0.010000 2.998245
vt 0.300000 3.049063
vt -0.280000 3.252334
vt 0.300000 3.252334
vt -0.280000 3.049063
vt -0.280000 2.845792
vt -0.280000 2.642521
vt -0.280000 2.439250
vt -0.280000 2.235980
vt -0.280000 2.032709
vt -0.280000 1.829438
vt -0.280000 1.626167
vt -0.280000 1.422896
vt -0.280000 1.219625
vt -0.280000 1.016354
vt -0.280000 0.813083
vt -0.280000 0.609813
vt -0.280000 0.406542
vt -0.280000 0.203271
vt -0.280000 0.000000
vt -0.280000 -0.203271
vt -0.280000 -0.406542
vt -0.280000 -0.609813
vt -0.280000 -0.813083
vt -0.280000 -1.016354
vt -0.280000 -1.219625
vt -0.280000 -1.422896
vt -0.280000 -1.626167
vt -0.280000 -1.829438
vt -0.280000 -2.032709
vt -0.280000 -2.235980
vt -0.280000 -2.439250
vt -0.090132 0.286140
vt -0.035483 0.191745
vt -0.036561 0.297764
vt 0.000000 0.195000
vt 0.018232 0.299446
vt 0.035483 0.191745
vt 0.075611 0.290315
vt 0.071778 0.181309
vt 0.132338 0.269233
vt 0.106706 0.163214
vt 0.184698 0.236403
vt 0.137886 0.137886
vt 0.229221 0.193541
vt 0.163214 0.106706
vt 0.263400 0.143599
vt 0.181309 0.071778
vt 0.286140 0.090132
vt 0.191745 0.035483
vt 0.297764 0.036561
vt 0.195000 0.000000
vt 0.299446 -0.018232
vt 0.191745 -0.035483
vt 0.290315 -0.075611
vt 0.181309 -0.071778
vt 0.269233 -0.132338
vt 0.163214 -0.106706
vt 0.236403 -0.184698
vt 0.137886 -0.137886
vt 0.193541 -0.229221
vt 0.106706 -0.163214
vt 0.143599 -0.263399
vt 0.071778 -0.181309
vt 0.090132 -0.286140
vt 0.035483 -0.191745
vt 0.036561 -0.297764
vt 0.000000 -0.195000
vt -0.018232 -0.299446
vt -0.035483 -0.191745
vt -0.075611 -0.290315
vt -0.071778 -0.181309
vt -0.132338 -0.269233
vt -0.106706 -0.163214
vt -0.184698 -0.236403
vt -0.137886 -0.137886
vt -0.229221 -0.193541
vt -0.163214 -0.106706
vt -0.263400 -0.143599
vt -0.181309 -0.071778
vt -0.286140 -0.090132
vt -0.191745 -0.035483
vt -0.297764 -0.036561
vt -0.195000 0.000000
vt -0.299446 0.018232
vt -0.191745 0.035483
vt -0.290315 0.075611
vt -0.181309 0.071778
vt -0.269233 0.132338
vt -0.163214 0.106706
vt -0.236403 0.184698
vt -0.137886 0.137886
vt -0.193541 0.229221
vt -0.106706 0.163214
vt -0.143599 0.263399
vt -0.071778 0.181309
vt 1.244855 -0.374615
vt 0.978185 0.856244
vt 0.821749 1.007337
vt 0.000000 -0.200000
vt 1.162044 -0.582799
vt 1.048622 -0.768370
vt 0.912414 -0.926013
vt 0.752773 -1.059874
vt 0.565543 -1.170538
vt 0.356157 -1.250261
vt 0.132768 -1.293202
vt -0.094688 -1.296547
vt -0.315904 -1.261033
vt -0.521714 -1.190720
vt -0.705224 -1.092089
vt -0.804332 1.021299
vt -0.622812 1.141098
vt -0.432531 1.225935
vt -0.231142 1.279286
vt -0.014634 1.299918
vt 0.000000 0.200000
vt 0.208785 1.283125
vt 0.429254 1.227086
vt 0.636580 1.133475
vt 0.237594 -7.735537
vt 0.260029 -7.757188
vt 0.219415 -7.711622
vt 0.286255 -7.775499
vt 0.632864 -6.731614
vt 0.315458 -7.789548
vt 0.346547 -7.798697
vt 0.378283 -7.802685
vt 0.587004 -7.613276
vt 0.409445 -7.801654
vt 0.438965 -7.796091
vt 0.467319 -7.786169
vt 0.494831 -7.771502
vt 0.520337 -7.752199
vt 0.542704 -7.728749
vt 0.560990 -7.701996
vt 0.574568 -7.673035
vt 0.583195 -7.643073
vt 0.174805 -7.642756
vt -0.753532 -5.648442
vt -1.779211 -6.116112
vt -0.928964 -5.494054
vt -1.088377 -5.316253
vt -1.227314 -5.117703
vt -1.341970 -4.902163
vt -1.429509 -4.674257
vt -1.954642 -5.961725
vt -1.488297 -4.439163
vt -2.114055 -5.783923
vt -2.252993 -5.585374
vt -1.517993 -4.202215
vt -2.367648 -5.369833
vt -2.455187 -5.141928
vt -2.513975 -4.906833
vt -2.543672 -4.669886
vt -2.545187 -4.436199
vt -1.519509 -3.968529
vt -2.440626 -2.426016
vt -1.455834 -2.744382
vt -2.410377 -2.168371
vt -2.346352 -1.914692
vt -2.249761 -1.671541
vt -2.123463 -1.444948
vt -1.425586 -2.486737
vt -1.361561 -2.233058
vt -1.264969 -1.989908
vt -1.290686 -0.155334
vt -1.138672 -1.763314
vt 1.291097 -0.151885
vt 1.265568 0.297214
vt 1.102403 0.688990
vt 1.297806 0.075496
vt 1.198308 0.504041
vt -0.967748 0.868023
vt -1.104240 0.686043
vt -1.206921 0.483056
vt -1.271939 0.268648
vt -1.298926 0.052840
vt -0.080000 0.017678
vt -0.015000 0.015153
vt 0.050000 0.017678
vt -0.015000 0.030305
vt 0.050000 0.035356
vt -0.015000 0.045458
vt 0.050000 0.053034
vt -0.015000 0.060610
vt 0.050000 0.070712
vt -0.015000 0.075763
vt 0.050000 0.088390
vt -0.015000 0.090915
vt 0.050000 0.106068
vt -0.015000 0.106068
vt -0.015000 0.121221
vt -0.080000 0.106068
vt -0.080000 0.123746
vt -0.015000 0.141424
vt -0.080000 0.141424
vt -0.080000 0.159102
vt -0.015000 0.161627
vt -0.080000 0.176780
vt -0.015000 0.181831
vt -0.080000 0.194458
vt -0.015000 0.202034
vt -0.080000 0.212136
vt -0.015000 0.222238
vt -0.080000 0.229814
vt -0.015000 0.242441
vt -0.080000 0.247492
vt -0.015000 0.262645
vt -0.080000 0.265170
vt -0.080000 0.282848
vt 0.050000 0.265170
vt 0.050000 0.282848
vt 0.050000 0.123746
vt 0.050000 0.141424
vt 0.050000 0.159102
vt 0.050000 0.176780
vt 0.050000 0.194458
vt 0.050000 0.212136
vt 0.050000 0.229814
vt 0.050000 0.247492
vt -0.080000 0.088390
vt -0.080000 0.070712
vt -0.080000 0.053034
vt -0.080000 0.035356
vt -0.000000 0.000000
vt 0.080000 -0.034472
vt 0.040000 -0.039397
vt 0.080000 -0.068944
vt 0.040000 -0.078793
vt 0.080000 -0.103416
vt 0.040000 -0.118190
vt 0.080000 -0.137888
vt 0.040000 -0.157587
vt 0.080000 -0.172361
vt 0.040000 -0.196983
vt 0.080000 -0.206833
vt 0.040000 -0.236380
vt 0.080000 -0.241305
vt 0.040000 -0.275777
vt 0.080000 -0.275777
vt 0.080000 -0.310249
vt 0.040000 -0.315174
vt 0.080000 -0.344721
vt 0.040000 -0.344721
vt 0.040000 -0.374269
vt -0.000000 -0.344721
vt -0.000000 -0.379193
vt -0.000000 -0.034472
vt -0.000000 -0.068944
vt -0.000000 -0.103416
vt -0.000000 -0.137888
vt -0.000000 -0.172361
vt -0.000000 -0.206833
vt -0.000000 -0.241305
vt -0.000000 -0.275777
vt -0.000000 -0.310249
vt 0.040000 -0.403816
vt -0.000000 -0.413665
vt 0.040000 -0.433364
vt -0.000000 -0.448137
vt 0.040000 -0.462911
vt -0.000000 -0.482609
vt 0.040000 -0.492459
vt -0.000000 -0.517081
vt 0.040000 -0.522006
vt -0.000000 -0.551553
vt 0.080000 -0.551553
vt 0.080000 -0.517081
vt 0.080000 -0.482609
vt 0.080000 -0.448137
vt 0.080000 -0.413665
vt 0.080000 -0.379193
vt -0.000000 0.100000
vt -0.000000 0.195000
vt 0.000000 -0.100000
vt 0.000000 -0.195000
vt -0.294992 0.054589
vt -0.977897 0.331358
vt -0.300000 0.000000
vt -1.161356 -0.003043
vt -1.029012 -0.084940
vt -1.065002 -0.075235
vt -1.100508 -0.058254
vt -1.133358 -0.033925
vt -0.278936 0.110428
vt -0.251099 0.164163
vt -0.217333 0.278174
vt -0.212132 0.212132
vt -0.164163 0.251099
vt -0.110428 0.278937
vt -0.054589 0.294992
vt -0.084940 1.029012
vt -0.000000 0.300000
vt -0.003043 1.161356
vt 0.331358 0.977897
vt 0.330648 1.015166
vt 0.054589 0.294992
vt 0.110428 0.278937
vt 0.164163 0.251099
vt 0.278174 0.217333
vt 0.212132 0.212132
vt 0.251099 0.164163
vt 0.278936 0.110428
vt 0.294992 0.054589
vt 1.029012 0.084940
vt 1.161356 0.003043
vt 0.977897 -0.331358
vt 1.015166 -0.330647
vt 0.294992 -0.054589
vt 0.278936 -0.110428
vt 0.251099 -0.164163
vt 0.217333 -0.278174
vt 0.212132 -0.212132
vt 0.164163 -0.251099
vt 0.110428 -0.278937
vt 0.054589 -0.294992
vt 0.084940 -1.029012
vt -0.000000 -0.300000
vt 0.003043 -1.161356
vt -0.331358 -0.977897
vt -0.330648 -1.015166
vt -0.054589 -0.294992
vt -0.110428 -0.278937
vt -0.164163 -0.251099
vt -0.278174 -0.217333
vt -0.212132 -0.212132
vt -0.251099 -0.164163
vt -0.278936 -0.110428
vt -0.294992 -0.054589
vt 0.322760 1.053725
vt 0.307102 1.091486
vt 0.283911 1.126123
vt 0.254335 1.155497
vt 0.220256 1.178073
vt 0.183910 1.193172
vt 0.147462 1.200981
vt 0.110207 1.202222
vt 0.071288 1.196364
vt 0.032760 1.182703
vt -0.033925 1.133358
vt -0.058254 1.100508
vt -0.075235 1.065002
vt -1.015166 0.330648
vt -1.053725 0.322760
vt -1.091486 0.307102
vt -1.126123 0.283911
vt -1.155497 0.254335
vt -1.182703 0.032760
vt -1.196364 0.071288
vt -1.202222 0.110207
vt -1.200981 0.147462
vt -1.193172 0.183910
vt -1.178073 0.220256
vt -0.322760 -1.053725
vt -0.307102 -1.091486
vt -0.283911 -1.126122
vt -0.254335 -1.155497
vt -0.220256 -1.178073
vt -0.183910 -1.193172
vt -0.147462 -1.200981
vt -0.110207 -1.202222
vt -0.071288 -1.196363
vt -0.032760 -1.182703
vt 0.033925 -1.133358
vt 0.058254 -1.100508
vt 0.075235 -1.065002
vt 1.053725 -0.322760
vt 1.091486 -0.307102
vt 1.126123 -0.283911
vt 1.155497 -0.254335
vt 1.178073 -0.220256
vt 1.193172 -0.183910
vt 1.200981 -0.147462
vt 1.202222 -0.110207
vt 1.196364 -0.071288
vt 1.182703 -0.032760
vt 1.133358 0.033925
vt 1.100508 0.058254
vt 1.065002 0.075235
vt -0.040000 0.045458
vt 0.000000 0.000000
vt 0.000000 0.053034
vt -0.040000 0.090915
vt 0.000000 0.106068
vt -0.040000 0.136373
vt 0.000000 0.159102
vt -0.040000 0.181831
vt 0.000000 0.212136
vt -0.040000 0.227289
vt 0.000000 0.265170
vt -0.040000 0.272746
vt 0.000000 0.318204
vt -0.040000 0.318204
vt -0.040000 0.363662
vt -0.080000 0.318204
vt -0.080000 0.371238
vt -0.040000 0.424272
vt -0.080000 0.424272
vt -0.080000 0.477306
vt -0.040000 0.484882
vt -0.080000 0.530340
vt -0.040000 0.545493
vt -0.080000 0.583374
vt -0.040000 0.606103
vt -0.080000 0.636408
vt -0.040000 0.666713
vt -0.080000 0.689442
vt -0.040000 0.727323
vt -0.080000 0.742476
vt -0.040000 0.787934
vt -0.080000 0.795510
vt -0.080000 0.848544
vt -0.000000 0.795510
vt -0.000000 0.848544
vt 0.000000 0.371238
vt 0.000000 0.424272
vt -0.000000 0.477306
vt -0.000000 0.530340
vt -0.000000 0.583374
vt -0.000000 0.636408
vt -0.000000 0.689442
vt -0.000000 0.742476
vt -0.762421 0.300000
vt -0.762421 0.000000
vt -0.381211 0.150000
vt -0.000000 0.000000
vt -0.000000 0.300000
vt -0.300000 -0.578228
vt 0.000000 -0.578228
vt -0.150000 -0.547252
vt 0.000000 -0.542089
vt -0.150000 -0.516275
vt 0.000000 -0.505950
vt -0.150000 -0.485299
vt 0.000000 -0.469810
vt -0.150000 -0.454322
vt 0.000000 -0.433671
vt -0.150000 -0.423346
vt 0.000000 -0.397532
vt -0.150000 -0.392369
vt 0.000000 -0.361393
vt -0.150000 -0.361393
vt -0.150000 -0.330416
vt -0.300000 -0.361393
vt -0.300000 -0.325253
vt -0.150000 -0.289114
vt -0.300000 -0.289114
vt -0.300000 -0.252975
vt -0.150000 -0.247812
vt -0.300000 -0.216836
vt -0.150000 -0.206510
vt -0.300000 -0.180696
vt -0.150000 -0.165208
vt -0.300000 -0.144557
vt -0.150000 -0.123906
vt -0.300000 -0.108418
vt -0.150000 -0.082604
vt -0.300000 -0.072278
vt -0.150000 -0.041302
vt -0.300000 -0.036139
vt -0.000000 -0.036139
vt 0.000000 0.000000
vt -0.000000 -0.325253
vt -0.000000 -0.289114
vt -0.000000 -0.252975
vt -0.000000 -0.216836
vt -0.000000 -0.180696
vt -0.000000 -0.144557
vt -0.000000 -0.108418
vt -0.000000 -0.072278
vt -0.300000 -0.397532
vt -0.300000 -0.433671
vt -0.300000 -0.469810
vt -0.300000 -0.505950
vt -0.300000 -0.542089
vt 0.000000 0.000000
vt 0.000000 0.300000
vt -0.000000 0.000000
vt 0.000000 0.300000
vt -0.000000 -0.578228
vt -0.000000 -0.542089
vt -0.000000 -0.505950
vt -0.000000 -0.469810
vt -0.000000 -0.433671
vt -0.000000 -0.397532
vt -0.000000 -0.361393
vt 0.000000 -0.036139
vt 0.000000 0.000000
vt -0.000000 -0.325253
vt -0.000000 -0.289114
vt 0.000000 -0.252975
vt 0.000000 -0.216836
vt 0.000000 -0.180696
vt 0.000000 -0.144557
vt 0.000000 -0.108418
vt 0.000000 -0.072278
vt -0.000000 0.000000
vt -0.000000 0.300000
vt -0.000000 0.000000
vt 0.000000 0.300000
vt 0.000000 -0.578228
vt 0.000000 -0.542089
vt 0.000000 -0.505950
vt 0.000000 -0.469810
vt 0.000000 -0.433671
vt 0.000000 -0.397532
vt 0.000000 -0.361393
vt 0.000000 -0.036139
vt 0.000000 0.000000
vt 0.000000 -0.325253
vt 0.000000 -0.289114
vt 0.000000 -0.252975
vt 0.000000 -0.216836
vt 0.000000 -0.180696
vt 0.000000 -0.144557
vt 0.000000 -0.108418
vt 0.000000 -0.072278
vt -0.000000 0.000000
vt -0.000000 0.300000
vt -0.000000 0.000000
vt -0.000000 0.300000
vt 0.000000 -0.578228
vt 0.000000 -0.542089
vt 0.000000 -0.505950
vt 0.000000 -0.469810
vt 0.000000 -0.433671
vt 0.000000 -0.397532
vt 0.000000 -0.361393
vt -0.000000 -0.036139
vt -0.000000 0.000000
vt 0.000000 -0.325253
vt 0.000000 -0.289114
vt -0.000000 -0.252975
vt -0.000000 -0.216836
vt -0.000000 -0.180696
vt -0.000000 -0.144557
vt -0.000000 -0.108418
vt -0.000000 -0.072278
vt -0.000000 0.000000
vt -0.000000 0.300000
vt 0.818204 1.010219
vt 0.646321 1.127949
vt 0.449233 1.219914
vt 0.233096 1.278932
vt 0.006593 1.299983
vt -0.220113 1.281230
vt -0.436837 1.224407
vt -0.634848 1.134446
vt 1.099975 0.692860
vt 0.969073 0.866544
vt 1.270253 0.276511
vt 1.202606 0.493699
vt 1.299005 0.050855
vt 1.288445 -0.172945
vt 1.241581 -0.385325
vt 1.164085 -0.578711
vt 0.915663 -0.922801
vt 1.056691 -0.757234
vt 0.546356 -1.179616
vt 0.743614 -1.066320
vt 0.332368 -1.256794
vt 0.111635 -1.295198
vt 0.001839 -1.216038
vt -0.105854 -1.295683
vt -0.311471 -1.262136
vt -0.845966 -1.115501
vt -0.838211 -1.192369
vt -0.842810 -1.272618
vt -0.860872 -1.353225
vt -1.040726 -0.936424
vt -1.169894 -0.566875
vt -1.245426 -0.372713
vt -1.290133 -0.159868
vt -1.298422 0.064027
vt -1.267383 0.289380
vt -1.197537 0.505871
vt -1.092891 0.703981
vt -0.960234 0.876328
vt -0.807916 1.018466
vt -1.120047 -1.653933
vt -1.053331 -1.614973
vt -0.991152 -1.564034
vt -0.936604 -1.502000
vt -0.892485 -1.430796
vt -1.556105 -0.754014
vt -1.471031 -0.721975
vt -1.380007 -0.705735
vt -1.287549 -0.706533
vt -1.198317 -0.723903
s 1
usemtl Plastic_-_Matte_(Black).010
f 2050/1558/638 2052/1559/639 2122/1560/640
f 2122/1560/640 2052/1559/639 2123/1561/641
f 2122/1560/640 2123/1561/641 2120/1562/642
f 2120/1562/642 2123/1561/641 2124/1563/643
f 2120/1562/642 2124/1563/643 2118/1564/644
f 2118/1564/644 2124/1563/643 2125/1565/645
f 2118/1564/644 2125/1565/645 2116/1566/646
f 2116/1566/646 2125/1565/645 2126/1567/647
f 2116/1566/646 2126/1567/647 2114/1568/648
f 2114/1568/648 2126/1567/647 2127/1569/649
f 2114/1568/648 2127/1569/649 2112/1570/650
f 2112/1570/650 2127/1569/649 2128/1571/651
f 2112/1570/650 2128/1571/651 2109/1572/652
f 2109/1572/652 2128/1571/651 2129/1573/653
f 2109/1572/652 2129/1573/653 2106/1574/653
f 2106/1574/653 2129/1573/653 2104/1575/654
f 2104/1575/654 2129/1573/653 2130/1576/655
f 2104/1575/654 2130/1576/655 2102/1577/656
f 2102/1577/656 2130/1576/655 2131/1578/656
f 2102/1577/656 2131/1578/656 2132/1579/657
f 2132/1579/657 2131/1578/656 2072/1580/656
f 2132/1579/657 2072/1580/656 2074/1581/658
f 2052/1559/639 2054/1582/659 2123/1561/641
f 2123/1561/641 2054/1582/659 2056/1583/642
f 2123/1561/641 2056/1583/642 2124/1563/643
f 2124/1563/643 2056/1583/642 2058/1584/644
f 2124/1563/643 2058/1584/644 2125/1565/645
f 2125/1565/645 2058/1584/644 2060/1585/660
f 2125/1565/645 2060/1585/660 2126/1567/647
f 2126/1567/647 2060/1585/660 2062/1586/648
f 2126/1567/647 2062/1586/648 2127/1569/649
f 2127/1569/649 2062/1586/648 2064/1587/650
f 2127/1569/649 2064/1587/650 2128/1571/651
f 2128/1571/651 2064/1587/650 2066/1588/652
f 2128/1571/651 2066/1588/652 2129/1573/653
f 2129/1573/653 2066/1588/652 2068/1589/653
f 2129/1573/653 2068/1589/653 2070/1590/654
f 2129/1573/653 2070/1590/654 2130/1576/655
f 2130/1576/655 2070/1590/654 2072/1580/656
f 2130/1576/655 2072/1580/656 2131/1578/656
f 2132/1579/657 2074/1581/658 2133/1591/661
f 2133/1591/661 2074/1581/658 2076/1592/662
f 2133/1591/661 2076/1592/662 2134/1593/663
f 2134/1593/663 2076/1592/662 2078/1594/664
f 2134/1593/663 2078/1594/664 2135/1595/665
f 2135/1595/665 2078/1594/664 2080/1596/666
f 2135/1595/665 2080/1596/666 2136/1597/667
f 2136/1597/667 2080/1596/666 2082/1598/668
f 2136/1597/667 2082/1598/668 2137/1599/669
f 2137/1599/669 2082/1598/668 2085/1600/670
f 2137/1599/669 2085/1600/670 2088/1601/671
f 2088/1601/671 2091/1602/672 2137/1599/669
f 2137/1599/669 2091/1602/672 2136/1597/667
f 2091/1602/672 2094/1603/666 2136/1597/667
f 2136/1597/667 2094/1603/666 2135/1595/665
f 2094/1603/666 2096/1604/664 2135/1595/665
f 2135/1595/665 2096/1604/664 2134/1593/663
f 2096/1604/664 2098/1605/662 2134/1593/663
f 2134/1593/663 2098/1605/662 2133/1591/661
f 2098/1605/662 2100/1606/673 2133/1591/661
f 2133/1591/661 2100/1606/673 2132/1579/657
f 2100/1606/673 2102/1577/656 2132/1579/657
f 2211/1607/674 2140/1608/675 2213/1609/676
f 2213/1609/676 2140/1608/675 2142/1610/675
f 2213/1609/676 2142/1610/675 2144/1611/674
f 2213/1609/676 2144/1611/674 2212/1612/677
f 2212/1612/677 2144/1611/674 2146/1613/678
f 2212/1612/677 2146/1613/678 2214/1614/679
f 2214/1614/679 2146/1613/678 2149/1615/680
f 2214/1614/679 2149/1615/680 2215/1616/681
f 2215/1616/681 2149/1615/680 2151/1617/682
f 2215/1616/681 2151/1617/682 2216/1618/683
f 2216/1618/683 2151/1617/682 2153/1619/684
f 2216/1618/683 2153/1619/684 2217/1620/685
f 2217/1620/685 2153/1619/684 2155/1621/686
f 2217/1620/685 2155/1621/686 2218/1622/687
f 2218/1622/687 2155/1621/686 2219/1623/688
f 2218/1622/687 2219/1623/688 2201/1624/686
f 2201/1624/686 2219/1623/688 2199/1625/689
f 2199/1625/689 2219/1623/688 2220/1626/690
f 2199/1625/689 2220/1626/690 2197/1627/691
f 2197/1627/691 2220/1626/690 2195/1628/692
f 2195/1628/692 2220/1626/690 2221/1629/693
f 2195/1628/692 2221/1629/693 2193/1630/694
f 2193/1630/694 2221/1629/693 2222/1631/695
f 2193/1630/694 2222/1631/695 2191/1632/696
f 2191/1632/696 2222/1631/695 2223/1633/697
f 2191/1632/696 2223/1633/697 2189/1634/698
f 2189/1634/698 2223/1633/697 2224/1635/699
f 2189/1634/698 2224/1635/699 2187/1636/700
f 2187/1636/700 2224/1635/699 2225/1637/701
f 2187/1636/700 2225/1637/701 2185/1638/702
f 2185/1638/702 2225/1637/701 2226/1639/703
f 2185/1638/702 2226/1639/703 2183/1640/704
f 2183/1640/704 2226/1639/703 2181/1641/705
f 2181/1641/705 2226/1639/703 2174/1642/704
f 2181/1641/705 2174/1642/704 2177/1643/705
f 2155/1621/686 2157/1644/706 2219/1623/688
f 2219/1623/688 2157/1644/706 2220/1626/690
f 2157/1644/706 2159/1645/691 2220/1626/690
f 2220/1626/690 2159/1645/691 2161/1646/707
f 2220/1626/690 2161/1646/707 2221/1629/693
f 2221/1629/693 2161/1646/707 2163/1647/694
f 2221/1629/693 2163/1647/694 2222/1631/695
f 2222/1631/695 2163/1647/694 2165/1648/696
f 2222/1631/695 2165/1648/696 2223/1633/697
f 2223/1633/697 2165/1648/696 2167/1649/708
f 2223/1633/697 2167/1649/708 2224/1635/699
f 2224/1635/699 2167/1649/708 2169/1650/700
f 2224/1635/699 2169/1650/700 2225/1637/701
f 2225/1637/701 2169/1650/700 2172/1651/702
f 2225/1637/701 2172/1651/702 2226/1639/703
f 2226/1639/703 2172/1651/702 2174/1642/704
f 2218/1622/687 2201/1624/686 2217/1620/685
f 2217/1620/685 2201/1624/686 2203/1652/684
f 2217/1620/685 2203/1652/684 2216/1618/683
f 2216/1618/683 2203/1652/684 2205/1653/682
f 2216/1618/683 2205/1653/682 2215/1616/681
f 2215/1616/681 2205/1653/682 2207/1654/680
f 2215/1616/681 2207/1654/680 2214/1614/679
f 2214/1614/679 2207/1654/680 2209/1655/709
f 2214/1614/679 2209/1655/709 2212/1612/677
f 2212/1612/677 2209/1655/709 2211/1607/674
f 2212/1612/677 2211/1607/674 2213/1609/676
f 2228/1656/705 2230/1559/705 2305/1657/710
f 2305/1657/710 2230/1559/705 2306/1658/703
f 2305/1657/710 2306/1658/703 2301/1659/711
f 2301/1659/711 2306/1658/703 2307/1660/712
f 2301/1659/711 2307/1660/712 2298/1661/700
f 2298/1661/700 2307/1660/712 2308/1662/713
f 2298/1661/700 2308/1662/713 2296/1663/698
f 2296/1663/698 2308/1662/713 2309/1664/714
f 2296/1663/698 2309/1664/714 2294/1665/696
f 2294/1665/696 2309/1664/714 2310/1666/715
f 2294/1665/696 2310/1666/715 2292/1667/694
f 2292/1667/694 2310/1666/715 2311/1668/716
f 2292/1667/694 2311/1668/716 2290/1669/717
f 2290/1669/717 2311/1668/716 2312/1670/690
f 2290/1669/717 2312/1670/690 2287/1671/690
f 2287/1671/690 2312/1670/690 2286/1672/718
f 2286/1672/718 2312/1670/690 2313/1673/719
f 2286/1672/718 2313/1673/719 2284/1674/686
f 2284/1674/686 2313/1673/719 2314/1675/720
f 2284/1674/686 2314/1675/720 2315/1676/721
f 2315/1676/721 2314/1675/720 2250/1677/686
f 2315/1676/721 2250/1677/686 2252/1678/684
f 2230/1559/705 2232/1679/722 2306/1658/703
f 2306/1658/703 2232/1679/722 2234/1680/723
f 2306/1658/703 2234/1680/723 2307/1660/712
f 2307/1660/712 2234/1680/723 2236/1582/700
f 2307/1660/712 2236/1582/700 2308/1662/713
f 2308/1662/713 2236/1582/700 2238/1681/724
f 2308/1662/713 2238/1681/724 2309/1664/714
f 2309/1664/714 2238/1681/724 2240/1682/696
f 2309/1664/714 2240/1682/696 2310/1666/715
f 2310/1666/715 2240/1682/696 2242/1583/694
f 2310/1666/715 2242/1583/694 2311/1668/716
f 2311/1668/716 2242/1583/694 2244/1683/725
f 2311/1668/716 2244/1683/725 2312/1670/690
f 2312/1670/690 2244/1683/725 2246/1684/726
f 2312/1670/690 2246/1684/726 2248/1584/727
f 2312/1670/690 2248/1584/727 2313/1673/719
f 2313/1673/719 2248/1584/727 2250/1677/686
f 2313/1673/719 2250/1677/686 2314/1675/720
f 2315/1676/721 2252/1678/684 2316/1685/728
f 2316/1685/728 2252/1678/684 2254/1585/682
f 2316/1685/728 2254/1585/682 2317/1686/729
f 2317/1686/729 2254/1585/682 2256/1687/680
f 2317/1686/729 2256/1687/680 2318/1688/730
f 2318/1688/730 2256/1687/680 2258/1689/709
f 2318/1688/730 2258/1689/709 2319/1690/731
f 2319/1690/731 2258/1689/709 2260/1586/674
f 2319/1690/731 2260/1586/674 2320/1691/732
f 2320/1691/732 2260/1586/674 2264/1692/675
f 2320/1691/732 2264/1692/675 2268/1693/675
f 2268/1693/675 2271/1694/674 2320/1691/732
f 2320/1691/732 2271/1694/674 2319/1690/731
f 2271/1694/674 2274/1695/733 2319/1690/731
f 2319/1690/731 2274/1695/733 2318/1688/730
f 2274/1695/733 2276/1696/680 2318/1688/730
f 2318/1688/730 2276/1696/680 2317/1686/729
f 2276/1696/680 2279/1697/734 2317/1686/729
f 2317/1686/729 2279/1697/734 2316/1685/728
f 2279/1697/734 2282/1698/684 2316/1685/728
f 2316/1685/728 2282/1698/684 2315/1676/721
f 2282/1698/684 2284/1674/686 2315/1676/721
f 2391/1699/704 2322/1700/705 2393/1701/735
f 2393/1701/735 2322/1700/705 2325/1702/736
f 2393/1701/735 2325/1702/736 2327/1703/704
f 2393/1701/735 2327/1703/704 2392/1704/737
f 2392/1704/737 2327/1703/704 2329/1705/738
f 2392/1704/737 2329/1705/738 2394/1706/739
f 2394/1706/739 2329/1705/738 2331/1707/700
f 2394/1706/739 2331/1707/700 2395/1708/740
f 2395/1708/740 2331/1707/700 2333/1709/698
f 2395/1708/740 2333/1709/698 2396/1710/741
f 2396/1710/741 2333/1709/698 2335/1711/696
f 2396/1710/741 2335/1711/696 2397/1712/742
f 2397/1712/742 2335/1711/696 2337/1713/694
f 2397/1712/742 2337/1713/694 2398/1714/694
f 2398/1714/694 2337/1713/694 2399/1715/693
f 2398/1714/694 2399/1715/693 2381/1716/694
f 2381/1716/694 2399/1715/693 2379/1717/725
f 2379/1717/725 2399/1715/693 2400/1718/690
f 2379/1717/725 2400/1718/690 2377/1719/690
f 2377/1719/690 2400/1718/690 2375/1720/743
f 2375/1720/743 2400/1718/690 2401/1721/688
f 2375/1720/743 2401/1721/688 2373/1722/686
f 2373/1722/686 2401/1721/688 2402/1723/744
f 2373/1722/686 2402/1723/744 2371/1724/684
f 2371/1724/684 2402/1723/744 2403/1725/745
f 2371/1724/684 2403/1725/745 2369/1726/682
f 2369/1726/682 2403/1725/745 2404/1727/746
f 2369/1726/682 2404/1727/746 2367/1728/680
f 2367/1728/680 2404/1727/746 2405/1729/747
f 2367/1728/680 2405/1729/747 2365/1730/678
f 2365/1730/678 2405/1729/747 2406/1731/748
f 2365/1730/678 2406/1731/748 2363/1732/749
f 2363/1732/749 2406/1731/748 2360/1733/675
f 2360/1733/675 2406/1731/748 2355/1734/749
f 2360/1733/675 2355/1734/749 2357/1735/675
f 2337/1713/694 2339/1736/725 2399/1715/693
f 2399/1715/693 2339/1736/725 2400/1718/690
f 2339/1736/725 2341/1737/690 2400/1718/690
f 2400/1718/690 2341/1737/690 2343/1738/718
f 2400/1718/690 2343/1738/718 2401/1721/688
f 2401/1721/688 2343/1738/718 2345/1739/686
f 2401/1721/688 2345/1739/686 2402/1723/744
f 2402/1723/744 2345/1739/686 2347/1740/684
f 2402/1723/744 2347/1740/684 2403/1725/745
f 2403/1725/745 2347/1740/684 2349/1741/682
f 2403/1725/745 2349/1741/682 2404/1727/746
f 2404/1727/746 2349/1741/682 2351/1742/680
f 2404/1727/746 2351/1742/680 2405/1729/747
f 2405/1729/747 2351/1742/680 2353/1743/678
f 2405/1729/747 2353/1743/678 2406/1731/748
f 2406/1731/748 2353/1743/678 2355/1734/749
f 2398/1714/694 2381/1716/694 2397/1712/742
f 2397/1712/742 2381/1716/694 2383/1744/696
f 2397/1712/742 2383/1744/696 2396/1710/741
f 2396/1710/741 2383/1744/696 2385/1745/698
f 2396/1710/741 2385/1745/698 2395/1708/740
f 2395/1708/740 2385/1745/698 2387/1746/700
f 2395/1708/740 2387/1746/700 2394/1706/739
f 2394/1706/739 2387/1746/700 2389/1747/711
f 2394/1706/739 2389/1747/711 2392/1704/737
f 2392/1704/737 2389/1747/711 2391/1699/704
f 2392/1704/737 2391/1699/704 2393/1701/735
f 2482/1748/704 2408/1749/705 2484/1750/750
f 2484/1750/750 2408/1749/705 2410/1751/705
f 2484/1750/750 2410/1751/705 2412/1752/704
f 2484/1750/750 2412/1752/704 2483/1753/751
f 2483/1753/751 2412/1752/704 2415/1754/738
f 2483/1753/751 2415/1754/738 2485/1755/752
f 2485/1755/752 2415/1754/738 2418/1756/700
f 2485/1755/752 2418/1756/700 2486/1757/753
f 2486/1757/753 2418/1756/700 2420/1758/698
f 2486/1757/753 2420/1758/698 2487/1759/754
f 2487/1759/754 2420/1758/698 2422/1760/696
f 2487/1759/754 2422/1760/696 2488/1761/755
f 2488/1761/755 2422/1760/696 2424/1762/694
f 2488/1761/755 2424/1762/694 2489/1763/756
f 2489/1763/756 2424/1762/694 2490/1764/693
f 2489/1763/756 2490/1764/693 2472/1765/694
f 2472/1765/694 2490/1764/693 2470/1766/757
f 2470/1766/757 2490/1764/693 2491/1767/690
f 2470/1766/757 2491/1767/690 2467/1768/690
f 2467/1768/690 2491/1767/690 2466/1769/718
f 2466/1769/718 2491/1767/690 2492/1770/758
f 2466/1769/718 2492/1770/758 2464/1771/686
f 2464/1771/686 2492/1770/758 2493/1772/759
f 2464/1771/686 2493/1772/759 2462/1773/684
f 2462/1773/684 2493/1772/759 2494/1774/760
f 2462/1773/684 2494/1774/760 2459/1775/734
f 2459/1775/734 2494/1774/760 2495/1776/761
f 2459/1775/734 2495/1776/761 2456/1777/680
f 2456/1777/680 2495/1776/761 2496/1778/762
f 2456/1777/680 2496/1778/762 2454/1779/733
f 2454/1779/733 2496/1778/762 2497/1780/763
f 2454/1779/733 2497/1780/763 2452/1781/764
f 2452/1781/764 2497/1780/763 2449/1782/675
f 2449/1782/675 2497/1780/763 2444/1783/749
f 2449/1782/675 2444/1783/749 2446/1784/675
f 2424/1762/694 2426/1785/725 2490/1764/693
f 2490/1764/693 2426/1785/725 2491/1767/690
f 2426/1785/725 2428/1786/690 2491/1767/690
f 2491/1767/690 2428/1786/690 2430/1787/743
f 2491/1767/690 2430/1787/743 2492/1770/758
f 2492/1770/758 2430/1787/743 2432/1788/765
f 2492/1770/758 2432/1788/765 2493/1772/759
f 2493/1772/759 2432/1788/765 2434/1789/684
f 2493/1772/759 2434/1789/684 2494/1774/760
f 2494/1774/760 2434/1789/684 2436/1790/682
f 2494/1774/760 2436/1790/682 2495/1776/761
f 2495/1776/761 2436/1790/682 2439/1791/680
f 2495/1776/761 2439/1791/680 2496/1778/762
f 2496/1778/762 2439/1791/680 2442/1792/678
f 2496/1778/762 2442/1792/678 2497/1780/763
f 2497/1780/763 2442/1792/678 2444/1783/749
f 2489/1763/756 2472/1765/694 2488/1761/755
f 2488/1761/755 2472/1765/694 2474/1793/696
f 2488/1761/755 2474/1793/696 2487/1759/754
f 2487/1759/754 2474/1793/696 2476/1794/766
f 2487/1759/754 2476/1794/766 2486/1757/753
f 2486/1757/753 2476/1794/766 2478/1795/700
f 2486/1757/753 2478/1795/700 2485/1755/752
f 2485/1755/752 2478/1795/700 2480/1796/702
f 2485/1755/752 2480/1796/702 2483/1753/751
f 2483/1753/751 2480/1796/702 2482/1748/704
f 2483/1753/751 2482/1748/704 2484/1750/750
f 2572/1797/767 2499/1798/675 2574/1799/768
f 2574/1799/768 2499/1798/675 2501/1800/675
f 2574/1799/768 2501/1800/675 2503/1801/767
f 2574/1799/768 2503/1801/767 2573/1802/769
f 2573/1802/769 2503/1801/767 2505/1803/770
f 2573/1802/769 2505/1803/770 2575/1804/771
f 2575/1804/771 2505/1803/770 2507/1805/772
f 2575/1804/771 2507/1805/772 2576/1806/773
f 2576/1806/773 2507/1805/772 2509/1807/774
f 2576/1806/773 2509/1807/774 2577/1808/775
f 2577/1808/775 2509/1807/774 2511/1809/776
f 2577/1808/775 2511/1809/776 2578/1810/777
f 2578/1810/777 2511/1809/776 2513/1811/778
f 2578/1810/777 2513/1811/778 2579/1812/779
f 2579/1812/779 2513/1811/778 2580/1813/780
f 2579/1812/779 2580/1813/780 2560/1814/778
f 2560/1814/778 2580/1813/780 2558/1815/781
f 2558/1815/781 2580/1813/780 2581/1816/782
f 2558/1815/781 2581/1816/782 2553/1817/782
f 2553/1817/782 2581/1816/782 2552/1818/783
f 2552/1818/783 2581/1816/782 2582/1819/784
f 2552/1818/783 2582/1819/784 2550/1820/785
f 2550/1820/785 2582/1819/784 2583/1821/786
f 2550/1820/785 2583/1821/786 2548/1822/787
f 2548/1822/787 2583/1821/786 2584/1823/788
f 2548/1822/787 2584/1823/788 2546/1824/789
f 2546/1824/789 2584/1823/788 2585/1825/790
f 2546/1824/789 2585/1825/790 2544/1826/791
f 2544/1826/791 2585/1825/790 2586/1827/792
f 2544/1826/791 2586/1827/792 2542/1828/793
f 2542/1828/793 2586/1827/792 2587/1829/794
f 2542/1828/793 2587/1829/794 2540/1830/795
f 2540/1830/795 2587/1829/794 2537/1831/705
f 2537/1831/705 2587/1829/794 2531/1832/796
f 2537/1831/705 2531/1832/796 2534/1833/705
f 2513/1811/778 2515/1834/797 2580/1813/780
f 2580/1813/780 2515/1834/797 2581/1816/782
f 2515/1834/797 2516/1835/782 2581/1816/782
f 2581/1816/782 2516/1835/782 2519/1836/798
f 2581/1816/782 2519/1836/798 2582/1819/784
f 2582/1819/784 2519/1836/798 2521/1837/799
f 2582/1819/784 2521/1837/799 2583/1821/786
f 2583/1821/786 2521/1837/799 2523/1838/800
f 2583/1821/786 2523/1838/800 2584/1823/788
f 2584/1823/788 2523/1838/800 2525/1839/801
f 2584/1823/788 2525/1839/801 2585/1825/790
f 2585/1825/790 2525/1839/801 2527/1840/791
f 2585/1825/790 2527/1840/791 2586/1827/792
f 2586/1827/792 2527/1840/791 2529/1841/793
f 2586/1827/792 2529/1841/793 2587/1829/794
f 2587/1829/794 2529/1841/793 2531/1832/796
f 2579/1812/779 2560/1814/778 2578/1810/777
f 2578/1810/777 2560/1814/778 2562/1842/776
f 2578/1810/777 2562/1842/776 2577/1808/775
f 2577/1808/775 2562/1842/776 2564/1843/774
f 2577/1808/775 2564/1843/774 2576/1806/773
f 2576/1806/773 2564/1843/774 2566/1844/772
f 2576/1806/773 2566/1844/772 2575/1804/771
f 2575/1804/771 2566/1844/772 2569/1845/802
f 2575/1804/771 2569/1845/802 2573/1802/769
f 2573/1802/769 2569/1845/802 2572/1797/767
f 2573/1802/769 2572/1797/767 2574/1799/768
f 2501/1800/675 2499/1798/675 2650/1846/803
f 2650/1846/803 2499/1798/675 2651/1847/763
f 2650/1846/803 2651/1847/763 2647/1848/709
f 2647/1848/709 2651/1847/763 2652/1849/804
f 2647/1848/709 2652/1849/804 2645/1850/680
f 2645/1850/680 2652/1849/804 2653/1851/805
f 2645/1850/680 2653/1851/805 2643/1852/682
f 2643/1852/682 2653/1851/805 2654/1853/806
f 2643/1852/682 2654/1853/806 2640/1854/684
f 2640/1854/684 2654/1853/806 2655/1855/807
f 2640/1854/684 2655/1855/807 2638/1856/686
f 2638/1856/686 2655/1855/807 2656/1857/688
f 2638/1856/686 2656/1857/688 2636/1858/718
f 2636/1858/718 2656/1857/688 2657/1859/690
f 2636/1858/718 2657/1859/690 2633/1860/690
f 2633/1860/690 2657/1859/690 2632/1861/808
f 2632/1861/808 2657/1859/690 2658/1862/693
f 2632/1861/808 2658/1862/693 2630/1863/694
f 2630/1863/694 2658/1862/693 2659/1864/756
f 2630/1863/694 2659/1864/756 2660/1865/809
f 2660/1865/809 2659/1864/756 2607/1866/694
f 2660/1865/809 2607/1866/694 2609/1867/696
f 2499/1798/675 2589/1868/749 2651/1847/763
f 2651/1847/763 2589/1868/749 2591/1869/678
f 2651/1847/763 2591/1869/678 2652/1849/804
f 2652/1849/804 2591/1869/678 2593/1870/680
f 2652/1849/804 2593/1870/680 2653/1851/805
f 2653/1851/805 2593/1870/680 2595/1871/682
f 2653/1851/805 2595/1871/682 2654/1853/806
f 2654/1853/806 2595/1871/682 2597/1872/810
f 2654/1853/806 2597/1872/810 2655/1855/807
f 2655/1855/807 2597/1872/810 2599/1873/686
f 2655/1855/807 2599/1873/686 2656/1857/688
f 2656/1857/688 2599/1873/686 2601/1874/743
f 2656/1857/688 2601/1874/743 2657/1859/690
f 2657/1859/690 2601/1874/743 2602/1875/690
f 2657/1859/690 2602/1875/690 2605/1876/725
f 2657/1859/690 2605/1876/725 2658/1862/693
f 2658/1862/693 2605/1876/725 2607/1866/694
f 2658/1862/693 2607/1866/694 2659/1864/756
f 2660/1865/809 2609/1867/696 2661/1877/811
f 2661/1877/811 2609/1867/696 2611/1878/698
f 2661/1877/811 2611/1878/698 2662/1879/812
f 2662/1879/812 2611/1878/698 2613/1880/700
f 2662/1879/812 2613/1880/700 2663/1881/813
f 2663/1881/813 2613/1880/700 2615/1882/711
f 2663/1881/813 2615/1882/711 2664/1883/814
f 2664/1883/814 2615/1882/711 2617/1884/815
f 2664/1883/814 2617/1884/815 2665/1885/816
f 2665/1885/816 2617/1884/815 2538/1886/705
f 2665/1885/816 2538/1886/705 2535/1887/817
f 2535/1887/817 2620/1888/704 2665/1885/816
f 2665/1885/816 2620/1888/704 2664/1883/814
f 2620/1888/704 2622/1889/738 2664/1883/814
f 2664/1883/814 2622/1889/738 2663/1881/813
f 2622/1889/738 2624/1890/700 2663/1881/813
f 2663/1881/813 2624/1890/700 2662/1879/812
f 2624/1890/700 2626/1891/698 2662/1879/812
f 2662/1879/812 2626/1891/698 2661/1877/811
f 2626/1891/698 2628/1892/696 2661/1877/811
f 2661/1877/811 2628/1892/696 2660/1865/809
f 2628/1892/696 2630/1863/694 2660/1865/809
s 0
f 2666/1893/818 2502/1894/818 2265/1895/818
f 2265/1895/818 2502/1894/818 2500/1896/818
s 1
f 2266/1895/819 2500/1896/818 2270/1897/819
f 2270/1897/819 2500/1896/818 2648/1898/818
s 0
f 2269/1897/819 2649/1898/819 2273/1899/819
f 2272/1899/818 2648/1898/818 2646/1900/818
f 2272/1899/818 2646/1900/818 2275/1901/818
f 2275/1901/818 2646/1900/818 2644/1902/818
f 2275/1901/818 2644/1902/818 2277/1903/818
f 2277/1903/818 2644/1902/818 2641/1904/818
f 2278/1903/819 2642/1904/819 2281/1905/819
f 2280/1905/818 2641/1904/818 2639/1906/818
f 2280/1905/818 2639/1906/818 2283/1907/818
f 2283/1907/820 2639/1906/820 2637/1908/820
f 2283/1907/818 2637/1908/818 2285/1909/818
f 2285/1909/818 2637/1908/818 2635/1910/818
f 2285/1909/820 2635/1910/820 2288/1911/820
f 2288/1911/818 2635/1910/818 2634/1912/818
f 2288/1911/818 2634/1912/818 2631/1913/818
f 2666/1893/818 2668/1914/818 2502/1894/818
f 2502/1894/818 2668/1914/818 2504/1915/818
f 2504/1915/818 2668/1914/818 2670/1916/818
f 2504/1915/818 2670/1916/818 2506/1917/818
f 2506/1917/818 2670/1916/818 2672/1918/818
f 2506/1917/818 2672/1918/818 2508/1919/818
f 2508/1919/818 2672/1918/818 2674/1920/818
f 2508/1919/818 2674/1920/818 2510/1921/818
f 2510/1921/818 2674/1920/818 2676/1922/818
f 2510/1921/818 2676/1922/818 2512/1923/818
f 2512/1923/818 2676/1922/818 2678/1924/818
f 2512/1923/818 2678/1924/818 2514/1925/818
f 2514/1925/818 2678/1924/818 2681/1926/818
f 2514/1925/818 2681/1926/818 2517/1927/818
f 2517/1927/818 2681/1926/818 2682/1928/818
f 2517/1927/820 2682/1928/820 2518/1929/820
f 2518/1929/818 2682/1928/818 2520/1930/818
f 2520/1930/818 2682/1928/818 2684/1931/818
f 2520/1930/818 2684/1931/818 2522/1932/818
f 2522/1932/818 2684/1931/818 2686/1933/818
f 2522/1932/818 2686/1933/818 2524/1934/818
f 2524/1934/818 2686/1933/818 2688/1935/818
f 2524/1934/818 2688/1935/818 2526/1936/818
f 2526/1936/818 2688/1935/818 2690/1937/818
f 2526/1936/818 2690/1937/818 2528/1938/818
f 2528/1938/818 2690/1937/818 2692/1939/818
f 2528/1938/818 2692/1939/818 2530/1940/818
f 2530/1940/818 2692/1939/818 2694/1941/818
f 2530/1940/818 2694/1941/818 2532/1942/818
f 2533/1942/819 2695/1941/819 2227/1943/819
f 2533/1942/818 2227/1943/818 2303/1944/818
f 2532/1942/818 2302/1944/818 2618/1945/818
f 2619/1945/819 2304/1944/819 2300/1946/819
f 2618/1945/818 2299/1946/818 2621/1947/818
f 2621/1947/818 2299/1946/818 2297/1948/818
f 2621/1947/818 2297/1948/818 2623/1949/818
f 2623/1949/818 2297/1948/818 2295/1950/818
f 2623/1949/818 2295/1950/818 2625/1951/818
f 2625/1951/818 2295/1950/818 2293/1952/818
f 2625/1951/818 2293/1952/818 2627/1953/818
f 2627/1953/818 2293/1952/818 2291/1954/818
f 2627/1953/818 2291/1954/818 2629/1955/818
f 2629/1955/818 2291/1954/818 2289/1956/818
f 2629/1955/820 2289/1956/820 2631/1913/820
f 2631/1913/818 2289/1956/818 2288/1911/818
f 2710/1957/821 2698/1958/821 2712/1959/821
f 2712/1959/821 2698/1958/821 2702/1960/821
f 2712/1959/821 2701/1960/822 2707/1961/822
f 2708/1961/821 2710/1957/821 2712/1959/821
s 1
f 2726/1962/823 2715/1963/824 2729/1964/825
s 0
f 2729/1964/826 2716/1963/826 2719/1965/826
f 2729/1964/825 2719/1965/825 2722/1966/825
f 2722/1966/825 2727/1962/827 2729/1964/825
f 2735/1967/828 2731/1968/828 2738/1969/828
f 2738/1969/828 2731/1968/828 2717/1970/828
f 2738/1969/828 2717/1970/828 2728/1971/828
f 2728/1971/828 2735/1967/828 2738/1969/828
f 2743/1972/829 2740/1973/829 2746/1969/829
f 2746/1969/829 2740/1973/829 2733/1970/829
f 2745/1969/829 2732/1970/829 2736/1971/829
f 2737/1971/829 2743/1972/829 2746/1969/829
f 2753/1974/830 2749/1975/830 2754/1969/830
f 2754/1969/830 2749/1975/830 2741/1970/830
f 2754/1969/830 2741/1970/830 2744/1971/830
f 2744/1971/830 2753/1974/830 2754/1969/830
f 2706/1976/831 2703/1977/831 2755/1969/831
f 2755/1969/831 2704/1977/832 2748/1970/831
f 2755/1969/831 2748/1970/831 2752/1971/831
f 2752/1971/831 2706/1976/831 2755/1969/831
f 2785/1978/833 2356/1979/833 2725/1980/833
f 2725/1980/833 2356/1979/833 2354/1981/833
f 2725/1980/833 2354/1981/833 2352/1982/833
f 2352/1982/833 2350/1983/833 2725/1980/833
f 2725/1980/833 2350/1983/833 2348/1984/833
f 2725/1980/833 2348/1984/833 2346/1985/833
f 2725/1980/833 2346/1985/833 2734/1986/833
f 2734/1986/834 2346/1985/834 2344/1987/834
f 2734/1986/833 2344/1987/833 2342/1988/833
f 2342/1988/833 2340/1989/833 2734/1986/833
f 2734/1986/833 2340/1989/833 2338/1990/833
f 2734/1986/833 2338/1990/833 2336/1991/833
f 2734/1986/833 2336/1991/833 2742/1992/833
f 2742/1992/833 2336/1991/833 2334/1993/833
f 2742/1992/833 2334/1993/833 2332/1994/833
f 2332/1994/833 2330/1995/833 2742/1992/833
f 2742/1992/833 2330/1995/833 2328/1996/833
f 2742/1992/833 2328/1996/833 2326/1997/833
f 2326/1997/833 2323/1998/833 2742/1992/833
f 2742/1992/833 2323/1998/833 2750/1999/833
f 2751/1999/835 2324/1998/835 2757/2000/835
f 2750/1999/833 2756/2000/833 2759/2001/833
f 2759/2001/833 2761/2002/833 2750/1999/833
f 2750/1999/833 2761/2002/833 2763/2003/833
f 2750/1999/833 2763/2003/833 2765/2004/833
f 2750/1999/833 2765/2004/833 2705/2005/833
f 2705/2005/833 2765/2004/833 2767/2006/833
f 2705/2005/834 2767/2006/834 2769/2007/834
f 2769/2007/833 2772/2008/833 2705/2005/833
f 2705/2005/833 2772/2008/833 2773/2009/833
f 2705/2005/833 2773/2009/833 2775/2010/833
f 2705/2005/833 2775/2010/833 2793/2011/833
f 2793/2011/833 2775/2010/833 2777/2012/833
f 2793/2011/833 2777/2012/833 2779/2013/833
f 2793/2011/833 2779/2013/833 2792/2014/833
f 2792/2014/833 2779/2013/833 2781/2015/833
f 2792/2014/833 2781/2015/833 2783/2016/833
f 2783/2016/833 2785/1978/833 2792/2014/833
f 2792/2014/833 2785/1978/833 2787/2017/833
f 2792/2014/833 2787/2017/833 2793/2011/833
f 2793/2011/833 2787/2017/833 2790/2018/833
f 2793/2011/833 2790/2018/833 2705/2005/833
f 2705/2005/833 2790/2018/833 2709/2019/833
f 2787/2017/833 2785/1978/833 2725/1980/833
f 2725/1980/833 2721/2020/833 2787/2017/833
f 2451/2021/818 2448/2022/818 2713/2023/818
f 2713/2023/818 2448/2022/818 2794/2024/818
f 2713/2023/818 2794/2024/818 2826/2025/818
f 2826/2025/818 2794/2024/818 2829/2026/818
f 2826/2025/818 2829/2026/818 2830/2027/818
f 2830/2027/818 2829/2026/818 2800/2028/818
f 2830/2027/818 2800/2028/818 2802/2029/818
f 2794/2024/818 2796/2030/818 2829/2026/818
f 2829/2026/818 2796/2030/818 2798/2031/818
f 2829/2026/818 2798/2031/818 2800/2028/818
f 2802/2029/818 2804/2032/818 2830/2027/818
f 2830/2027/818 2804/2032/818 2700/2033/818
f 2830/2027/818 2700/2033/818 2824/2034/818
f 2824/2034/818 2700/2033/818 2697/2035/818
f 2804/2032/818 2806/2036/818 2700/2033/818
f 2700/2033/818 2806/2036/818 2809/2037/818
f 2700/2033/818 2809/2037/818 2810/2038/818
f 2810/2038/818 2812/2039/818 2700/2033/818
f 2700/2033/818 2812/2039/818 2814/2040/818
f 2700/2033/818 2814/2040/818 2747/2041/818
f 2747/2041/818 2814/2040/818 2816/2042/818
f 2747/2041/818 2816/2042/818 2818/2043/818
f 2818/2043/818 2820/2044/818 2747/2041/818
f 2747/2041/818 2820/2044/818 2822/2045/818
f 2747/2041/818 2822/2045/818 2407/2046/818
f 2747/2041/818 2407/2046/818 2739/2047/818
f 2739/2047/818 2407/2046/818 2481/2048/818
f 2739/2047/818 2481/2048/818 2479/2049/818
f 2479/2049/818 2477/2050/818 2739/2047/818
f 2739/2047/818 2477/2050/818 2475/2051/818
f 2739/2047/818 2475/2051/818 2473/2052/818
f 2473/2052/818 2471/2053/818 2739/2047/818
f 2739/2047/818 2471/2053/818 2730/2054/818
f 2730/2054/818 2471/2053/818 2469/2055/818
f 2730/2054/818 2469/2055/818 2468/2056/818
f 2468/2056/818 2465/2057/818 2730/2054/818
f 2730/2054/818 2465/2057/818 2463/2058/818
f 2730/2054/818 2463/2058/818 2460/2059/818
f 2730/2054/818 2460/2059/818 2713/2023/818
f 2714/2023/819 2461/2059/819 2458/2060/819
f 2713/2023/818 2457/2060/818 2455/2061/818
f 2455/2061/818 2453/2062/818 2713/2023/818
f 2713/2023/818 2453/2062/818 2451/2021/818
f 2824/2034/818 2826/2025/818 2830/2027/818
f 2826/2025/818 2718/2063/818 2713/2023/818
s 1
f 2791/2064/836 2857/2065/837 2711/2066/838
f 2711/2066/838 2857/2065/837 2858/2067/839
f 2711/2066/838 2858/2067/839 2699/2068/840
f 2699/2068/840 2858/2067/839 2851/2069/841
f 2699/2068/840 2851/2069/841 2853/2070/842
f 2789/2071/843 2832/2072/844 2791/2064/836
f 2791/2064/836 2832/2072/844 2857/2065/837
f 2832/2072/844 2835/2073/845 2857/2065/837
f 2857/2065/837 2835/2073/845 2858/2067/839
f 2835/2073/845 2837/2074/839 2858/2067/839
f 2858/2067/839 2837/2074/839 2859/2075/846
f 2858/2067/839 2859/2075/846 2848/2076/841
f 2848/2076/841 2859/2075/846 2844/2077/847
f 2844/2077/847 2859/2075/846 2841/2078/847
f 2841/2078/847 2859/2075/846 2839/2079/848
f 2839/2079/848 2859/2075/846 2837/2074/839
f 2848/2076/841 2851/2069/841 2858/2067/839
f 2699/2068/840 2853/2070/842 2825/2080/836
f 2825/2080/836 2853/2070/842 2856/2081/843
f 2825/2080/836 2856/2081/843 2828/2082/843
f 2410/1751/705 2408/1749/705 2891/2083/796
f 2891/2083/796 2408/1749/705 2892/2084/794
f 2891/2083/796 2892/2084/794 2889/2085/849
f 2889/2085/849 2892/2084/794 2893/2086/792
f 2889/2085/849 2893/2086/792 2887/2087/791
f 2887/2087/791 2893/2086/792 2894/2088/850
f 2887/2087/791 2894/2088/850 2885/2089/801
f 2885/2089/801 2894/2088/850 2895/2090/851
f 2885/2089/801 2895/2090/851 2883/2091/800
f 2883/2091/800 2895/2090/851 2896/2092/786
f 2883/2091/800 2896/2092/786 2881/2093/785
f 2881/2093/785 2896/2092/786 2897/2094/852
f 2881/2093/785 2897/2094/852 2879/2095/798
f 2879/2095/798 2897/2094/852 2898/2096/782
f 2879/2095/798 2898/2096/782 2875/2097/853
f 2875/2097/853 2898/2096/782 2874/2098/781
f 2874/2098/781 2898/2096/782 2899/2099/780
f 2874/2098/781 2899/2099/780 2871/2100/778
f 2871/2100/778 2899/2099/780 2900/2101/778
f 2871/2100/778 2900/2101/778 2901/2102/854
f 2901/2102/854 2900/2101/778 2805/2103/778
f 2901/2102/854 2805/2103/778 2803/2104/776
f 2408/1749/705 2823/2105/855 2892/2084/794
f 2892/2084/794 2823/2105/855 2821/2106/856
f 2892/2084/794 2821/2106/856 2893/2086/792
f 2893/2086/792 2821/2106/856 2819/2107/791
f 2893/2086/792 2819/2107/791 2894/2088/850
f 2894/2088/850 2819/2107/791 2817/2108/789
f 2894/2088/850 2817/2108/789 2895/2090/851
f 2895/2090/851 2817/2108/789 2815/2109/787
f 2895/2090/851 2815/2109/787 2896/2092/786
f 2896/2092/786 2815/2109/787 2813/2110/785
f 2896/2092/786 2813/2110/785 2897/2094/852
f 2897/2094/852 2813/2110/785 2811/2111/857
f 2897/2094/852 2811/2111/857 2898/2096/782
f 2898/2096/782 2811/2111/857 2808/2112/782
f 2898/2096/782 2808/2112/782 2807/2113/781
f 2898/2096/782 2807/2113/781 2899/2099/780
f 2899/2099/780 2807/2113/781 2805/2103/778
f 2899/2099/780 2805/2103/778 2900/2101/778
f 2901/2102/854 2803/2104/776 2902/2114/858
f 2902/2114/858 2803/2104/776 2801/2115/859
f 2902/2114/858 2801/2115/859 2903/2116/773
f 2903/2116/773 2801/2115/859 2799/2117/772
f 2903/2116/773 2799/2117/772 2904/2118/860
f 2904/2118/860 2799/2117/772 2797/2119/861
f 2904/2118/860 2797/2119/861 2905/2120/862
f 2905/2120/862 2797/2119/861 2795/2121/767
f 2905/2120/862 2795/2121/767 2906/2122/863
f 2906/2122/863 2795/2121/767 2450/2123/675
f 2906/2122/863 2450/2123/675 2447/2124/675
f 2447/2124/675 2861/2125/767 2906/2122/863
f 2906/2122/863 2861/2125/767 2905/2120/862
f 2861/2125/767 2863/2126/770 2905/2120/862
f 2905/2120/862 2863/2126/770 2904/2118/860
f 2863/2126/770 2865/2127/772 2904/2118/860
f 2904/2118/860 2865/2127/772 2903/2116/773
f 2865/2127/772 2867/2128/774 2903/2116/773
f 2903/2116/773 2867/2128/774 2902/2114/858
f 2867/2128/774 2869/2129/776 2902/2114/858
f 2902/2114/858 2869/2129/776 2901/2102/854
f 2869/2129/776 2871/2100/778 2901/2102/854
f 2325/1702/736 2322/1700/705 2758/2130/796
f 2758/2130/796 2322/1700/705 2937/2131/794
f 2758/2130/796 2937/2131/794 2760/2132/793
f 2760/2132/793 2937/2131/794 2938/2133/864
f 2760/2132/793 2938/2133/864 2762/2134/791
f 2762/2134/791 2938/2133/864 2939/2135/865
f 2762/2134/791 2939/2135/865 2764/2136/789
f 2764/2136/789 2939/2135/865 2940/2137/788
f 2764/2136/789 2940/2137/788 2766/2138/800
f 2766/2138/800 2940/2137/788 2941/2139/786
f 2766/2138/800 2941/2139/786 2768/2140/785
f 2768/2140/785 2941/2139/786 2942/2141/852
f 2768/2140/785 2942/2141/852 2770/2142/798
f 2770/2142/798 2942/2141/852 2943/2143/782
f 2770/2142/798 2943/2143/782 2771/2144/782
f 2771/2144/782 2943/2143/782 2774/2145/866
f 2774/2145/866 2943/2143/782 2944/2146/780
f 2774/2145/866 2944/2146/780 2776/2147/778
f 2776/2147/778 2944/2146/780 2945/2148/778
f 2776/2147/778 2945/2148/778 2946/2149/854
f 2946/2149/854 2945/2148/778 2926/2150/778
f 2946/2149/854 2926/2150/778 2928/2151/776
f 2322/1700/705 2908/2152/796 2937/2131/794
f 2937/2131/794 2908/2152/796 2910/2153/793
f 2937/2131/794 2910/2153/793 2938/2133/864
f 2938/2133/864 2910/2153/793 2912/2154/867
f 2938/2133/864 2912/2154/867 2939/2135/865
f 2939/2135/865 2912/2154/867 2914/2155/789
f 2939/2135/865 2914/2155/789 2940/2137/788
f 2940/2137/788 2914/2155/789 2916/2156/787
f 2940/2137/788 2916/2156/787 2941/2139/786
f 2941/2139/786 2916/2156/787 2918/2157/785
f 2941/2139/786 2918/2157/785 2942/2141/852
f 2942/2141/852 2918/2157/785 2920/2158/798
f 2942/2141/852 2920/2158/798 2943/2143/782
f 2943/2143/782 2920/2158/798 2921/2159/782
f 2943/2143/782 2921/2159/782 2924/2160/868
f 2943/2143/782 2924/2160/868 2944/2146/780
f 2944/2146/780 2924/2160/868 2926/2150/778
f 2944/2146/780 2926/2150/778 2945/2148/778
f 2946/2149/854 2928/2151/776 2947/2161/869
f 2947/2161/869 2928/2151/776 2930/2162/774
f 2947/2161/869 2930/2162/774 2948/2163/870
f 2948/2163/870 2930/2162/774 2932/2164/772
f 2948/2163/870 2932/2164/772 2949/2165/860
f 2949/2165/860 2932/2164/772 2934/2166/861
f 2949/2165/860 2934/2166/861 2950/2167/871
f 2950/2167/871 2934/2166/861 2936/2168/767
f 2950/2167/871 2936/2168/767 2951/2169/872
f 2951/2169/872 2936/2168/767 2361/2170/675
f 2951/2169/872 2361/2170/675 2358/2171/675
f 2358/2171/675 2786/2172/767 2951/2169/872
f 2951/2169/872 2786/2172/767 2950/2167/871
f 2786/2172/767 2784/2173/861 2950/2167/871
f 2950/2167/871 2784/2173/861 2949/2165/860
f 2784/2173/861 2782/2174/772 2949/2165/860
f 2949/2165/860 2782/2174/772 2948/2163/870
f 2782/2174/772 2780/2175/774 2948/2163/870
f 2948/2163/870 2780/2175/774 2947/2161/869
f 2780/2175/774 2778/2176/776 2947/2161/869
f 2947/2161/869 2778/2176/776 2946/2149/854
f 2778/2176/776 2776/2147/778 2946/2149/854
s 0
f 2362/2177/833 2359/1798/833 2952/2178/833
f 2952/2178/833 2359/1798/833 2935/2179/833
f 2952/2178/833 2935/2179/833 2933/2180/833
f 2933/2180/833 2931/2181/833 2952/2178/833
f 2952/2178/833 2931/2181/833 2929/2182/833
f 2952/2178/833 2929/2182/833 2927/2183/833
f 2927/2183/833 2925/2184/833 2952/2178/833
f 2952/2178/833 2925/2184/833 2923/2185/833
f 2952/2178/833 2923/2185/833 2922/2186/833
f 2922/2186/833 2919/2187/833 2952/2178/833
f 2952/2178/833 2919/2187/833 2917/2188/833
f 2952/2178/833 2917/2188/833 2915/2189/833
f 2915/2189/833 2913/2190/833 2952/2178/833
f 2952/2178/833 2913/2190/833 2911/2191/833
f 2952/2178/833 2911/2191/833 2909/2192/833
f 2909/2192/833 2907/2193/833 2952/2178/833
f 2952/2178/833 2907/2193/833 2321/2194/833
f 2952/2178/833 2321/2194/833 2390/2195/833
f 2390/2195/833 2388/2196/833 2952/2178/833
f 2952/2178/833 2388/2196/833 2386/2197/833
f 2952/2178/833 2386/2197/833 2384/2198/833
f 2384/2198/833 2382/2199/833 2952/2178/833
f 2952/2178/833 2382/2199/833 2380/2200/833
f 2952/2178/834 2380/2200/834 2378/2201/834
f 2378/2201/833 2376/2202/833 2952/2178/833
f 2952/2178/833 2376/2202/833 2374/2203/833
f 2952/2178/833 2374/2203/833 2372/2204/833
f 2372/2204/873 2370/2205/873 2952/2178/873
f 2952/2178/833 2370/2205/833 2368/2206/833
f 2952/2178/833 2368/2206/833 2366/2207/833
f 2366/2207/833 2364/2208/833 2952/2178/833
f 2952/2178/833 2364/2208/833 2362/2177/833
s 1
f 2966/1751/874 2954/2209/874 2969/2210/875
f 2969/2210/875 2954/2209/874 2957/2211/875
f 2969/2210/875 2957/2211/875 2960/2212/876
f 2960/2212/876 2962/2213/876 2969/2210/875
f 2969/2210/875 2962/2213/876 2964/2214/875
f 2969/2210/875 2964/2214/875 2966/1751/874
s 0
f 2974/2215/828 2971/2216/828 2976/2217/828
f 2976/2217/828 2971/2216/828 2850/2218/828
f 2976/2217/828 2850/2218/828 2847/2219/828
f 2847/2219/828 2974/2215/828 2976/2217/828
f 2411/2220/833 2409/2221/833 2977/2222/833
f 2977/2222/833 2409/2221/833 2890/2223/833
f 2977/2222/833 2890/2223/833 2970/2224/833
f 2970/2224/833 2890/2223/833 2888/2225/833
f 2970/2224/833 2888/2225/833 2886/2226/833
f 2886/2226/833 2884/2227/833 2970/2224/833
f 2970/2224/833 2884/2227/833 2882/2228/833
f 2970/2224/833 2882/2228/833 2849/2229/833
f 2849/2229/833 2882/2228/833 2880/2230/833
f 2849/2229/833 2880/2230/833 2878/2231/833
f 2878/2231/833 2877/2232/833 2849/2229/833
f 2849/2229/833 2877/2232/833 3010/2233/833
f 2849/2229/833 3010/2233/833 2852/2234/833
f 2852/2234/833 3010/2233/833 2866/2235/833
f 2852/2234/833 2866/2235/833 2864/2236/833
s 1
f 2876/2232/877 2873/2237/878 3009/2233/877
s 0
f 3010/2233/833 2872/2237/833 2870/2238/833
f 3010/2233/833 2870/2238/833 2868/2239/833
f 2868/2239/833 2866/2235/833 3010/2233/833
f 2852/2234/833 2864/2236/833 2854/2240/833
f 2854/2240/833 2864/2236/833 2862/2241/833
f 2854/2240/833 2862/2241/833 2860/2242/833
f 2860/2242/833 2445/2243/833 2854/2240/833
f 2854/2240/833 2445/2243/833 2443/2244/833
f 2854/2240/833 2443/2244/833 2440/2245/833
f 2854/2240/833 2440/2245/833 3004/2246/833
f 3005/2246/835 2441/2245/835 2438/2247/835
f 3004/2246/833 2437/2247/833 2956/2248/833
f 2956/2248/833 2437/2247/833 2435/2249/833
f 2956/2248/833 2435/2249/833 2433/2250/833
f 2431/2251/834 2990/2252/834 2433/2250/834
f 2433/2250/833 2990/2252/833 2992/2253/833
f 2433/2250/833 2992/2253/833 2994/2254/833
f 2429/2255/833 2984/2256/833 2431/2251/833
f 2431/2251/833 2984/2256/833 2986/2257/833
f 2431/2251/833 2986/2257/833 2988/2258/833
f 2984/2256/833 2429/2255/833 2981/2259/833
f 2981/2259/833 2429/2255/833 2427/2260/833
f 2981/2259/833 2427/2260/833 2425/2261/833
f 2425/2261/833 2423/2262/833 2981/2259/833
f 2981/2259/833 2423/2262/833 2421/2263/833
f 2981/2259/833 2421/2263/833 2419/2264/833
f 2981/2259/833 2419/2264/833 2977/2222/833
f 2977/2222/833 2419/2264/833 2416/2265/833
f 2978/2222/833 2417/2265/833 2414/2266/833
f 2413/2266/833 2411/2220/833 2977/2222/833
f 2988/2258/833 2990/2252/833 2431/2251/833
f 2433/2250/833 2994/2254/833 2956/2248/833
f 2956/2248/833 2994/2254/833 2996/2267/833
f 2956/2248/833 2996/2267/833 2958/2268/833
f 2953/2269/833 2998/2270/833 2956/2248/833
f 2956/2248/833 2998/2270/833 3000/2271/833
f 2956/2248/833 3000/2271/833 3002/2272/833
f 3002/2272/833 3004/2246/833 2956/2248/833
s 1
f 2965/2273/875 2963/2274/876 3019/2275/875
f 3019/2275/875 2963/2274/876 3013/2276/879
f 3019/2275/875 3013/2276/879 3015/2277/875
f 3015/2277/875 3017/2278/874 3019/2275/875
f 3019/2275/875 3017/2278/874 2967/2279/874
f 3019/2275/875 2967/2279/874 2965/2273/875
f 3018/2280/880 3021/2281/881 2968/2282/882
f 2968/2282/882 3021/2281/881 3030/2283/883
f 2968/2282/882 3030/2283/883 2955/2284/884
f 2955/2284/884 3030/2283/883 2999/2285/881
f 2999/2285/881 3030/2283/883 3031/2286/885
f 2999/2285/881 3031/2286/885 3001/2287/885
f 3001/2287/885 3031/2286/885 3032/2288/886
f 3001/2287/885 3032/2288/886 3003/2289/887
f 3003/2289/887 3032/2288/886 3006/2290/843
f 3006/2290/843 3032/2288/886 3027/2291/843
f 3027/2291/843 3032/2288/886 3025/2292/888
f 3025/2292/888 3032/2288/886 3031/2286/885
f 3025/2292/888 3031/2286/885 3023/2293/885
f 3023/2293/885 3031/2286/885 3030/2283/883
f 3023/2293/885 3030/2283/883 3021/2281/881
f 3126/2294/889 3036/2295/890 3122/2296/891
f 3122/2296/891 3036/2295/890 3038/2297/892
f 3122/2296/891 3038/2297/892 3129/2298/893
f 3129/2298/893 3038/2297/892 3042/2299/894
f 3129/2298/893 3042/2299/894 3128/2300/895
f 3128/2300/895 3042/2299/894 3045/2301/896
f 3128/2300/895 3045/2301/896 3130/2302/897
f 3130/2302/897 3045/2301/896 3047/2303/898
f 3130/2302/897 3047/2303/898 3131/2304/899
f 3131/2304/899 3047/2303/898 3049/2305/900
f 3131/2304/899 3049/2305/900 3132/2306/901
f 3132/2306/901 3049/2305/900 3051/2307/902
f 3132/2306/901 3051/2307/902 3133/2308/903
f 3133/2308/903 3051/2307/902 3134/2309/904
f 3133/2308/903 3134/2309/904 3110/2310/905
f 3110/2310/905 3134/2309/904 3108/2311/906
f 3108/2311/906 3134/2309/904 3135/2312/907
f 3108/2311/906 3135/2312/907 3106/2313/908
f 3106/2313/908 3135/2312/907 3103/2314/909
f 3103/2314/909 3135/2312/907 3136/2315/910
f 3103/2314/909 3136/2315/910 3100/2316/911
f 3100/2316/911 3136/2315/910 3137/2317/912
f 3100/2316/911 3137/2317/912 3097/2318/913
f 3097/2318/913 3137/2317/912 3138/2319/914
f 3097/2318/913 3138/2319/914 3094/2320/915
f 3094/2320/915 3138/2319/914 3139/2321/916
f 3094/2320/915 3139/2321/916 3092/2322/917
f 3092/2322/917 3139/2321/916 3140/2323/918
f 3092/2322/917 3140/2323/918 3090/2324/919
f 3090/2324/919 3140/2323/918 3141/2325/920
f 3090/2324/919 3141/2325/920 3087/2326/921
f 3087/2326/921 3141/2325/920 3084/2327/922
f 3084/2327/922 3141/2325/920 3074/2328/923
f 3084/2327/922 3074/2328/923 3078/2329/847
f 3051/2307/902 3053/2330/906 3134/2309/904
f 3134/2309/904 3053/2330/906 3135/2312/907
f 3053/2330/906 3056/2331/908 3135/2312/907
f 3135/2312/907 3056/2331/908 3059/2332/909
f 3135/2312/907 3059/2332/909 3136/2315/910
f 3136/2315/910 3059/2332/909 3061/2333/924
f 3136/2315/910 3061/2333/924 3137/2317/912
f 3137/2317/912 3061/2333/924 3064/2334/925
f 3137/2317/912 3064/2334/925 3138/2319/914
f 3138/2319/914 3064/2334/925 3067/2335/926
f 3138/2319/914 3067/2335/926 3139/2321/916
f 3139/2321/916 3067/2335/926 3069/2336/927
f 3139/2321/916 3069/2336/927 3140/2323/918
f 3140/2323/918 3069/2336/927 3072/2337/928
f 3140/2323/918 3072/2337/928 3141/2325/920
f 3141/2325/920 3072/2337/928 3074/2328/923
f 3133/2308/903 3110/2310/905 3132/2306/901
f 3132/2306/901 3110/2310/905 3112/2338/929
f 3132/2306/901 3112/2338/929 3131/2304/899
f 3131/2304/899 3112/2338/929 3114/2339/930
f 3131/2304/899 3114/2339/930 3130/2302/897
f 3130/2302/897 3114/2339/930 3117/2340/931
f 3130/2302/897 3117/2340/931 3128/2300/895
f 3128/2300/895 3117/2340/931 3120/2341/932
f 3128/2300/895 3120/2341/932 3129/2298/893
f 3129/2298/893 3120/2341/932 3122/2296/891
s 0
f 3149/2342/933 3037/2343/933 3151/2344/933
f 3151/2344/933 3037/2343/933 3127/2345/933
f 3151/2344/890 3127/2345/890 3145/2346/890
f 3144/2346/890 3148/2342/890 3150/2344/890
f 2846/2347/833 2843/2348/833 2973/2349/833
f 2973/2349/833 2843/2348/833 3199/2350/833
f 3199/2350/833 2843/2348/833 3196/2351/833
f 3196/2351/833 2843/2348/833 3152/2352/833
f 3196/2351/833 3152/2352/833 3193/2353/833
f 3193/2353/833 3152/2352/833 3156/2354/833
f 3193/2353/833 3156/2354/833 3191/2355/833
f 3191/2355/833 3156/2354/833 3158/2356/833
f 3191/2355/833 3158/2356/833 3189/2357/833
f 3189/2357/833 3158/2356/833 3187/2358/833
f 3187/2358/833 3158/2356/833 3185/2359/833
f 3185/2359/833 3158/2356/833 3183/2360/833
f 3183/2360/833 3158/2356/833 3160/2361/833
f 3183/2360/833 3160/2361/833 3181/2362/833
f 3181/2362/833 3160/2361/833 3179/2363/833
f 3179/2363/833 3160/2361/833 3162/2364/833
f 3179/2363/833 3162/2364/833 3176/2365/833
f 3176/2365/833 3162/2364/833 3164/2366/833
f 3176/2365/833 3164/2366/833 3166/2367/833
f 3166/2367/833 3168/2368/833 3176/2365/833
f 3176/2365/833 3168/2368/833 3170/2369/833
f 3176/2365/833 3170/2369/833 3146/2370/833
f 3146/2370/833 3170/2369/833 3173/2371/833
f 3146/2370/833 3173/2371/833 3075/2372/833
s 1
f 3073/2373/934 3071/2374/935 3077/2372/935
s 0
f 3075/2372/833 3070/2374/833 3068/2375/833
f 3075/2372/834 3068/2375/834 3065/2376/834
f 3066/2376/833 3063/2377/833 3076/2372/833
f 3075/2372/833 3062/2377/833 3060/2378/833
f 3075/2372/833 3060/2378/833 3057/2379/833
f 3058/2379/835 3055/2380/835 3076/2372/835
f 3075/2372/833 3054/2380/833 3052/2381/833
f 3075/2372/834 3052/2381/834 3050/2382/834
f 3050/2382/833 3048/2383/833 3075/2372/833
f 3075/2372/833 3048/2383/833 3046/2384/833
f 3075/2372/833 3046/2384/833 3033/2385/833
f 3033/2385/834 3046/2384/834 3043/2386/834
f 3034/2385/835 3044/2386/835 3040/2387/835
f 3041/2387/934 3039/2388/934 3035/2385/934
f 3033/2385/833 3146/2370/833 3075/2372/833
s 1
f 3153/2389/847 3202/2390/847 3222/2391/936
f 3222/2391/936 3202/2390/847 3206/2392/936
f 3222/2391/936 3206/2392/936 3223/2393/937
f 3223/2393/937 3206/2392/936 3208/2394/938
f 3223/2393/937 3208/2394/938 3224/2395/939
f 3224/2395/939 3208/2394/938 3210/2396/940
f 3224/2395/939 3210/2396/940 3225/2397/941
f 3225/2397/941 3210/2396/940 3212/2398/941
f 3225/2397/941 3212/2398/941 3226/2399/942
f 3226/2399/942 3212/2398/941 3214/2400/943
f 3226/2399/942 3214/2400/943 3227/2401/944
f 3227/2401/944 3214/2400/943 3216/2402/944
f 3227/2401/944 3216/2402/944 3228/2403/945
f 3228/2403/945 3216/2402/944 3218/2404/946
f 3228/2403/945 3218/2404/946 3220/2405/947
f 3220/2405/947 3171/2406/947 3228/2403/945
f 3228/2403/945 3171/2406/947 3169/2407/946
f 3228/2403/945 3169/2407/946 3227/2401/944
f 3227/2401/944 3169/2407/946 3167/2408/944
f 3227/2401/944 3167/2408/944 3226/2399/942
f 3226/2399/942 3167/2408/944 3165/2409/943
f 3226/2399/942 3165/2409/943 3225/2397/941
f 3225/2397/941 3165/2409/943 3163/2410/941
f 3225/2397/941 3163/2410/941 3224/2395/939
f 3224/2395/939 3163/2410/941 3161/2411/939
f 3224/2395/939 3161/2411/939 3223/2393/937
f 3223/2393/937 3161/2411/939 3159/2412/937
f 3223/2393/937 3159/2412/937 3222/2391/936
f 3222/2391/936 3159/2412/937 3157/2413/948
f 3222/2391/936 3157/2413/948 3153/2389/847
s 0
f 2842/2414/922 3203/2415/922 3229/2416/922
f 3230/2416/922 3204/2415/922 3155/2417/922
f 3229/2416/922 3154/2417/922 2845/2418/922
f 2845/2418/922 2842/2414/922 3229/2416/922
f 2788/2419/949 2724/2420/949 2833/2421/949
f 2833/2421/949 2724/2420/949 3029/2422/949
f 2833/2421/843 3029/2422/843 3236/2423/843
f 3236/2423/843 3029/2422/843 3233/2424/843
f 3028/2422/949 2723/2420/949 3007/2425/949
f 3008/2425/843 2724/2420/843 2720/2426/843
f 3008/2425/843 2720/2426/843 2855/2427/843
f 2855/2427/843 2720/2426/843 2827/2428/843
s 1
f 3200/2429/950 3249/2430/951 2975/2431/952
f 2975/2431/952 3249/2430/951 3250/2432/953
f 2975/2431/952 3250/2432/953 2972/2433/954
f 2972/2433/954 3250/2432/953 2979/2434/955
f 2979/2434/955 3250/2432/953 3247/2435/956
f 3247/2435/956 3250/2432/953 3245/2436/957
f 3245/2436/957 3250/2432/953 3243/2437/958
f 3243/2437/958 3250/2432/953 3249/2430/951
f 3243/2437/958 3249/2430/951 3241/2438/959
f 3241/2438/959 3249/2430/951 3251/2439/960
f 3241/2438/959 3251/2439/960 3238/2440/961
f 3238/2440/961 3251/2439/960 3197/2441/962
f 3197/2441/962 3251/2439/960 3200/2429/950
f 3200/2429/950 3251/2439/960 3249/2430/951
s 0
f 3254/2442/963 3239/2421/963 3255/2443/963
f 3255/2443/963 3239/2421/963 3198/2444/963
f 3255/2443/963 3198/2444/963 3195/2445/963
f 3195/2445/963 3254/2442/963 3255/2443/963
s 1
f 3253/2446/962 3194/2447/962 3273/2448/964
f 3273/2448/964 3194/2447/962 3192/2449/964
f 3273/2448/964 3192/2449/964 3274/2450/965
f 3274/2450/965 3192/2449/964 3190/2451/966
f 3274/2450/965 3190/2451/966 3275/2452/967
f 3275/2452/967 3190/2451/966 3188/2453/967
f 3275/2452/967 3188/2453/967 3276/2312/968
f 3276/2312/968 3188/2453/967 3186/2331/968
f 3276/2312/968 3186/2331/968 3277/2454/969
f 3277/2454/969 3186/2331/968 3184/2455/970
f 3277/2454/969 3184/2455/970 3278/2456/971
f 3278/2456/971 3184/2455/970 3182/2457/971
f 3278/2456/971 3182/2457/971 3279/2458/972
f 3279/2458/972 3182/2457/971 3180/2459/973
f 3279/2458/972 3180/2459/973 3177/2460/974
f 3177/2460/974 3257/2461/974 3279/2458/972
f 3279/2458/972 3257/2461/974 3260/2462/973
f 3279/2458/972 3260/2462/973 3278/2456/971
f 3278/2456/971 3260/2462/973 3262/2463/971
f 3278/2456/971 3262/2463/971 3277/2454/969
f 3277/2454/969 3262/2463/971 3264/2464/970
f 3277/2454/969 3264/2464/970 3276/2312/968
f 3276/2312/968 3264/2464/970 3266/2465/968
f 3276/2312/968 3266/2465/968 3275/2452/967
f 3275/2452/967 3266/2465/968 3268/2466/975
f 3275/2452/967 3268/2466/975 3274/2450/965
f 3274/2450/965 3268/2466/975 3270/2467/965
f 3274/2450/965 3270/2467/965 3273/2448/964
f 3273/2448/964 3270/2467/965 3272/2468/976
f 3273/2448/964 3272/2468/976 3253/2446/962
s 0
f 2983/2469/955 2980/2470/955 3289/2471/955
f 3289/2471/955 2980/2470/955 3248/2472/955
f 3289/2471/955 3248/2472/955 3281/2473/955
f 3281/2473/955 3285/2474/955 3289/2471/955
s 1
f 3012/2475/977 2961/2476/978 3305/2477/979
f 3305/2477/979 2961/2476/978 3306/2478/980
f 3305/2477/979 3306/2478/980 3303/2479/981
f 3303/2479/981 3306/2478/980 3307/2480/982
f 3303/2479/981 3307/2480/982 3301/2481/983
f 3301/2481/983 3307/2480/982 3308/2482/984
f 3301/2481/983 3308/2482/984 3299/2483/985
f 3299/2483/985 3308/2482/984 3309/2484/985
f 3299/2483/985 3309/2484/985 3297/2485/986
f 3297/2485/986 3309/2484/985 3310/2486/987
f 3297/2485/986 3310/2486/987 3295/2487/988
f 3295/2487/988 3310/2486/987 3311/2488/988
f 3295/2487/988 3311/2488/988 3292/2489/989
f 3292/2489/989 3311/2488/988 3312/2490/990
f 3292/2489/989 3312/2490/990 3288/2491/955
f 3288/2491/955 3312/2490/990 2982/2492/955
f 2982/2492/955 3312/2490/990 2985/2493/991
f 2985/2493/991 3312/2490/990 2987/2494/992
f 2987/2494/992 3312/2490/990 3311/2488/988
f 2987/2494/992 3311/2488/988 2989/2495/993
f 2989/2495/993 3311/2488/988 3310/2486/987
f 2989/2495/993 3310/2486/987 2991/2496/994
f 2991/2496/994 3310/2486/987 3309/2484/985
f 2991/2496/994 3309/2484/985 2993/2497/995
f 2993/2497/995 3309/2484/985 3308/2482/984
f 2993/2497/995 3308/2482/984 2995/2498/982
f 2995/2498/982 3308/2482/984 3307/2480/982
f 2995/2498/982 3307/2480/982 2997/2499/996
f 2997/2499/996 3307/2480/982 3306/2478/980
f 2997/2499/996 3306/2478/980 2959/2500/978
f 2959/2500/978 3306/2478/980 2961/2476/978
s 0
f 3315/2501/922 3085/2502/922 3316/2503/922
f 3316/2503/922 3085/2502/922 3079/2504/922
f 3316/2503/922 3079/2504/922 3175/2505/922
f 3175/2505/922 3315/2501/922 3316/2503/922
f 3143/2506/997 3258/2415/997 3317/2507/997
f 3317/2507/997 3258/2415/997 3178/2417/997
f 3317/2507/997 3178/2417/997 3147/2508/997
f 3147/2508/997 3143/2506/997 3317/2507/997
f 3174/2509/998 3172/2510/998 3318/2511/998
f 3318/2511/998 3172/2510/998 3221/2512/998
f 3318/2511/998 3221/2512/998 3314/2513/998
f 3314/2513/998 3174/2509/998 3318/2511/998
s 1
f 3235/2514/828 3232/2515/828 3445/2516/999
f 3445/2516/999 3232/2515/828 3447/2517/1000
f 3445/2516/999 3447/2517/1000 3443/2518/1001
f 3443/2518/1001 3447/2517/1000 3446/2519/1002
f 3443/2518/1001 3446/2519/1002 3441/2520/1003
f 3441/2520/1003 3446/2519/1002 3448/2521/1003
f 3441/2520/1003 3448/2521/1003 3449/2522/1004
f 3449/2522/1004 3448/2521/1003 3324/2523/1005
f 3449/2522/1004 3324/2523/1005 3326/2524/1006
f 3232/2515/828 3320/2525/1007 3447/2517/1000
f 3447/2517/1000 3320/2525/1007 3322/2526/1001
f 3447/2517/1000 3322/2526/1001 3446/2519/1002
f 3446/2519/1002 3322/2526/1001 3324/2523/1005
f 3446/2519/1002 3324/2523/1005 3448/2521/1003
f 3449/2522/1004 3326/2524/1006 3450/2527/1008
f 3450/2527/1008 3326/2524/1006 3328/2528/1009
f 3450/2527/1008 3328/2528/1009 3451/2529/1010
f 3451/2529/1010 3328/2528/1009 3330/2530/1011
f 3451/2529/1010 3330/2530/1011 3452/2531/1012
f 3452/2531/1012 3330/2530/1011 3332/2532/1013
f 3452/2531/1012 3332/2532/1013 3453/2533/1014
f 3453/2533/1014 3332/2532/1013 3334/2534/1015
f 3453/2533/1014 3334/2534/1015 3454/2535/1016
f 3454/2535/1016 3334/2534/1015 3336/2536/1017
f 3454/2535/1016 3336/2536/1017 3455/2537/1018
f 3455/2537/1018 3336/2536/1017 3338/2538/1019
f 3455/2537/1018 3338/2538/1019 3456/2539/1020
f 3456/2539/1020 3338/2538/1019 3340/2540/1021
f 3456/2539/1020 3340/2540/1021 3457/2541/1022
f 3457/2541/1022 3340/2540/1021 3342/2542/1023
f 3457/2541/1022 3342/2542/1023 3458/2543/1024
f 3458/2543/1024 3342/2542/1023 3345/2544/1025
f 3458/2543/1024 3345/2544/1025 3459/2545/1026
f 3459/2545/1026 3345/2544/1025 3347/2546/1027
f 3459/2545/1026 3347/2546/1027 3460/2547/1028
f 3460/2547/1028 3347/2546/1027 3349/2548/1029
f 3460/2547/1028 3349/2548/1029 3461/2549/1030
f 3461/2549/1030 3349/2548/1029 3351/2550/1031
f 3461/2549/1030 3351/2550/1031 3462/2551/1032
f 3462/2551/1032 3351/2550/1031 3353/2552/1033
f 3462/2551/1032 3353/2552/1033 3355/2553/1034
f 3462/2551/1032 3355/2553/1034 3463/2554/1035
f 3463/2554/1035 3355/2553/1034 3357/2555/1036
f 3463/2554/1035 3357/2555/1036 3464/2556/1037
f 3464/2556/1037 3357/2555/1036 3359/2557/1038
f 3464/2556/1037 3359/2557/1038 3465/2558/1039
f 3465/2558/1039 3359/2557/1038 3361/2559/1040
f 3465/2558/1039 3361/2559/1040 3466/2560/1041
f 3466/2560/1041 3361/2559/1040 3363/2561/1042
f 3466/2560/1041 3363/2561/1042 3365/2562/1043
f 3466/2560/1041 3365/2562/1043 3467/2563/1044
f 3467/2563/1044 3365/2562/1043 3367/2564/1045
f 3467/2563/1044 3367/2564/1045 3468/2565/1046
f 3468/2565/1046 3367/2564/1045 3369/2566/1047
f 3468/2565/1046 3369/2566/1047 3469/2567/1048
f 3469/2567/1048 3369/2566/1047 3371/2568/1049
f 3469/2567/1048 3371/2568/1049 3470/2569/1050
f 3470/2569/1050 3371/2568/1049 3373/2570/1051
f 3470/2569/1050 3373/2570/1051 3375/2571/1052
f 3470/2569/1050 3375/2571/1052 3471/2572/1053
f 3471/2572/1053 3375/2571/1052 3377/2573/1054
f 3471/2572/1053 3377/2573/1054 3472/2574/1055
f 3472/2574/1055 3377/2573/1054 3379/2575/1056
f 3472/2574/1055 3379/2575/1056 3473/2576/1057
f 3473/2576/1057 3379/2575/1056 3381/2577/1058
f 3473/2576/1057 3381/2577/1058 3282/2578/1059
f 3282/2578/1059 3381/2577/1058 3286/2579/1060
f 3282/2578/1059 3383/2580/1061 3473/2576/1057
f 3473/2576/1057 3383/2580/1061 3385/2581/1062
f 3473/2576/1057 3385/2581/1062 3472/2574/1055
f 3472/2574/1055 3385/2581/1062 3387/2582/1063
f 3472/2574/1055 3387/2582/1063 3471/2572/1053
f 3471/2572/1053 3387/2582/1063 3389/2583/1052
f 3471/2572/1053 3389/2583/1052 3470/2569/1050
f 3470/2569/1050 3389/2583/1052 3391/2584/1064
f 3470/2569/1050 3391/2584/1064 3393/2585/1049
f 3470/2569/1050 3393/2585/1049 3469/2567/1048
f 3469/2567/1048 3393/2585/1049 3395/2586/1065
f 3469/2567/1048 3395/2586/1065 3468/2565/1046
f 3468/2565/1046 3395/2586/1065 3397/2587/1045
f 3468/2565/1046 3397/2587/1045 3467/2563/1044
f 3467/2563/1044 3397/2587/1045 3399/2588/1043
f 3467/2563/1044 3399/2588/1043 3466/2560/1041
f 3466/2560/1041 3399/2588/1043 3401/2589/1066
f 3466/2560/1041 3401/2589/1066 3403/2590/1067
f 3466/2560/1041 3403/2590/1067 3465/2558/1039
f 3465/2558/1039 3403/2590/1067 3405/2591/1038
f 3465/2558/1039 3405/2591/1038 3464/2556/1037
f 3464/2556/1037 3405/2591/1038 3407/2592/1036
f 3464/2556/1037 3407/2592/1036 3463/2554/1035
f 3463/2554/1035 3407/2592/1036 3409/2593/1068
f 3463/2554/1035 3409/2593/1068 3462/2551/1032
f 3462/2551/1032 3409/2593/1068 3411/2594/1033
f 3462/2551/1032 3411/2594/1033 3413/2595/1069
f 3462/2551/1032 3413/2595/1069 3461/2549/1030
f 3461/2549/1030 3413/2595/1069 3415/2596/1070
f 3461/2549/1030 3415/2596/1070 3460/2547/1028
f 3460/2547/1028 3415/2596/1070 3417/2597/1071
f 3460/2547/1028 3417/2597/1071 3459/2545/1026
f 3459/2545/1026 3417/2597/1071 3419/2598/1072
f 3459/2545/1026 3419/2598/1072 3458/2543/1024
f 3458/2543/1024 3419/2598/1072 3421/2599/1023
f 3458/2543/1024 3421/2599/1023 3457/2541/1022
f 3457/2541/1022 3421/2599/1023 3425/2600/1021
f 3457/2541/1022 3425/2600/1021 3456/2539/1020
f 3456/2539/1020 3425/2600/1021 3427/2601/1019
f 3456/2539/1020 3427/2601/1019 3455/2537/1018
f 3455/2537/1018 3427/2601/1019 3429/2602/1017
f 3455/2537/1018 3429/2602/1017 3454/2535/1016
f 3454/2535/1016 3429/2602/1017 3431/2603/1015
f 3454/2535/1016 3431/2603/1015 3453/2533/1014
f 3453/2533/1014 3431/2603/1015 3433/2604/1013
f 3453/2533/1014 3433/2604/1013 3452/2531/1012
f 3452/2531/1012 3433/2604/1013 3435/2605/1011
f 3452/2531/1012 3435/2605/1011 3451/2529/1010
f 3451/2529/1010 3435/2605/1011 3437/2606/1009
f 3451/2529/1010 3437/2606/1009 3450/2527/1008
f 3450/2527/1008 3437/2606/1009 3439/2607/1006
f 3450/2527/1008 3439/2607/1006 3449/2522/1004
f 3449/2522/1004 3439/2607/1006 3441/2520/1003
s 0
f 3474/2608/833 3516/2609/833 2051/2610/833
f 2051/2610/833 3516/2609/833 3519/2611/833
f 2051/2610/833 3519/2611/833 2053/2612/833
f 2053/2612/833 3519/2611/833 3520/2613/833
f 2053/2612/833 3520/2613/833 2055/2614/833
f 2055/2614/833 3520/2613/833 3522/2615/833
f 2055/2614/833 3522/2615/833 2057/2616/833
f 2057/2616/833 3522/2615/833 3524/2617/833
f 2057/2616/833 3524/2617/833 2059/2618/833
f 2059/2618/833 3524/2617/833 3526/2619/833
f 2059/2618/833 3526/2619/833 2061/2620/833
f 2061/2620/833 3526/2619/833 3528/2621/833
f 2061/2620/833 3528/2621/833 2063/2622/833
f 2063/2622/833 3528/2621/833 3530/2623/833
f 2063/2622/833 3530/2623/833 2065/2624/833
f 2065/2624/833 3530/2623/833 3532/2625/833
f 2065/2624/833 3532/2625/833 2067/2626/833
f 2067/2626/833 3532/2625/833 2138/2627/833
f 2067/2626/833 2138/2627/833 2069/2628/833
f 2069/2628/833 2138/2627/833 2210/2629/833
f 2069/2628/833 2210/2629/833 2071/2630/833
f 2071/2630/833 2210/2629/833 2208/2631/833
f 2071/2630/833 2208/2631/833 2073/2632/833
f 2073/2632/833 2208/2631/833 2206/2633/833
f 2073/2632/833 2206/2633/833 2075/2634/833
f 2075/2634/833 2206/2633/833 2204/2635/833
f 2075/2634/833 2204/2635/833 2077/2636/833
f 2077/2636/833 2204/2635/833 2202/2637/833
f 2077/2636/833 2202/2637/833 2079/2638/833
f 2079/2638/833 2202/2637/833 2200/2639/833
f 2079/2638/833 2200/2639/833 2081/2640/833
f 2081/2640/833 2200/2639/833 2198/2641/833
f 2081/2640/833 2198/2641/833 2083/2642/833
f 2083/2642/833 2198/2641/833 2196/2643/833
f 2083/2642/833 2196/2643/833 3502/2644/833
f 3502/2644/833 2196/2643/833 2194/2645/833
f 3502/2644/833 2194/2645/833 3500/2646/833
f 3500/2646/833 2194/2645/833 2192/2647/833
f 3500/2646/833 2192/2647/833 3498/2648/833
f 3498/2648/833 2192/2647/833 2190/2649/833
f 3498/2648/833 2190/2649/833 3496/2650/833
f 3496/2650/833 2190/2649/833 2188/2651/833
f 3496/2650/833 2188/2651/833 3494/2652/833
f 3494/2652/833 2188/2651/833 2186/2653/833
f 3494/2652/833 2186/2653/833 3492/2654/833
f 3492/2654/833 2186/2653/833 2184/2655/833
f 3492/2654/833 2184/2655/833 3490/2656/833
f 3490/2656/833 2184/2655/833 2182/2657/833
f 3490/2656/833 2182/2657/833 3488/2658/833
f 3488/2658/833 2182/2657/833 2179/2659/833
f 3488/2658/833 2179/2659/833 3486/2660/833
f 3486/2660/833 2179/2659/833 3504/2661/833
f 3486/2660/833 3504/2661/833 3484/2662/833
f 3484/2662/833 3504/2661/833 3506/2663/833
f 3484/2662/833 3506/2663/833 3482/2664/833
f 3482/2664/833 3506/2663/833 3508/2665/833
f 3482/2664/833 3508/2665/833 3480/2666/833
f 3480/2666/833 3508/2665/833 3510/2667/833
f 3480/2666/833 3510/2667/833 3478/2668/833
f 3478/2668/833 3510/2667/833 3512/2669/833
f 3478/2668/833 3512/2669/833 3476/2670/833
f 3476/2670/833 3512/2669/833 3514/2671/833
f 3476/2670/833 3514/2671/833 3474/2608/833
f 3474/2608/833 3514/2671/833 3516/2609/833
f 2570/1894/818 3422/2672/818 2498/1896/818
f 2498/1896/818 3422/2672/818 3410/2673/818
f 2498/1896/818 3410/2673/818 3408/2674/818
f 2571/1894/819 2568/1915/819 3423/2672/819
f 3422/2672/818 2567/1915/818 2565/1917/818
f 3422/2672/818 2565/1917/818 2563/1919/818
f 2563/1919/818 2561/1921/818 3422/2672/818
f 3422/2672/818 2561/1921/818 2559/1923/818
f 3422/2672/818 2559/1923/818 2556/1925/818
f 2557/1925/819 2555/2675/819 3424/2672/819
f 3422/2672/818 2554/2675/818 3426/2676/818
f 3426/2676/818 2554/2675/818 3428/2677/818
f 3428/2677/818 2554/2675/818 3430/2678/818
f 3430/2678/818 2554/2675/818 3432/2679/818
f 3432/2679/818 2554/2675/818 3434/2680/818
f 3434/2680/818 2554/2675/818 3436/2681/818
f 3436/2681/818 2554/2675/818 3438/2682/818
f 3438/2682/818 2554/2675/818 3440/2683/818
f 3440/2683/818 2554/2675/818 2551/1929/818
f 3440/2683/818 2551/1929/818 2549/1930/818
f 2549/1930/818 2547/1932/818 3440/2683/818
f 3440/2683/818 2547/1932/818 3442/2684/818
f 3442/2684/818 2547/1932/818 2545/1934/818
f 3442/2684/818 2545/1934/818 2543/1936/818
f 2543/1936/818 2541/1938/818 3442/2684/818
f 3442/2684/818 2541/1938/818 3444/2685/818
f 3444/2685/820 2541/1938/820 2539/1940/820
f 3444/2685/818 2539/1940/818 3234/2686/818
f 3234/2686/818 2539/1940/818 2536/1942/818
f 3234/2686/818 2536/1942/818 3392/2687/818
f 3392/2687/818 2536/1942/818 3394/2688/818
f 3394/2688/818 2536/1942/818 2616/1945/818
f 3394/2688/818 2616/1945/818 3396/2689/818
f 3396/2689/818 2616/1945/818 2614/1947/818
f 3396/2689/818 2614/1947/818 2612/1949/818
f 3396/2689/818 2612/1949/818 3398/2690/818
f 3398/2690/818 2612/1949/818 2610/1951/818
f 3398/2690/818 2610/1951/818 2608/1953/818
f 2608/1953/818 2606/1955/818 3398/2690/818
f 3398/2690/818 2606/1955/818 3400/2691/818
f 3400/2691/818 2606/1955/818 2604/1913/818
f 3400/2691/820 2604/1913/820 2603/2692/820
f 2603/2692/818 2600/1910/818 3400/2691/818
f 3400/2691/818 2600/1910/818 2598/1908/818
f 3400/2691/818 2598/1908/818 3402/2693/818
f 3402/2693/818 2598/1908/818 3404/2694/818
f 3404/2694/818 2598/1908/818 3406/2695/818
f 3406/2695/818 2598/1908/818 3408/2674/818
f 3408/2674/818 2598/1908/818 2596/1906/818
f 3408/2674/818 2596/1906/818 2594/1904/818
f 2594/1904/818 2592/1902/818 3408/2674/818
f 3408/2674/818 2592/1902/818 2590/1900/818
f 3408/2674/818 2590/1900/818 2588/1898/818
f 2588/1898/818 2498/1896/818 3408/2674/818
f 3121/2696/1073 3118/2697/1073 3123/2698/1073
s 1
f 3125/2698/1074 3119/2697/1074 3116/2699/1074
s 0
f 3124/2698/818 3115/2699/818 3313/2700/818
f 3313/2700/818 3115/2699/818 3113/2701/818
f 3313/2700/818 3113/2701/818 3111/2702/818
f 3111/2702/818 3109/2703/818 3313/2700/818
f 3313/2700/818 3109/2703/818 3081/2704/818
f 3081/2704/820 3109/2703/820 3107/2705/820
f 3081/2704/818 3107/2705/818 3104/2706/818
f 3105/2706/819 3102/2707/819 3082/2704/819
f 3081/2704/820 3101/2707/820 3098/2708/820
f 3083/2704/818 3099/2708/818 3096/2709/818
f 3095/2709/818 3093/2710/818 3081/2704/818
f 3081/2704/820 3093/2710/820 3091/2711/820
f 3081/2704/818 3091/2711/818 3089/2712/818
s 1
f 3088/2712/1075 3086/2713/1075 3080/2704/1075
s 0
f 3124/2698/818 3313/2700/818 3142/2714/818
f 3142/2714/818 3313/2700/818 3219/2715/818
f 3142/2714/818 3219/2715/818 3256/2716/818
f 3256/2716/818 3219/2715/818 3217/2717/818
f 3256/2716/818 3217/2717/818 3215/2718/818
f 3215/2718/818 3213/2719/818 3256/2716/818
f 3256/2716/818 3213/2719/818 3211/2720/818
f 3256/2716/818 3211/2720/818 3209/2721/818
f 3256/2716/818 3209/2721/818 3259/2722/818
f 3259/2722/818 3209/2721/818 3207/2723/818
f 3259/2722/818 3207/2723/818 3261/2724/818
f 3261/2724/818 3207/2723/818 3263/2725/818
f 3263/2725/818 3207/2723/818 3205/2726/818
f 3263/2725/818 3205/2726/818 3265/2727/818
f 3265/2727/818 3205/2726/818 3267/2728/818
f 3267/2728/818 3205/2726/818 3269/2729/818
f 3269/2729/818 3205/2726/818 3271/2730/818
f 3271/2730/818 3205/2726/818 3252/2731/818
f 3252/2731/818 3205/2726/818 3201/2732/818
f 3252/2731/818 3201/2732/818 3237/2733/818
f 3237/2733/818 3201/2732/818 2840/2734/818
f 3237/2733/818 2840/2734/818 3240/2735/818
f 3240/2735/818 2840/2734/818 3242/2736/818
f 3242/2736/818 2840/2734/818 3244/2737/818
f 3244/2737/818 2840/2734/818 3246/2738/818
f 3246/2738/818 2840/2734/818 2838/2739/818
f 3246/2738/818 2838/2739/818 2836/2740/818
f 2836/2740/818 2834/2741/818 3246/2738/818
f 3246/2738/818 2834/2741/818 3280/2742/818
f 3280/2742/818 2834/2741/818 2831/2743/818
f 3280/2742/818 2831/2743/818 3234/2686/818
f 3420/2744/818 3416/2745/818 3422/2672/818
f 3422/2672/818 3416/2745/818 3412/2746/818
f 3422/2672/818 3412/2746/818 3410/2673/818
f 3420/2744/818 3418/2747/818 3416/2745/818
f 3416/2745/818 3414/2748/818 3412/2746/818
f 3392/2687/818 3390/2749/818 3234/2686/818
f 3234/2686/818 3390/2749/818 3388/2750/818
f 3234/2686/818 3388/2750/818 3280/2742/818
f 3280/2742/818 3388/2750/818 3386/2751/818
f 3280/2742/818 3386/2751/818 3384/2752/818
f 3384/2752/820 3382/2753/820 3280/2742/820
s 1
f 3568/2754/796 2230/1559/705 3570/2755/1076
f 3570/2755/1076 2230/1559/705 2228/1656/705
f 3570/2755/1076 2228/1656/705 2696/2756/796
f 3570/2755/1076 2696/2756/796 3569/2757/1077
f 3569/2757/1077 2696/2756/796 2693/2758/793
f 3569/2757/1077 2693/2758/793 3571/2759/1078
f 3571/2759/1078 2693/2758/793 2691/2760/791
f 3571/2759/1078 2691/2760/791 3572/2761/1079
f 3572/2761/1079 2691/2760/791 2689/2762/789
f 3572/2761/1079 2689/2762/789 3573/2763/1080
f 3573/2763/1080 2689/2762/789 2687/2764/787
f 3573/2763/1080 2687/2764/787 3574/2765/1081
f 3574/2765/1081 2687/2764/787 2685/2766/785
f 3574/2765/1081 2685/2766/785 3575/2767/1082
f 3575/2767/1082 2685/2766/785 3576/2768/784
f 3575/2767/1082 3576/2768/784 3556/2769/785
f 3556/2769/785 3576/2768/784 3554/2770/798
f 3554/2770/798 3576/2768/784 3577/2771/782
f 3554/2770/798 3577/2771/782 3551/2772/782
f 3551/2772/782 3577/2771/782 3550/2773/781
f 3550/2773/781 3577/2771/782 3578/2774/780
f 3550/2773/781 3578/2774/780 3548/2775/778
f 3548/2775/778 3578/2774/780 3579/2776/1083
f 3548/2775/778 3579/2776/1083 3546/2777/776
f 3546/2777/776 3579/2776/1083 3580/2778/1084
f 3546/2777/776 3580/2778/1084 3544/2779/774
f 3544/2779/774 3580/2778/1084 3581/2780/1085
f 3544/2779/774 3581/2780/1085 3542/2781/772
f 3542/2781/772 3581/2780/1085 3582/2782/1086
f 3542/2781/772 3582/2782/1086 3539/2783/770
f 3539/2783/770 3582/2782/1086 3583/2784/1087
f 3539/2783/770 3583/2784/1087 3536/2785/1088
f 3536/2785/1088 3583/2784/1087 2263/2786/1089
f 2263/2786/1089 3583/2784/1087 2667/2787/767
f 2263/2786/1089 2667/2787/767 2267/2788/1090
f 2685/2766/785 2683/2789/783 3576/2768/784
f 3576/2768/784 2683/2789/783 3577/2771/782
f 2683/2789/783 2680/2790/782 3577/2771/782
f 3577/2771/782 2680/2790/782 2679/2791/781
f 3577/2771/782 2679/2791/781 3578/2774/780
f 3578/2774/780 2679/2791/781 2677/2792/778
f 3578/2774/780 2677/2792/778 3579/2776/1083
f 3579/2776/1083 2677/2792/778 2675/2793/776
f 3579/2776/1083 2675/2793/776 3580/2778/1084
f 3580/2778/1084 2675/2793/776 2673/2794/774
f 3580/2778/1084 2673/2794/774 3581/2780/1085
f 3581/2780/1085 2673/2794/774 2671/2795/772
f 3581/2780/1085 2671/2795/772 3582/2782/1086
f 3582/2782/1086 2671/2795/772 2669/2796/1091
f 3582/2782/1086 2669/2796/1091 3583/2784/1087
f 3583/2784/1087 2669/2796/1091 2667/2787/767
f 3575/2767/1082 3556/2769/785 3574/2765/1081
f 3574/2765/1081 3556/2769/785 3558/2797/787
f 3574/2765/1081 3558/2797/787 3573/2763/1080
f 3573/2763/1080 3558/2797/787 3561/2798/801
f 3573/2763/1080 3561/2798/801 3572/2761/1079
f 3572/2761/1079 3561/2798/801 3564/2799/791
f 3572/2761/1079 3564/2799/791 3571/2759/1078
f 3571/2759/1078 3564/2799/791 3566/2800/1092
f 3571/2759/1078 3566/2800/1092 3569/2757/1077
f 3569/2757/1077 3566/2800/1092 3568/2754/796
f 3569/2757/1077 3568/2754/796 3570/2755/1076
f 2142/1610/675 2139/2801/675 3613/2802/767
f 3613/2802/767 2139/2801/675 3614/2803/1087
f 3613/2802/767 3614/2803/1087 3611/2804/770
f 3611/2804/770 3614/2803/1087 3615/2805/1093
f 3611/2804/770 3615/2805/1093 3609/2806/772
f 3609/2806/772 3615/2805/1093 3616/2807/1094
f 3609/2806/772 3616/2807/1094 3607/2808/859
f 3607/2808/859 3616/2807/1094 3617/2809/1095
f 3607/2808/859 3617/2809/1095 3605/2810/776
f 3605/2810/776 3617/2809/1095 3618/2811/1096
f 3605/2810/776 3618/2811/1096 3603/2812/1097
f 3603/2812/1097 3618/2811/1096 3619/2813/1098
f 3603/2812/1097 3619/2813/1098 3601/2814/781
f 3601/2814/781 3619/2813/1098 3620/2815/782
f 3601/2814/781 3620/2815/782 3598/2816/1099
f 3598/2816/1099 3620/2815/782 3597/2817/1100
f 3597/2817/1100 3620/2815/782 3621/2818/784
f 3597/2817/1100 3621/2818/784 3595/2819/785
f 3595/2819/785 3621/2818/784 3622/2820/1082
f 3595/2819/785 3622/2820/1082 3623/2821/1101
f 3623/2821/1101 3622/2820/1082 3515/2822/785
f 3623/2821/1101 3515/2822/785 3513/2823/787
f 2139/2801/675 3533/2824/767 3614/2803/1087
f 3614/2803/1087 3533/2824/767 3531/2825/861
f 3614/2803/1087 3531/2825/861 3615/2805/1093
f 3615/2805/1093 3531/2825/861 3529/2826/772
f 3615/2805/1093 3529/2826/772 3616/2807/1094
f 3616/2807/1094 3529/2826/772 3527/2827/774
f 3616/2807/1094 3527/2827/774 3617/2809/1095
f 3617/2809/1095 3527/2827/774 3525/2828/776
f 3617/2809/1095 3525/2828/776 3618/2811/1096
f 3618/2811/1096 3525/2828/776 3523/2829/778
f 3618/2811/1096 3523/2829/778 3619/2813/1098
f 3619/2813/1098 3523/2829/778 3521/2830/1102
f 3619/2813/1098 3521/2830/1102 3620/2815/782
f 3620/2815/782 3521/2830/1102 3518/2831/1099
f 3620/2815/782 3518/2831/1099 3517/2832/1103
f 3620/2815/782 3517/2832/1103 3621/2818/784
f 3621/2818/784 3517/2832/1103 3515/2822/785
f 3621/2818/784 3515/2822/785 3622/2820/1082
f 3623/2821/1101 3513/2823/787 3624/2833/1104
f 3624/2833/1104 3513/2823/787 3511/2834/801
f 3624/2833/1104 3511/2834/801 3625/2835/1105
f 3625/2835/1105 3511/2834/801 3509/2836/867
f 3625/2835/1105 3509/2836/867 3626/2837/1106
f 3626/2837/1106 3509/2836/867 3507/2838/1107
f 3626/2837/1106 3507/2838/1107 3627/2839/1108
f 3627/2839/1108 3507/2838/1107 3505/2840/795
f 3627/2839/1108 3505/2840/795 3628/2841/1109
f 3628/2841/1109 3505/2840/795 2180/2842/705
f 3628/2841/1109 2180/2842/705 2178/2843/705
f 2178/2843/705 3585/2844/796 3628/2841/1109
f 3628/2841/1109 3585/2844/796 3627/2839/1108
f 3585/2844/796 3587/2845/1107 3627/2839/1108
f 3627/2839/1108 3587/2845/1107 3626/2837/1106
f 3587/2845/1107 3589/2846/867 3626/2837/1106
f 3626/2837/1106 3589/2846/867 3625/2835/1105
f 3589/2846/867 3591/2847/789 3625/2835/1105
f 3625/2835/1105 3591/2847/789 3624/2833/1104
f 3591/2847/789 3593/2848/787 3624/2833/1104
f 3624/2833/1104 3593/2848/787 3623/2821/1101
f 3593/2848/787 3595/2819/785 3623/2821/1101
s 0
f 3567/1893/833 2143/2629/833 2229/1895/833
f 2229/1895/833 2143/2629/833 2141/2627/833
f 2229/1895/833 2141/2627/833 2231/1897/833
f 2231/1897/833 2141/2627/833 3612/2625/833
f 2231/1897/833 3612/2625/833 2233/1899/833
f 2233/1899/833 3612/2625/833 3610/2623/833
f 2233/1899/833 3610/2623/833 2235/1901/833
f 2235/1901/833 3610/2623/833 3608/2621/833
f 2235/1901/833 3608/2621/833 2237/1903/833
f 2237/1903/833 3608/2621/833 3606/2619/833
f 2237/1903/834 3606/2619/834 2239/1905/834
f 2239/1905/833 3606/2619/833 3604/2617/833
f 2239/1905/833 3604/2617/833 2241/1907/833
f 2241/1907/833 3604/2617/833 3602/2615/833
f 2241/1907/833 3602/2615/833 2243/1909/833
f 2243/1909/833 3602/2615/833 3600/2613/833
f 2243/1909/833 3600/2613/833 2245/2849/833
f 2245/2849/833 3600/2613/833 3599/2850/833
f 2245/2849/833 3599/2850/833 3596/2609/833
f 3567/1893/833 3565/1914/833 2143/2629/833
f 2143/2629/833 3565/1914/833 2145/2631/833
f 2145/2631/833 3565/1914/833 3562/1916/833
f 2145/2631/833 3562/1916/833 2147/2633/833
f 2148/2633/835 3563/1916/835 3560/1918/835
f 2147/2633/833 3559/1918/833 2150/2635/833
f 2150/2635/833 3559/1918/833 3557/1920/833
f 2150/2635/833 3557/1920/833 2152/2637/833
f 2152/2637/833 3557/1920/833 3555/1922/833
f 2152/2637/833 3555/1922/833 2154/2639/833
f 2154/2639/833 3555/1922/833 3553/1924/833
f 2154/2639/833 3553/1924/833 2156/2641/833
f 2156/2641/833 3553/1924/833 3552/2851/833
f 2156/2641/833 3552/2851/833 2158/2852/833
f 2158/2852/833 3552/2851/833 3549/1928/833
f 2158/2852/833 3549/1928/833 2160/2645/833
f 2160/2645/833 3549/1928/833 2162/2647/833
f 2162/2647/833 3549/1928/833 3547/1931/833
f 2162/2647/833 3547/1931/833 2164/2649/833
f 2164/2649/834 3547/1931/834 3545/1933/834
f 2164/2649/833 3545/1933/833 2166/2651/833
f 2166/2651/833 3545/1933/833 3543/1935/833
f 2166/2651/833 3543/1935/833 2168/2653/833
f 2168/2653/833 3543/1935/833 3540/1937/833
f 2168/2653/833 3540/1937/833 2170/2655/833
s 1
f 2171/2655/835 3541/1937/835 3538/1939/835
s 0
f 2170/2655/833 3537/1939/833 2173/2657/833
f 2173/2657/833 3537/1939/833 3534/1941/833
f 2173/2657/833 3534/1941/833 2175/2659/833
s 1
f 2176/2659/835 3535/1941/835 2262/1943/835
s 0
f 2175/2659/833 2261/1943/833 2259/1944/833
f 2175/2659/833 2259/1944/833 3584/2661/833
f 3584/2661/833 2259/1944/833 2257/1946/833
f 3584/2661/833 2257/1946/833 3586/2663/833
f 3586/2663/833 2257/1946/833 2255/1948/833
f 3586/2663/833 2255/1948/833 3588/2665/833
f 3588/2665/833 2255/1948/833 2253/1950/833
f 3588/2665/834 2253/1950/834 3590/2667/834
f 3590/2667/833 2253/1950/833 2251/1952/833
f 3590/2667/833 2251/1952/833 3592/2669/833
f 3592/2669/833 2251/1952/833 2249/1954/833
f 3592/2669/833 2249/1954/833 3594/2671/833
f 3594/2671/833 2249/1954/833 2247/1956/833
f 3594/2671/833 2247/1956/833 3596/2609/833
f 3596/2609/833 2247/1956/833 2245/2849/833
f 3629/2853/833 3712/2854/833 2086/2855/833
f 2086/2855/833 3712/2854/833 3741/2856/833
f 2086/2855/833 3741/2856/833 3750/2857/833
f 3750/2857/833 3741/2856/833 3748/2858/833
f 3748/2858/833 3741/2856/833 3746/2859/833
f 3745/2859/934 3740/2856/934 3743/2860/934
f 3629/2853/833 3631/2861/833 3712/2854/833
f 3712/2854/833 3631/2861/833 3633/2862/833
f 3712/2854/833 3633/2862/833 3709/2863/833
f 3709/2863/833 3633/2862/833 3635/2864/833
f 3709/2863/833 3635/2864/833 3637/2865/833
f 3637/2865/833 3639/2866/833 3709/2863/833
f 3709/2863/833 3639/2866/833 3641/2867/833
f 3709/2863/833 3641/2867/833 3705/2868/833
f 3705/2868/833 3641/2867/833 3643/2869/833
f 3705/2868/833 3643/2869/833 3694/2870/833
f 3694/2870/833 3643/2869/833 3668/2871/833
f 3694/2870/833 3668/2871/833 3671/2872/833
f 3643/2869/833 3645/2873/833 3668/2871/833
f 3668/2871/833 3645/2873/833 3647/2874/833
f 3668/2871/833 3647/2874/833 3649/2875/833
f 3668/2871/833 3649/2875/833 3664/2876/833
f 3664/2876/833 3649/2875/833 3651/2877/833
f 3664/2876/833 3651/2877/833 3653/2878/833
f 3654/2878/835 3657/2879/835 3665/2876/835
f 3664/2876/833 3656/2879/833 3659/2880/833
f 3664/2876/833 3659/2880/833 3661/2881/833
f 3661/2881/833 3659/2880/833 2048/2550/833
f 3661/2881/833 2048/2550/833 3831/2882/833
f 3831/2882/833 2048/2550/833 3803/2883/833
f 3831/2882/833 3803/2883/833 3806/2884/833
f 2048/2550/833 2121/2885/833 3803/2883/833
f 3803/2883/833 2121/2885/833 2119/2886/833
f 3803/2883/833 2119/2886/833 2117/2887/833
f 3803/2883/833 2117/2887/833 3799/2888/833
f 3799/2888/833 2117/2887/833 2115/2889/833
f 3799/2888/833 2115/2889/833 2113/2890/833
f 2113/2890/834 2110/2891/834 3799/2888/834
f 3800/2888/835 2111/2891/835 2108/2892/835
f 3799/2888/833 2107/2892/833 3796/2893/833
f 3796/2893/833 2107/2892/833 2105/2894/833
f 3796/2893/833 2105/2894/833 3786/2895/833
f 3786/2895/833 2105/2894/833 3758/2896/833
f 3786/2895/833 3758/2896/833 3761/2897/833
f 2105/2894/833 2103/2898/833 3758/2896/833
f 3758/2896/833 2103/2898/833 2101/2899/833
f 3758/2896/833 2101/2899/833 2099/2900/833
f 3758/2896/833 2099/2900/833 3754/2901/833
f 3754/2901/833 2099/2900/833 2097/2902/833
f 3754/2901/833 2097/2902/833 2095/2903/833
f 2095/2903/833 2092/2904/833 3754/2901/833
f 3755/2901/835 2093/2904/835 2090/2905/835
f 3754/2901/833 2089/2905/833 3750/2857/833
f 3750/2857/833 2089/2905/833 2086/2855/833
f 3671/2872/833 3673/2906/833 3694/2870/833
f 3694/2870/833 3673/2906/833 3675/2907/833
f 3694/2870/833 3675/2907/833 3677/2908/833
f 3677/2908/833 3679/2909/833 3694/2870/833
f 3694/2870/833 3679/2909/833 3681/2910/833
f 3694/2870/834 3681/2910/834 3683/2911/834
f 3683/2911/833 3685/2912/833 3694/2870/833
f 3694/2870/833 3685/2912/833 3687/2913/833
f 3694/2870/833 3687/2913/833 3689/2914/833
f 3690/2914/1110 3693/2915/1111 3696/2870/1110
f 3698/2916/833 3700/2917/833 3694/2870/833
f 3694/2870/833 3700/2917/833 3702/2918/833
f 3695/2870/835 3703/2918/835 3706/2868/835
f 3712/2854/833 3715/2919/833 3741/2856/833
f 3741/2856/833 3715/2919/833 3717/2920/833
f 3741/2856/833 3717/2920/833 3719/2921/833
f 3719/2921/833 3721/2922/833 3741/2856/833
f 3741/2856/833 3721/2922/833 3723/2923/833
f 3741/2856/833 3723/2923/833 3738/2924/833
f 3738/2924/833 3723/2923/833 3736/2925/833
f 3736/2925/833 3723/2923/833 3733/2926/833
f 3734/2926/835 3724/2923/835 3732/2927/835
f 3731/2927/833 3723/2923/833 3728/2928/833
f 3728/2928/834 3723/2923/834 3726/2929/834
f 3761/2897/833 3763/2930/833 3786/2895/833
f 3786/2895/833 3763/2930/833 3765/2931/833
f 3786/2895/833 3765/2931/833 3767/2932/833
f 3767/2932/833 3769/2933/833 3786/2895/833
f 3786/2895/833 3769/2933/833 3771/2934/833
f 3786/2895/833 3771/2934/833 3773/2935/833
f 3773/2935/834 3775/2936/834 3786/2895/834
f 3786/2895/833 3775/2936/833 3777/2937/833
f 3787/2895/835 3778/2937/835 3780/2938/835
f 3781/2938/1112 3783/2939/934 3785/2895/934
s 1
f 3789/2940/1113 3791/2941/1113 3785/2895/1113
s 0
f 3786/2895/833 3792/2941/833 3794/2942/833
f 3786/2895/833 3794/2942/833 3796/2893/833
f 3806/2884/833 3808/2943/833 3831/2882/833
f 3831/2882/833 3808/2943/833 3810/2944/833
f 3831/2882/833 3810/2944/833 3812/2945/833
f 3812/2945/833 3814/2946/833 3831/2882/833
f 3831/2882/833 3814/2946/833 3816/2947/833
f 3831/2882/833 3816/2947/833 3818/2948/833
f 3818/2948/833 3820/2949/833 3831/2882/833
f 3832/2882/835 3821/2949/835 3823/2950/835
f 3833/2882/835 3824/2950/835 3826/2951/835
f 3827/2951/1112 3829/2952/834 3831/2882/834
s 1
f 3836/2953/1114 3839/2954/1115 3834/2882/1116
s 0
f 3831/2882/833 3838/2954/833 3841/2955/833
f 3831/2882/833 3841/2955/833 3661/2881/833
s 1
f 3475/2799/1117 2052/1559/1118 3844/2956/1119
f 3844/2956/1119 2052/1559/1118 2049/2957/1120
f 3844/2956/1119 2049/2957/1120 3660/2958/1117
f 3844/2956/1119 3660/2958/1117 3843/2959/1121
f 3843/2959/1121 3660/2958/1117 3658/2960/1122
f 3843/2959/1121 3658/2960/1122 3845/2961/1123
f 3845/2961/1123 3658/2960/1122 3655/2962/1124
f 3845/2961/1123 3655/2962/1124 3846/2963/1125
f 3846/2963/1125 3655/2962/1124 3652/2964/1126
f 3846/2963/1125 3652/2964/1126 3847/2965/1127
f 3847/2965/1127 3652/2964/1126 3650/2966/1128
f 3847/2965/1127 3650/2966/1128 3848/2967/1129
f 3848/2967/1129 3650/2966/1128 3648/2968/1130
f 3848/2967/1129 3648/2968/1130 3849/2969/1131
f 3849/2969/1131 3648/2968/1130 3850/2970/1132
f 3849/2969/1131 3850/2970/1132 3485/2971/1130
f 3485/2971/1130 3850/2970/1132 3487/2972/1133
f 3487/2972/1133 3850/2970/1132 3851/2973/1134
f 3487/2972/1133 3851/2973/1134 3489/2974/1134
f 3489/2974/1134 3851/2973/1134 3491/2975/1135
f 3491/2975/1135 3851/2973/1134 3852/2976/1136
f 3491/2975/1135 3852/2976/1136 3493/2977/1137
f 3493/2977/1137 3852/2976/1136 3853/2978/1138
f 3493/2977/1137 3853/2978/1138 3495/2979/1139
f 3495/2979/1139 3853/2978/1138 3854/2980/1140
f 3495/2979/1139 3854/2980/1140 3497/2981/1141
f 3497/2981/1141 3854/2980/1140 3855/2982/1142
f 3497/2981/1141 3855/2982/1142 3499/2983/1143
f 3499/2983/1143 3855/2982/1142 3856/2984/1144
f 3499/2983/1143 3856/2984/1144 3501/2985/1145
f 3501/2985/1145 3856/2984/1144 3857/2986/1146
f 3501/2985/1145 3857/2986/1146 3503/2987/1147
f 3503/2987/1147 3857/2986/1146 2084/2988/671
f 2084/2988/671 3857/2986/1146 3630/2989/1148
f 2084/2988/671 3630/2989/1148 2087/2990/671
f 3648/2968/1130 3646/2991/1149 3850/2970/1132
f 3850/2970/1132 3646/2991/1149 3851/2973/1134
f 3646/2991/1149 3644/2992/1134 3851/2973/1134
f 3851/2973/1134 3644/2992/1134 3642/2993/1135
f 3851/2973/1134 3642/2993/1135 3852/2976/1136
f 3852/2976/1136 3642/2993/1135 3640/2994/1137
f 3852/2976/1136 3640/2994/1137 3853/2978/1138
f 3853/2978/1138 3640/2994/1137 3638/2995/1150
f 3853/2978/1138 3638/2995/1150 3854/2980/1140
f 3854/2980/1140 3638/2995/1150 3636/2996/1151
f 3854/2980/1140 3636/2996/1151 3855/2982/1142
f 3855/2982/1142 3636/2996/1151 3634/2997/1143
f 3855/2982/1142 3634/2997/1143 3856/2984/1144
f 3856/2984/1144 3634/2997/1143 3632/2998/1145
f 3856/2984/1144 3632/2998/1145 3857/2986/1146
f 3857/2986/1146 3632/2998/1145 3630/2989/1148
f 3849/2969/1131 3485/2971/1130 3848/2967/1129
f 3848/2967/1129 3485/2971/1130 3483/2785/1152
f 3848/2967/1129 3483/2785/1152 3847/2965/1127
f 3847/2965/1127 3483/2785/1152 3481/2779/1126
f 3847/2965/1127 3481/2779/1126 3846/2963/1125
f 3846/2963/1125 3481/2779/1126 3479/2773/1124
f 3846/2963/1125 3479/2773/1124 3845/2961/1123
f 3845/2961/1123 3479/2773/1124 3477/2769/1153
f 3845/2961/1123 3477/2769/1153 3843/2959/1121
f 3843/2959/1121 3477/2769/1153 3475/2799/1117
f 3843/2959/1121 3475/2799/1117 3844/2956/1119
s 0
f 3863/2999/1154 3667/3000/1154 3864/3001/1154
f 3864/3001/1154 3667/3000/1154 3663/3002/1154
f 3864/3001/1154 3663/3002/1154 3859/3003/1154
f 3859/3003/1154 3863/2999/1154 3864/3001/1154
s 1
f 3860/3004/1154 3662/3005/1155 3899/3006/1156
f 3899/3006/1156 3662/3005/1155 3842/3007/1157
f 3899/3006/1156 3842/3007/1157 3898/3008/1158
f 3898/3008/1158 3842/3007/1157 3840/3009/1159
f 3898/3008/1158 3840/3009/1159 3900/3010/1160
f 3900/3010/1160 3840/3009/1159 3837/3011/1161
f 3900/3010/1160 3837/3011/1161 3901/3012/1162
f 3901/3012/1162 3837/3011/1161 3835/3013/1163
f 3901/3012/1162 3835/3013/1163 3902/3014/1164
f 3902/3014/1164 3835/3013/1163 3830/3015/1165
f 3902/3014/1164 3830/3015/1165 3903/3016/1166
f 3903/3016/1166 3830/3015/1165 3828/3017/1167
f 3903/3016/1166 3828/3017/1167 3904/3018/1168
f 3904/3018/1168 3828/3017/1167 3905/3019/1169
f 3904/3018/1168 3905/3019/1169 3887/3020/1168
f 3887/3020/1168 3905/3019/1169 3885/3021/1170
f 3885/3021/1170 3905/3019/1169 3906/3022/690
f 3885/3021/1170 3906/3022/690 3883/3023/690
f 3883/3023/690 3906/3022/690 3881/3024/1171
f 3881/3024/1171 3906/3022/690 3907/3025/1172
f 3881/3024/1171 3907/3025/1172 3879/3026/1173
f 3879/3026/1173 3907/3025/1172 3908/3027/1174
f 3879/3026/1173 3908/3027/1174 3877/3028/1175
f 3877/3028/1175 3908/3027/1174 3909/3029/1176
f 3877/3028/1175 3909/3029/1176 3875/3030/1177
f 3875/3030/1177 3909/3029/1176 3910/3031/1178
f 3875/3030/1177 3910/3031/1178 3873/3032/1179
f 3873/3032/1179 3910/3031/1178 3911/3033/1180
f 3873/3032/1179 3911/3033/1180 3871/3034/1181
f 3871/3034/1181 3911/3033/1180 3912/3035/1182
f 3871/3034/1181 3912/3035/1182 3869/3036/1183
f 3869/3036/1183 3912/3035/1182 3866/2855/1184
f 3866/2855/1184 3912/3035/1182 3807/3037/1185
f 3866/2855/1184 3807/3037/1185 3804/3038/1186
f 3828/3017/1167 3825/3039/1187 3905/3019/1169
f 3905/3019/1169 3825/3039/1187 3906/3022/690
f 3825/3039/1187 3822/3040/690 3906/3022/690
f 3906/3022/690 3822/3040/690 3819/3041/1188
f 3906/3022/690 3819/3041/1188 3907/3025/1172
f 3907/3025/1172 3819/3041/1188 3817/3042/1173
f 3907/3025/1172 3817/3042/1173 3908/3027/1174
f 3908/3027/1174 3817/3042/1173 3815/3043/1189
f 3908/3027/1174 3815/3043/1189 3909/3029/1176
f 3909/3029/1176 3815/3043/1189 3813/3044/1190
f 3909/3029/1176 3813/3044/1190 3910/3031/1178
f 3910/3031/1178 3813/3044/1190 3811/3045/1179
f 3910/3031/1178 3811/3045/1179 3911/3033/1180
f 3911/3033/1180 3811/3045/1179 3809/3046/1181
f 3911/3033/1180 3809/3046/1181 3912/3035/1182
f 3912/3035/1182 3809/3046/1181 3807/3037/1185
f 3904/3018/1168 3887/3020/1168 3903/3016/1166
f 3903/3016/1166 3887/3020/1168 3889/3047/1191
f 3903/3016/1166 3889/3047/1191 3902/3014/1164
f 3902/3014/1164 3889/3047/1191 3891/3048/1163
f 3902/3014/1164 3891/3048/1163 3901/3012/1162
f 3901/3012/1162 3891/3048/1163 3893/3049/1192
f 3901/3012/1162 3893/3049/1192 3900/3010/1160
f 3900/3010/1160 3893/3049/1192 3895/3050/1193
f 3900/3010/1160 3895/3050/1193 3898/3008/1158
f 3898/3008/1158 3895/3050/1193 3897/3051/1157
f 3898/3008/1158 3897/3051/1157 3899/3006/1156
f 3899/3006/1156 3897/3051/1157 3860/3004/1154
s 0
f 3867/2999/1186 3805/3000/1186 3916/3001/1186
f 3916/3001/1186 3805/3000/1186 3802/3052/1186
f 3916/3001/1186 3802/3052/1186 3915/3053/1186
f 3915/3053/1186 3867/2999/1186 3916/3001/1186
f 3914/2999/1194 3801/3000/1194 3920/3001/1194
f 3920/3001/1194 3801/3000/1194 3797/3054/1194
f 3920/3001/1194 3797/3054/1194 3918/3055/1194
f 3918/3055/1195 3914/2999/1195 3920/3001/1195
s 1
f 3919/3004/1196 3798/3056/1194 3957/3006/1197
f 3957/3006/1197 3798/3056/1194 3795/3057/1198
f 3957/3006/1197 3795/3057/1198 3956/3008/1199
f 3956/3008/1199 3795/3057/1198 3793/3058/1200
f 3956/3008/1199 3793/3058/1200 3958/3010/1201
f 3958/3010/1201 3793/3058/1200 3790/3059/1202
f 3958/3010/1201 3790/3059/1202 3959/3012/1203
f 3959/3012/1203 3790/3059/1202 3788/3060/1204
f 3959/3012/1203 3788/3060/1204 3960/3014/1205
f 3960/3014/1205 3788/3060/1204 3784/3061/1206
f 3960/3014/1205 3784/3061/1206 3961/3016/1207
f 3961/3016/1207 3784/3061/1206 3782/3062/1208
f 3961/3016/1207 3782/3062/1208 3962/3018/1209
f 3962/3018/1209 3782/3062/1208 3963/3019/1210
f 3962/3018/1209 3963/3019/1210 3943/3020/1208
f 3943/3020/1208 3963/3019/1210 3941/3021/1211
f 3941/3021/1211 3963/3019/1210 3964/3022/705
f 3941/3021/1211 3964/3022/705 3939/3023/705
f 3939/3023/705 3964/3022/705 3937/3024/1212
f 3937/3024/1212 3964/3022/705 3965/3025/1213
f 3937/3024/1212 3965/3025/1213 3935/3026/1214
f 3935/3026/1214 3965/3025/1213 3966/3027/1215
f 3935/3026/1214 3966/3027/1215 3933/3028/1216
f 3933/3028/1216 3966/3027/1215 3967/3029/1217
f 3933/3028/1216 3967/3029/1217 3931/3030/1218
f 3931/3030/1218 3967/3029/1217 3968/3031/1219
f 3931/3030/1218 3968/3031/1219 3929/3032/1220
f 3929/3032/1220 3968/3031/1219 3969/3033/1221
f 3929/3032/1220 3969/3033/1221 3927/3034/1222
f 3927/3034/1222 3969/3033/1221 3970/3035/1223
f 3927/3034/1222 3970/3035/1223 3925/3036/1224
f 3925/3036/1224 3970/3035/1223 3922/2855/1225
f 3922/2855/1225 3970/3035/1223 3762/3063/1226
f 3922/2855/1225 3762/3063/1226 3759/3064/1227
f 3782/3062/1208 3779/3065/1228 3963/3019/1210
f 3963/3019/1210 3779/3065/1228 3964/3022/705
f 3779/3065/1228 3776/3066/705 3964/3022/705
f 3964/3022/705 3776/3066/705 3774/3067/1229
f 3964/3022/705 3774/3067/1229 3965/3025/1213
f 3965/3025/1213 3774/3067/1229 3772/3068/1230
f 3965/3025/1213 3772/3068/1230 3966/3027/1215
f 3966/3027/1215 3772/3068/1230 3770/3069/1216
f 3966/3027/1215 3770/3069/1216 3967/3029/1217
f 3967/3029/1217 3770/3069/1216 3768/3070/1218
f 3967/3029/1217 3768/3070/1218 3968/3031/1219
f 3968/3031/1219 3768/3070/1218 3766/3071/1220
f 3968/3031/1219 3766/3071/1220 3969/3033/1221
f 3969/3033/1221 3766/3071/1220 3764/3072/1222
f 3969/3033/1221 3764/3072/1222 3970/3035/1223
f 3970/3035/1223 3764/3072/1222 3762/3063/1226
f 3962/3018/1209 3943/3020/1208 3961/3016/1207
f 3961/3016/1207 3943/3020/1208 3945/3047/1231
f 3961/3016/1207 3945/3047/1231 3960/3014/1205
f 3960/3014/1205 3945/3047/1231 3948/3048/1232
f 3960/3014/1205 3948/3048/1232 3959/3012/1203
f 3959/3012/1203 3948/3048/1232 3951/3049/1202
f 3959/3012/1203 3951/3049/1202 3958/3010/1201
f 3958/3010/1201 3951/3049/1202 3953/3050/1233
f 3958/3010/1201 3953/3050/1233 3956/3008/1199
f 3956/3008/1199 3953/3050/1233 3955/3051/1234
f 3956/3008/1199 3955/3051/1234 3957/3006/1197
f 3957/3006/1197 3955/3051/1234 3919/3004/1196
s 0
f 3923/2999/1225 3760/3000/1225 3974/3001/1225
f 3974/3001/1225 3760/3000/1225 3756/3073/1225
f 3974/3001/1225 3756/3073/1225 3972/3074/1225
f 3972/3074/1225 3923/2999/1225 3974/3001/1225
f 3973/2999/1235 3757/3000/1235 3980/3001/1235
f 3980/3001/1235 3757/3000/1235 3753/3075/1235
f 3979/3001/1236 3752/3075/1236 3976/3076/1236
f 3977/3076/1236 3973/2999/1236 3980/3001/1236
s 1
f 3978/3004/1235 3751/3077/1236 4015/3006/1237
f 4015/3006/1237 3751/3077/1236 3749/3078/1238
f 4015/3006/1237 3749/3078/1238 4014/3008/1239
f 4014/3008/1239 3749/3078/1238 3747/3079/1240
f 4014/3008/1239 3747/3079/1240 4016/3010/1241
f 4016/3010/1241 3747/3079/1240 3744/3080/1242
f 4016/3010/1241 3744/3080/1242 4017/3012/1243
f 4017/3012/1243 3744/3080/1242 3742/3081/1244
f 4017/3012/1243 3742/3081/1244 4018/3014/1245
f 4018/3014/1245 3742/3081/1244 3739/3082/1246
f 4018/3014/1245 3739/3082/1246 4019/3016/1247
f 4019/3016/1247 3739/3082/1246 3737/3083/1248
f 4019/3016/1247 3737/3083/1248 4020/3018/1249
f 4020/3018/1249 3737/3083/1248 4021/3019/1250
f 4020/3018/1249 4021/3019/1250 4003/3020/1248
f 4003/3020/1248 4021/3019/1250 4001/3021/1251
f 4001/3021/1251 4021/3019/1250 4022/3022/782
f 4001/3021/1251 4022/3022/782 3998/3023/782
f 3998/3023/782 4022/3022/782 3997/3024/1252
f 3997/3024/1252 4022/3022/782 4023/3025/1253
f 3997/3024/1252 4023/3025/1253 3995/3026/1254
f 3995/3026/1254 4023/3025/1253 4024/3027/1255
f 3995/3026/1254 4024/3027/1255 3993/3028/1256
f 3993/3028/1256 4024/3027/1255 4025/3029/1257
f 3993/3028/1256 4025/3029/1257 3991/3030/1258
f 3991/3030/1258 4025/3029/1257 4026/3031/1259
f 3991/3030/1258 4026/3031/1259 3989/3032/1260
f 3989/3032/1260 4026/3031/1259 4027/3033/1261
f 3989/3032/1260 4027/3033/1261 3987/3034/1262
f 3987/3034/1262 4027/3033/1261 4028/3035/1263
f 3987/3034/1262 4028/3035/1263 3985/3036/1264
f 3985/3036/1264 4028/3035/1263 3982/2855/1265
f 3982/2855/1265 4028/3035/1263 3716/3084/1264
f 3982/2855/1265 3716/3084/1264 3713/3085/1265
f 3737/3083/1248 3735/3086/1266 4021/3019/1250
f 4021/3019/1250 3735/3086/1266 4022/3022/782
f 3735/3086/1266 3730/3087/782 4022/3022/782
f 4022/3022/782 3730/3087/782 3729/3088/1252
f 4022/3022/782 3729/3088/1252 4023/3025/1253
f 4023/3025/1253 3729/3088/1252 3727/3089/1267
f 4023/3025/1253 3727/3089/1267 4024/3027/1255
f 4024/3027/1255 3727/3089/1267 3725/3090/1256
f 4024/3027/1255 3725/3090/1256 4025/3029/1257
f 4025/3029/1257 3725/3090/1256 3722/3091/1268
f 4025/3029/1257 3722/3091/1268 4026/3031/1259
f 4026/3031/1259 3722/3091/1268 3720/3092/1260
f 4026/3031/1259 3720/3092/1260 4027/3033/1261
f 4027/3033/1261 3720/3092/1260 3718/3093/1269
f 4027/3033/1261 3718/3093/1269 4028/3035/1263
f 4028/3035/1263 3718/3093/1269 3716/3084/1264
f 4020/3018/1249 4003/3020/1248 4019/3016/1247
f 4019/3016/1247 4003/3020/1248 4005/3047/1270
f 4019/3016/1247 4005/3047/1270 4018/3014/1245
f 4018/3014/1245 4005/3047/1270 4007/3048/1244
f 4018/3014/1245 4007/3048/1244 4017/3012/1243
f 4017/3012/1243 4007/3048/1244 4009/3049/1271
f 4017/3012/1243 4009/3049/1271 4016/3010/1241
f 4016/3010/1241 4009/3049/1271 4011/3050/1272
f 4016/3010/1241 4011/3050/1272 4014/3008/1239
f 4014/3008/1239 4011/3050/1272 4013/3051/1273
f 4014/3008/1239 4013/3051/1273 4015/3006/1237
f 4015/3006/1237 4013/3051/1273 3978/3004/1235
s 0
f 3983/2999/1274 3714/3000/1274 4032/3001/1274
f 4032/3001/1274 3714/3000/1274 3711/3094/1274
f 4032/3001/1274 3711/3094/1274 4031/3095/1274
f 4031/3095/1274 3983/2999/1274 4032/3001/1274
f 4030/2999/1275 3710/3000/1275 4036/3001/1275
f 4036/3001/1275 3710/3000/1275 3708/3096/1275
f 4036/3001/1276 3708/3096/1276 4034/3097/1276
s 1
f 4034/3097/1275 4030/2999/1275 4036/3001/1275
f 4035/3004/1277 3707/3098/1277 4073/3006/1253
f 4073/3006/1253 3707/3098/1277 3704/3099/1278
f 4073/3006/1253 3704/3099/1278 4072/3008/1279
f 4072/3008/1279 3704/3099/1278 3701/3100/1280
f 4072/3008/1279 3701/3100/1280 4074/3010/1281
f 4074/3010/1281 3701/3100/1280 3699/3101/1282
f 4074/3010/1281 3699/3101/1282 4075/3012/1283
f 4075/3012/1283 3699/3101/1282 3697/3102/1284
f 4075/3012/1283 3697/3102/1284 4076/3014/1285
f 4076/3014/1285 3697/3102/1284 3692/3103/1286
f 4076/3014/1285 3692/3103/1286 4077/3016/1287
f 4077/3016/1287 3692/3103/1286 3691/3104/1288
f 4077/3016/1287 3691/3104/1288 4078/3018/1289
f 4078/3018/1289 3691/3104/1288 4079/3019/1290
f 4078/3018/1289 4079/3019/1290 4061/3020/1291
f 4061/3020/1291 4079/3019/1290 4059/3021/1292
f 4059/3021/1292 4079/3019/1290 4080/3022/675
f 4059/3021/1292 4080/3022/675 4056/3023/675
f 4056/3023/675 4080/3022/675 4053/3024/1293
f 4053/3024/1293 4080/3022/675 4081/3025/1156
f 4053/3024/1293 4081/3025/1156 4051/3026/1294
f 4051/3026/1294 4081/3025/1156 4082/3027/1295
f 4051/3026/1294 4082/3027/1295 4049/3028/1296
f 4049/3028/1296 4082/3027/1295 4083/3029/1297
f 4049/3028/1296 4083/3029/1297 4047/3030/1298
f 4047/3030/1298 4083/3029/1297 4084/3031/1299
f 4047/3030/1298 4084/3031/1299 4045/3032/1300
f 4045/3032/1300 4084/3031/1299 4085/3033/1301
f 4045/3032/1300 4085/3033/1301 4043/3034/1302
f 4043/3034/1302 4085/3033/1301 4086/3035/1303
f 4043/3034/1302 4086/3035/1303 4041/3036/1304
f 4041/3036/1304 4086/3035/1303 4038/2855/1305
f 4038/2855/1305 4086/3035/1303 3672/3105/1306
f 4038/2855/1305 3672/3105/1306 3669/3106/1305
f 3691/3104/1288 3688/3107/1307 4079/3019/1290
f 4079/3019/1290 3688/3107/1307 4080/3022/675
f 3688/3107/1307 3686/3108/675 4080/3022/675
f 4080/3022/675 3686/3108/675 3684/3109/1308
f 4080/3022/675 3684/3109/1308 4081/3025/1156
f 4081/3025/1156 3684/3109/1308 3682/3110/1309
f 4081/3025/1156 3682/3110/1309 4082/3027/1295
f 4082/3027/1295 3682/3110/1309 3680/3111/1296
f 4082/3027/1295 3680/3111/1296 4083/3029/1297
f 4083/3029/1297 3680/3111/1296 3678/3112/1298
f 4083/3029/1297 3678/3112/1298 4084/3031/1299
f 4084/3031/1299 3678/3112/1298 3676/3113/1300
f 4084/3031/1299 3676/3113/1300 4085/3033/1301
f 4085/3033/1301 3676/3113/1300 3674/3114/1302
f 4085/3033/1301 3674/3114/1302 4086/3035/1303
f 4086/3035/1303 3674/3114/1302 3672/3105/1306
f 4078/3018/1289 4061/3020/1291 4077/3016/1287
f 4077/3016/1287 4061/3020/1291 4063/3047/1310
f 4077/3016/1287 4063/3047/1310 4076/3014/1285
f 4076/3014/1285 4063/3047/1310 4065/3048/1284
f 4076/3014/1285 4065/3048/1284 4075/3012/1283
f 4075/3012/1283 4065/3048/1284 4067/3049/1282
f 4075/3012/1283 4067/3049/1282 4074/3010/1281
f 4074/3010/1281 4067/3049/1282 4069/3050/1311
f 4074/3010/1281 4069/3050/1311 4072/3008/1279
f 4072/3008/1279 4069/3050/1311 4071/3051/1278
f 4072/3008/1279 4071/3051/1278 4073/3006/1253
f 4073/3006/1253 4071/3051/1278 4035/3004/1277
s 0
f 4039/2999/1305 3670/3000/1305 4087/3001/1305
f 4087/3001/1305 3670/3000/1305 3666/3115/1305
f 4087/3001/1305 3666/3115/1305 3862/3116/1305
f 3862/3116/1305 4039/2999/1305 4087/3001/1305
f 3861/2876/833 3350/3117/833 4037/2871/833
f 4037/2871/833 3350/3117/833 3348/3118/833
f 4037/2871/833 3348/3118/833 4040/2872/833
f 4040/2872/833 3348/3118/833 3346/3119/833
f 4040/2872/833 3346/3119/833 4042/2906/833
f 4042/2906/833 3346/3119/833 4044/2907/833
f 4044/2907/833 3346/3119/833 4046/2908/833
f 4046/2908/833 3346/3119/833 4048/2909/833
f 4048/2909/833 3346/3119/833 3343/3120/833
f 4048/2909/833 3343/3120/833 4050/2910/833
f 4050/2910/833 3343/3120/833 4052/2911/833
f 4052/2911/833 3343/3120/833 4054/2912/833
f 4055/2912/835 3344/3120/835 4058/2913/835
f 4057/2913/833 3343/3120/833 3341/3121/833
f 4057/2913/833 3341/3121/833 4060/2914/833
f 4060/2914/833 3341/3121/833 4062/2915/833
f 4062/2915/833 3341/3121/833 4064/2870/833
f 4064/2870/833 3341/3121/833 4066/2916/833
f 4066/2916/833 3341/3121/833 3339/3122/833
f 4066/2916/833 3339/3122/833 4068/2917/833
f 4068/2917/833 3339/3122/833 4070/2918/833
f 4070/2918/834 3339/3122/834 4033/2868/834
f 4033/2868/833 3339/3122/833 3337/3123/833
f 4033/2868/833 3337/3123/833 3335/3124/833
f 3858/2881/833 3354/3125/833 3861/2876/833
f 3861/2876/833 3354/3125/833 3352/3126/833
f 3861/2876/833 3352/3126/833 3350/3117/833
f 3896/2955/833 3358/3127/833 3858/2881/833
f 3858/2881/833 3358/3127/833 3356/3128/833
f 3858/2881/833 3356/3128/833 3354/3125/833
f 3896/2955/833 3894/2954/833 3358/3127/833
f 3358/3127/833 3894/2954/833 3892/2953/833
f 3358/3127/833 3892/2953/833 3360/3129/833
f 3360/3129/833 3892/2953/833 3890/2882/833
f 3360/3129/833 3890/2882/833 3888/2952/833
f 3888/2952/833 3886/2951/833 3360/3129/833
f 3360/3129/833 3886/2951/833 3362/3130/833
f 3362/3130/833 3886/2951/833 3884/2950/833
f 3362/3130/833 3884/2950/833 3882/2949/833
f 3882/2949/833 3880/2948/833 3362/3130/833
f 3362/3130/833 3880/2948/833 3878/2947/833
f 3362/3130/833 3878/2947/833 3364/3131/833
f 3364/3131/833 3878/2947/833 3876/2946/833
f 3364/3131/833 3876/2946/833 3874/2945/833
f 3874/2945/833 3872/2944/833 3364/3131/833
f 3364/3131/833 3872/2944/833 3870/2943/833
f 3364/3131/833 3870/2943/833 3366/3132/833
f 3366/3132/833 3870/2943/833 3868/2884/833
f 3366/3132/833 3868/2884/833 3865/2883/833
f 3913/2888/833 3370/3133/833 3865/2883/833
f 3865/2883/833 3370/3133/833 3368/3134/833
f 3865/2883/833 3368/3134/833 3366/3132/833
f 3917/2893/833 3374/3135/833 3913/2888/833
f 3913/2888/833 3374/3135/833 3372/3136/833
f 3913/2888/833 3372/3136/833 3370/3133/833
f 3374/3135/833 3917/2893/833 3376/3137/833
f 3376/3137/833 3917/2893/833 3954/2942/833
f 3376/3137/833 3954/2942/833 3952/2941/833
f 3376/3137/833 3952/2941/833 3378/3138/833
f 3378/3138/833 3952/2941/833 3949/2940/833
f 3378/3138/833 3949/2940/833 4088/3139/833
f 4089/3139/835 3950/2940/835 3947/2895/835
f 4088/3139/833 3946/2895/833 3944/2939/833
f 3944/2939/833 3942/2938/833 4088/3139/833
f 4088/3139/833 3942/2938/833 3380/3140/833
f 4088/3139/833 3380/3140/833 3378/3138/833
f 3942/2938/833 3940/2937/833 3380/3140/833
f 3380/3140/833 3940/2937/833 3938/2936/833
f 3380/3140/833 3938/2936/833 3936/2935/833
f 3380/3140/833 3936/2935/833 3283/3141/833
f 3283/3141/833 3936/2935/833 3934/2934/833
f 3283/3141/833 3934/2934/833 3932/2933/833
f 3932/2933/833 3930/2932/833 3283/3141/833
f 3283/3141/833 3930/2932/833 3928/2931/833
f 3283/3141/833 3928/2931/833 3926/2930/833
f 3924/2897/833 3011/3142/833 3926/2930/833
f 3926/2930/833 3011/3142/833 3304/3143/833
f 3926/2930/833 3304/3143/833 3283/3141/833
f 3283/3141/833 3304/3143/833 3302/3144/833
f 3283/3141/833 3302/3144/833 3300/3145/833
f 3924/2897/833 3921/2896/833 3011/3142/833
f 3011/3142/833 3921/2896/833 3014/3146/833
f 3014/3146/833 3921/2896/833 3971/2901/833
f 3014/3146/833 3971/2901/833 3231/3147/833
f 3231/3147/833 3971/2901/833 3975/2857/833
f 3231/3147/833 3975/2857/833 3319/3148/833
f 3319/3148/833 3975/2857/833 4012/2858/833
f 3319/3148/833 4012/2858/833 3321/3149/833
f 3321/3149/833 4012/2858/833 4010/2859/833
f 3321/3149/833 4010/2859/833 4008/2860/833
f 4008/2860/833 4006/2856/833 3321/3149/833
f 3321/3149/833 4006/2856/833 4004/2924/833
f 3321/3149/833 4004/2924/833 3323/3150/833
f 3323/3150/833 4004/2924/833 4002/2925/833
f 3323/3150/833 4002/2925/833 4000/2926/833
f 4000/2926/833 3999/2927/833 3323/3150/833
f 3323/3150/833 3999/2927/833 3325/3151/833
f 3325/3151/833 3999/2927/833 3996/2928/833
f 3325/3151/833 3996/2928/833 3994/2929/833
f 3994/2929/833 3992/2923/833 3325/3151/833
f 3325/3151/833 3992/2923/833 3990/2922/833
f 3325/3151/833 3990/2922/833 3327/3152/833
f 3327/3152/833 3990/2922/833 3988/2921/833
f 3327/3152/833 3988/2921/833 3986/2920/833
f 3986/2920/833 3984/2919/833 3327/3152/833
f 3327/3152/833 3984/2919/833 3329/3153/833
f 3329/3153/833 3984/2919/833 3981/2854/833
f 3329/3153/833 3981/2854/833 3331/3154/833
f 3331/3154/833 3981/2854/833 4029/2863/833
f 3331/3154/833 4029/2863/833 3333/3155/833
f 3333/3155/833 4029/2863/833 3335/3124/833
f 3335/3124/833 4029/2863/833 4033/2868/833
f 3287/3156/833 3283/3141/833 3290/3157/833
f 3291/3157/835 3284/3141/835 3294/3158/835
f 3293/3158/833 3283/3141/833 3296/3159/833
f 3296/3159/833 3283/3141/833 3298/3160/833
f 3298/3160/833 3283/3141/833 3300/3145/833
f 3026/3161/833 3024/3162/833 3231/3147/833
f 3231/3147/833 3024/3162/833 3022/3163/833
f 3231/3147/833 3022/3163/833 3020/3164/833
f 3020/3164/833 3016/3165/833 3231/3147/833
f 3231/3147/833 3016/3165/833 3014/3146/833
